mutant,function_score
A5T,-0.08783819699999999
A5P,-0.892859053
A5S,-0.261440554
A5D,0.132687421
A5V,0.3140798
A5G,-0.591609275
A5A,-0.145064465667
L6V,0.163586304
L6I,-0.114585699
L6F,-0.180958273
L6H,-0.038196846
L6R,-0.195369135
L6P,0.32695251
L6L,-0.0255494796667
R7G,-0.311500807
R7C,-0.1488671
R7S,-0.9215916740000001
R7H,-0.539420688
R7P,-0.192425586
R7L,-0.016458552
R7R,-0.0593178976667
V8L,-0.448267493
V8F,-0.5692268070000001
V8I,-0.5609186629999999
V8G,-0.31228933
V8A,0.223406497
V8D,-1.121675899
V8V,-0.0671446793333
E9Q,-0.292376185
E9K,-0.649333464
E9G,-0.145407855
E9V,-0.252637874
E9A,0.236742529
E9D,-0.129703625
E9D,-0.129703625
E9E,-0.200679811
E10K,-0.7696158790000001
E10Q,-0.40328654
E10G,-0.183632895
E10V,-0.8519031690000001
E10A,-0.03190067799999999
E10D,0.010448555
E10E,-0.308519546
E10D,0.010448555
V11I,-0.313424946
V11L,-1.168016659
V11L,-1.168016659
V11G,-2.47449709
V11E,-2.204882746
V11A,-0.126650277
V11V,0.0800116303333
Q12K,0.078566622
Q12E,-0.387357109
Q12L,0.119074367
Q12P,-2.184754753
Q12R,0.313648739
Q12H,0.031162794
Q12Q,-0.113496939
Q12H,0.031162794
N13Y,-0.50402904
N13D,0.316276816
N13H,0.155809001
N13I,-0.578107177
N13S,-0.072016385
N13T,0.171094586
N13K,-0.04187113
N13K,-0.04187113
N13N,-0.108512374
V14L,-0.548239955
V14F,-1.431762196
V14I,-0.006564323
V14A,0.062406303
V14G,-1.861215052
V14D,-1.233904887
V14V,-0.248120324
I15L,0.082683159
I15V,-0.580415865
I15F,-1.320409483
I15S,-1.834711354
I15N,-2.633053429
I15T,-2.096972571
I15M,-0.638691853
I15I,0.184723186
M1V,-2.025644729
M1L,-2.516529373
M1L,-2.516529373
M1T,-1.656569077
M1R,-2.481579555
M1K,-1.636700457
M1I,-2.502128233
M1I,-2.502128233
M1I,-2.502128233
D2H,-1.473830806
D2N,-0.682954463
D2Y,-0.256094696
D2A,-0.180781768
D2G,-1.017827978
D2V,-1.159498021
D2E,0.088695985
D2E,0.088695985
D2D,-0.098318749
L3V,-0.050045929
L3L,0.09688380099999999
L3I,0.021900501
L3S,-0.066456403
L3F,-0.341922832
L3F,-0.341922832
S4A,0.07369129099999999
S4T,0.037639503
S4P,-0.330095865
S4C,-0.245299044
S4Y,-0.255390244
S4F,-0.49523871
N16D,-0.172551303
N16Y,-0.353923267
N16H,-0.140590293
N16S,-0.333605413
N16I,0.510672527
N16T,0.14842158
N16N,0.063431049
N16K,0.061939542
N16K,0.061939542
A17P,-2.879821738
A17S,0.24499554
A17T,-0.329703976
A17G,-0.180847973
A17D,0.09080706699999999
A17V,-0.677930245
A17A,0.130233976667
M18L,-0.056789045
M18L,-0.056789045
M18V,-0.947284908
M18R,-2.445988084
M18T,-1.887430163
M18K,-2.390480695
M18I,-0.160921305
M18I,-0.160921305
M18I,-0.160921305
Q19K,-0.308824721
Q19E,-0.170930864
Q19L,-0.017068918
Q19P,-2.169057841
Q19R,0.05029889799999999
Q19H,-0.194105101
Q19H,-0.194105101
Q19Q,-0.117545479
K20E,-0.419304747
K20Q,-0.780493804
K20T,-0.222575795
K20R,-0.076775943
K20I,-0.207838345
K20N,-0.340886803
K20N,-0.340886803
K20K,0.119817298
I21L,0.244697521
I21F,-0.432698516
I21V,-0.147346078
I21S,0.202374414
I21T,0.072621292
I21N,-0.21546298
I21I,-1.091969556
I21M,-0.527949051
L22V,-0.263422079
L22I,-0.625778259
L22L,0.333624484
L22S,-2.106675789
L22F,-0.7019804359999999
L22F,-0.7019804359999999
E23Q,0.25264145
E23K,-0.342968971
E23G,-0.84338501
E23V,0.135861257
E23A,-0.608742916
E23D,-0.873206893
E23E,-0.13816123
E23D,-0.873206893
C24R,-2.785239979
C24G,-2.315087279
C24S,-1.880327056
C24F,-1.278273799
C24S,-1.880327056
C24Y,-2.14268376
C24C,0.263497776
C24W,-2.735910855
P25S,0.05285083400000001
P25A,0.437601909
P25T,-0.194290415
P25L,-1.660835719
P25R,-0.202953505
I26L,-0.834112338
I26V,-0.010268963
I26T,-1.907673843
I26N,-1.987543455
I26S,-1.096629497
I26M,0.075930661
C27S,-1.604749602
C27G,-2.374209472
C27R,-1.959356754
C27F,-2.580124399
C27Y,-1.888262433
C27S,-1.604749602
C27W,-1.922890359
L28M,-0.559160153
L28V,-0.7289596340000001
L28R,-0.06628091400000001
L28P,-1.643605819
L28Q,-0.333171449
L28L,-0.222293909333
E29K,-0.645511679
E29Q,0.132155295
E29A,-0.053629647
E29G,-0.286648662
E29V,-0.260086526
E29D,-0.235879028
E29E,-0.141286741
E29D,-0.235879028
L30V,-0.047369437
L30M,0.284766431
L30L,-0.037556058
L30S,0.060109119
L30W,-0.295743493
L30F,-0.09595752800000001
L30F,-0.09595752800000001
I31L,-0.061783127
I31V,0.17125318
I31F,0.266900903
I31S,-0.031236589
I31T,-0.133781446
I31N,-0.828223479
I31M,-0.631893112
I31I,-0.470557423
K32E,-0.08777441
K32Q,0.09843393
K32R,0.24921883
K32M,-0.307423532
K32T,0.118786034
K32K,-0.04220905599999999
K32N,-0.091513546
K32N,-0.091513546
E33Q,-0.265285716
E33K,-0.412088921
E33A,-0.362577559
E33V,-0.019770258
E33G,-0.944338479
E33E,0.282275855
E33D,0.235621951
E33D,0.235621951
P34T,-1.184000476
P34S,-1.6239024
P34A,-0.14448556
P34H,-2.839964354
P34R,-2.043268182
P34L,-1.867931438
P34P,-0.158493215333
V35I,-0.337374626
V35F,-1.23552836
V35L,-0.7844899259999999
V35G,-2.111132312
V35D,-2.398558825
V35A,-1.441762887
V35V,-0.076129347
S36T,-0.09483745800000001
S36A,0.067965073
T37S,-0.080738999
T37A,0.114420378
T37P,-0.368808462
T37R,-2.485527396
T37I,-0.84183045
T37K,-2.49352324
T37T,0.08832841599999999
K38E,-0.059168364
K38Q,0.044227473
K38M,-0.271030936
K38R,-0.187628557
K38T,0.038121997
K38K,-0.290726688
K38N,-0.122152503
K38N,-0.122152503
C39G,-2.224219502
C39R,-2.403609049
C39S,-2.234923116
C39F,-2.320923141
C39Y,-2.658239614
C39S,-2.234923116
C39C,0.069271581
C39W,-2.534430214
D40Y,-0.376938578
D40N,-0.080203363
D40H,-0.28111257
D40V,-0.5014125220000001
D40A,-0.119215796
D40G,0.197450868
D40E,0.000949463
D40E,0.000949463
D40D,0.103513701
H41Y,-2.022331753
H41N,-2.290756756
H41D,-2.141742735
H41P,-2.559817026
H41R,-2.077957073
H41L,-1.775323475
H41H,-0.108913454
H41Q,-2.226966151
H41Q,-2.226966151
I42L,0.07172618900000001
I42L,0.07172618900000001
I42V,0.109884311
I42R,-0.550860609
I42T,-0.075750561
I42K,-0.63648837
I42M,0.146633898
I42I,-0.1147127475
F43I,-1.165814315
F43L,-1.18188652
F43V,-1.038470474
F43Y,-0.221090144
F43C,-0.768825627
F43S,-1.240995022
F43L,-1.18188652
F43F,0.08786755800000001
F43L,-1.18188652
C44G,-2.532168237
C44R,-2.197828124
C44S,-2.267760544
C44S,-2.267760544
C44F,-2.542188514
C44Y,-2.397974078
C44W,-2.30701978
K45Q,-0.267722267
K45E,-0.634450234
K45T,-0.698344352
K45I,-2.435805825
K45R,-0.126505256
K45N,-0.591244043
K45N,-0.591244043
F46I,0.118018541
F46L,-0.520164144
F46V,-0.4005037970000001
F46Y,-0.354796574
F46S,0.242754195
F46C,0.138588779
F46F,-0.021505538
F46L,-0.520164144
F46L,-0.520164144
C47G,-2.435887658
C47R,-1.835296091
C47S,-1.927793944
C47Y,-1.677983341
C47S,-1.927793944
C47F,-1.960178757
C47W,-2.256689846
C47C,-0.022871896
M48L,-0.387238184
M48L,-0.387238184
M48V,-0.276021452
M48T,-0.063337848
M48K,-2.12489334
M48R,-2.883956896
M48I,-0.259442039
M48I,-0.259442039
M48I,-0.259442039
L49V,-0.873863087
L49L,-0.208204708
L49M,-0.518552505
L49P,-1.624518584
L49Q,-0.319246702
L49R,-0.6966700790000001
K50E,-0.591419465
K50Q,-0.289487269
K50T,0.4397899
K50R,0.134461517
K50I,0.126243712
K50N,-0.253562359
K50K,0.043161146
K50N,-0.253562359
L51F,-0.145244781
L51I,-0.321300496
L51V,-0.459830957
L51R,-0.334968955
L51P,-1.332848331
L51H,0.024377681
L51L,0.0973912426667
L52F,-0.164703074
L52I,-0.219703422
L52V,-0.105063688
L52P,-1.263547476
L52H,-1.017841257
L52R,-1.10919469
L52L,-0.366817206
N53Y,-0.3473967079999999
N53H,0.006497211
N53D,-0.52784335
N53S,0.00786607
N53T,-0.7616288440000001
N53I,-0.347808015
N53N,-0.466477354
N53K,-0.8033824709999999
N53K,-0.8033824709999999
Q54K,-0.6202013710000001
Q54E,-0.31400165
Q54L,-0.159398532
Q54P,-0.475637296
Q54R,-0.122193843
Q54Q,-0.308065086
Q54H,-0.179248267
Q54H,-0.179248267
K55E,0.038472736
K55Q,0.139050271
K55R,-0.04167302
K55T,0.113378349
K55M,-0.132292328
K55N,0.012762531
K55K,0.000881688
K55N,0.012762531
K56E,-0.093192678
K56Q,0.202923925
K56T,-0.082811859
K56I,0.141884635
K56R,-0.076559115
K56N,-0.08317074299999999
K56N,-0.08317074299999999
K56K,-0.072888798
G57R,-0.067253305
G57V,0.052949158
G57A,0.17074004
P58A,-0.064303467
P58T,-0.274594395
P58H,-1.468096572
P58R,0.191628628
P58L,0.03365898
P58P,0.0619168746667
S59P,-0.111088432
S59T,-0.007698412
S59A,0.122591621
S59L,-0.21669482
S59S,0.132554567333
Q60K,-0.343854366
Q60E,0.074680886
Q60R,0.175006538
Q60L,-0.040427194
Q60P,0.557264663
Q60H,-0.204028151
Q60H,-0.204028151
Q60Q,0.250657795
C61R,-1.327538227
C61G,-1.738348139
C61S,-2.065267107
C61S,-2.065267107
C61F,-1.937519013
C61Y,-1.488518298
C61W,-2.512010638
C61C,0.003100229
P62A,-0.625469855
P62S,-0.739621387
P62T,-1.067635152
P62L,-0.530946091
P62H,-0.753698183
P62R,-0.73045277
P62P,0.0987203596667
L63I,0.393837055
L63V,0.081514189
L63L,0.2333552095
L63S,0.049177735
L63F,-0.448007202
L63F,-0.448007202
C64G,-1.951135261
C64R,-1.691115997
C64S,-3.022206145
C64S,-3.022206145
C64F,-1.589460947
C64Y,-2.050298211
C64C,-0.065902402
C64W,-1.603799715
K65E,-0.010400926
K65Q,0.20349991
K65T,-0.084730438
K65M,0.195705359
K65R,0.186615867
K65K,-0.011029099
K65N,-0.266965752
K65N,-0.266965752
N66H,0.144133797
N66D,-0.117274997
N66Y,-1.769773114
N66S,0.020971639
N66I,0.354824787
N66T,0.157001707
N66K,0.331522622
N66N,0.191735962
N66K,0.331522622
D67Y,-0.080995005
D67H,-0.336806341
D67N,0.149696616
D67V,0.141412316
D67G,0.045656838
D67A,0.134788632
D67D,0.28378164
D67E,0.259751854
D67E,0.259751854
I68L,-0.051010401
I68L,-0.051010401
I68V,0.061827305
I68T,-0.318205181
I68K,-1.5354204
I68R,-1.754848242
I68I,-0.089956555
I68M,0.122549115
T69S,-0.201005026
T69A,-0.07847902799999999
T69P,-0.027454829
T69S,-0.201005026
T69N,0.153279184
T69I,-0.002860962
T69T,0.0242008993333
K70E,0.12420064
K70Q,-0.107747824
K70T,-0.301242803
K70I,-0.101003659
K70R,0.207178467
K70N,-1.590834635
K70N,-1.590834635
R71G,-1.49271759
R71W,-1.820527181
R71T,-2.02887065
R71K,-2.149339119
R71M,-1.717736029
R71S,-2.484551004
R71S,-2.484551004
S72C,-0.63904338
S72G,0.136704722
S72R,-0.542614319
S72T,0.143507753
S72N,-1.375164206
S72I,-1.013873924
S72R,-0.542614319
S72R,-0.542614319
S72S,0.415867158
L73L,-0.16373662125
L73V,-0.652753445
L73P,-0.652277126
L73Q,-1.94479994
L73R,-2.288564071
Q74K,-0.7761061340000001
Q74E,-0.6729321309999999
Q74L,-0.90038353
Q74R,-0.7349807970000001
Q74P,-0.690148414
Q74H,-0.175679582
Q74H,-0.175679582
E75K,-0.192425399
E75Q,-0.9728596890000001
E75G,-0.172499344
E75A,0.542069101
E75D,0.328566194
E75E,-0.059942675
E75D,0.328566194
S76R,-0.208763267
S76C,0.569152615
S76G,0.8449911859999999
S76N,-0.041297887
S76I,-0.789885622
S76T,-0.208435666
S76R,-0.208763267
S76S,-0.115325522
T77S,0.158595848
T77A,0.298169169
T77P,-0.631381944
T77R,-0.708556805
T77K,-0.224951977
T77M,-0.480636069
T77T,-0.752120725
R78G,-0.5115063120000001
R78R,-0.3400756575
R78T,-0.311143921
R78K,-0.59275878
R78I,-0.631862977
R78S,0.263859171
R78S,0.263859171
F79V,-0.6825456059999999
F79L,-0.5279333979999999
F79S,-0.648302225
F79Y,-0.129085695
F79C,-0.194974239
F79L,-0.5279333979999999
F79L,-0.5279333979999999
F79F,-0.435869713
S80C,-0.217631403
S80R,-0.9533672870000001
S80G,0.141974946
S80I,-1.408656287
S80N,-0.412347791
S80T,-0.068780385
S80S,-0.022196179
S80R,-0.9533672870000001
S80R,-0.9533672870000001
Q81K,-0.006917699999999999
Q81E,-0.964109618
Q81R,0.198078811
Q81L,-0.372554914
Q81P,-0.637299099
Q81Q,0.664720742
Q81H,-1.394269524
Q81H,-1.394269524
L82I,0.026348169
L82V,-0.788895725
L82F,-1.799486366
L82P,-3.451790641
L82H,-3.50091997
L82R,-2.50965929
L82L,-0.320516974
V83I,-0.093432181
V83L,-0.51531348
V83F,-1.744361529
V83D,-2.378611976
V83G,-0.020665491
V83V,0.066579602
E84Q,0.227577933
E84K,-1.415194053
E84A,-0.436156513
E84V,-1.578288971
E84G,0.09770082599999999
E84E,0.022958312
E84D,-0.35798056
E84D,-0.35798056
E85Q,0.596518164
E85K,-3.718221153
E85A,-0.437781654
E85V,-0.10097076
E85G,-1.455718827
E85D,-0.772470138
E85E,0.165827387
E85D,-0.772470138
L86V,-0.6056647479999999
L86L,-0.22831614025
L86I,-0.199917549
L86Q,-0.563689704
L86R,-3.3301168
L86P,-1.996445663
L87V,-0.334476342
L87L,-1.1732957295
L87M,-0.436587615
L87S,0.003656997
L87W,-0.218890293
L87F,-0.139688849
L87F,-0.139688849
K88E,0.223227494
K88Q,-0.404258963
K88R,-0.194855836
K88T,-0.110824205
K88N,-0.605310021
K88K,-0.555066745
K88N,-0.605310021
I89F,-0.3153345
I89L,-0.098323842
I89V,-0.849261953
I89S,-0.7681405259999999
I89T,0.53056219
I89N,-2.587206031
I89M,-0.275180331
I89I,0.082972983
I90F,-0.225198812
I90V,-0.07223059700000001
I90L,-0.68881955
I90S,-0.270302363
I90T,0.056908253
I90N,-1.134469042
I90M,-0.228945552
I90I,-0.2401945185
C91R,-0.330071694
C91S,-0.624507821
C91G,-0.716466545
C91F,-0.243291684
C91Y,0.036397735
C91S,-0.624507821
C91W,-0.847753322
C91C,-0.607694465
A92P,-3.043660468
A92T,-2.262486719
A92S,-0.580671009
A92V,-1.845833276
A92G,-1.296073339
A92D,-2.0817542
A92A,-0.137364706
F93I,-0.675617637
F93V,0.137378498
F93L,-1.236264415
F93C,-1.152479942
F93Y,0.390097776
F93S,-1.420758273
F93L,-1.236264415
F93F,-0.066304949
F93L,-1.236264415
Q94K,-0.195956095
Q94E,-0.11430514
Q94P,-1.202904473
Q94R,-0.001086415
Q94L,-1.863558142
Q94H,-0.439171236
Q94H,-0.439171236
Q94Q,-0.508034385
L95V,-1.123790308
L95I,-0.07921773900000001
L95F,-0.480312471
L95P,-3.271296621
L95H,-0.353218078
L95R,-0.202981727
L95L,-0.156805478
D96H,-2.562256457
D96N,-3.701162377
D96Y,-3.544097805
D96A,-3.070009359
D96V,-2.743403466
D96G,-3.002432117
D96E,-3.466547462
D96D,-0.310482961
D96E,-3.466547462
T97P,-2.517170851
T97S,-0.334099777
T97A,-0.7268205809999999
T97K,-1.279120177
T97I,-1.040134487
T97R,-1.023823585
T97T,-0.127568737667
G98C,-0.7931662420000001
G98R,-0.3784714870000001
G98S,-0.281335101
G98D,-0.390340916
G98V,-1.329269095
G98A,-0.389790135
G98G,-0.157288992667
L99V,-0.276943466
L99L,-0.222150725
E100D,-0.377925754
E100D,-0.377925754
Y101N,-0.674152759
Y101D,-0.385585877
