mutant,score
M1D,0.789916452
M1E,1.129087935
M1G,1.027709137
M1H,0.548608784
M1I,1.445211295
M1K,1.096014303
M1L,1.16905945
M1P,1.221816545
M1Q,1.223651367
M1R,1.017971656
M1S,0.9136190270000001
M1T,1.006009177
M1V,0.9223318640000001
M1W,0.996756951
D2A,0.808243171
D2C,1.223429082
D2E,1.174812071
D2F,0.515205328
D2G,0.937590927
D2H,
D2I,
D2K,1.084785751
D2L,0.852350663
D2M,
D2N,1.111542626
D2P,1.11403351
D2Q,0.842356019
D2R,0.934084853
D2S,0.8663985909999999
D2T,0.9945601999999999
D2V,0.779888151
D2W,0.7385983220000001
D2X,0.5587983
D2Y,0.8990534040000001
G3A,0.944194457
G3C,
G3D,1.00650104
G3E,1.055328408
G3F,0.636769206
G3G,0.947779587
G3H,1.244570622
G3I,
G3K,0.555535697
G3L,1.052449536
G3M,1.050880446
G3N,
G3P,1.099209514
G3Q,0.968545161
G3R,0.8769044559999999
G3S,1.100702562
G3T,1.131319456
G3V,1.016883108
G3W,1.0554427
G3X,0.671526126
G3Y,0.7882464370000001
T4A,1.111840708
T4C,0.845236808
T4D,1.110294558
T4E,0.991193818
T4F,0.872383432
T4G,1.063695172
T4H,1.27816368
T4I,0.626449005
T4K,0.916018441
T4L,0.844615459
T4M,1.135961332
T4N,1.160222734
T4P,1.095796075
T4Q,0.810267327
T4R,0.99706383
T4S,1.039891213
T4T,0.8479996059999999
T4V,0.9981640979999999
T4W,1.076415754
T4X,0.85945435
T4Y,1.22618198
R5A,0.9867614159999999
R5C,1.146627931
R5D,0.8150095159999999
R5E,1.286917777
R5F,0.75588103
R5G,1.123376621
R5H,1.146226989
R5I,0.9920969740000001
R5K,
R5L,0.9939431559999999
R5M,0.970281407
R5N,
R5P,0.750033191
R5Q,0.766555586
R5R,1.073394958
R5S,1.032056184
R5T,1.025101117
R5V,1.115770995
R5W,1.193663805
R5X,0.765653723
R5Y,0.988696742
T6A,1.404595551
T6C,0.814807671
T6D,0.9521572970000001
T6E,1.03025981
T6F,
T6G,0.823877236
T6H,0.445030332
T6I,1.014649994
T6K,1.383740803
T6L,0.863739319
T6M,0.836727186
T6N,1.120216357
T6P,
T6Q,0.530519917
T6R,0.717963136
T6S,1.112472414
T6T,0.907648833
T6V,1.077728431
T6W,1.062977145
T6X,0.476333409
T6Y,0.8259001290000001
S7A,0.3793843670000001
S7C,1.165574455
S7D,
S7E,1.156909559
S7F,
S7G,1.121699061
S7H,0.55383007
S7I,0.95742015
S7K,
S7L,0.834382145
S7M,1.025803012
S7N,
S7P,0.79261618
S7Q,1.116922225
S7R,1.017412893
S7S,0.7778174240000001
S7T,0.9201028929999999
S7V,0.799568576
S7W,0.97388941
S7X,
S7Y,
L8A,1.245869972
L8C,1.109789884
L8D,1.364607351
L8E,1.044629502
L8F,1.223539595
L8G,0.9851881309999999
L8H,
L8I,1.265702316
L8K,0.874952452
L8L,1.082406756
L8M,1.349314694
L8N,
L8P,0.8641546729999999
L8Q,0.539773921
L8R,0.990097253
L8S,0.964763596
L8T,0.8522075990000001
L8V,0.819836681
L8W,0.781111708
L8X,0.8501672379999999
L8Y,0.7380970570000001
D9A,1.083776933
D9C,
D9D,0.931915561
D9E,0.8844654740000001
D9F,0.9428317970000001
D9G,1.009340411
D9H,1.242138656
D9I,
D9K,
D9L,
D9M,0.666756555
D9N,0.86483246
D9P,1.198309724
D9Q,0.404454039
D9R,0.6843415290000001
D9S,0.713911815
D9T,0.972165385
D9V,1.020823914
D9W,0.712838263
D9X,0.814209072
D9Y,
I10A,0.948816835
I10C,0.955608908
I10D,
I10E,1.18201871
I10F,1.170357021
I10G,0.878360637
I10H,
I10K,1.119888501
I10L,0.941554573
I10M,0.971701513
I10N,0.77676275
I10P,
I10Q,1.150076512
I10R,0.9643973920000001
I10S,0.9113730659999999
I10T,1.278667865
I10V,0.945323914
I10W,0.912350705
I10X,0.7416616420000001
I10Y,1.003540933
E11A,
E11C,1.055227857
E11D,1.425389787
E11E,1.081634868
E11F,0.7530434229999999
E11G,0.849113973
E11H,1.004314471
E11I,1.133393673
E11K,1.029701058
E11L,0.479140782
E11M,0.490196218
E11N,
E11P,1.024323292
E11Q,
E11R,0.940939435
E11S,0.9400619640000001
E11T,0.692668391
E11V,0.705454768
E11W,0.978110603
E11X,
E11Y,1.096146755
E12A,1.004190951
E12C,0.955201691
E12D,1.040738356
E12F,1.05570023
E12G,0.797700538
E12H,0.991564964
E12I,0.766120703
E12K,0.485920233
E12L,0.7063309790000001
E12M,0.9876533270000001
E12N,
E12P,0.374283132
E12Q,1.225905385
E12R,0.940363855
E12S,0.920995177
E12T,0.931838685
E12V,0.7530988209999999
E12W,0.929400529
E12X,0.715544017
E12Y,0.424600642
Y13A,0.973497265
Y13C,0.993951137
Y13D,
Y13E,0.971091413
Y13F,1.252296806
Y13G,0.86878033
Y13H,0.95493185
Y13I,1.222325685
Y13K,0.8914176070000001
Y13L,0.8443208959999999
Y13M,1.131048464
Y13N,1.087901725
Y13P,
Y13Q,0.789661545
Y13R,0.819376642
Y13S,1.077481184
Y13T,1.075691458
Y13V,0.977310377
Y13W,0.963960571
Y13X,0.4288450170000001
Y13Y,1.114081633
S14A,0.852268611
S14C,1.213452613
S14D,
S14E,0.779724855
S14F,1.234926979
S14G,1.068772089
S14H,
S14I,
S14K,1.107668403
S14L,0.950032353
S14M,0.82624065
S14N,1.308561046
S14P,
S14Q,0.577106443
S14R,1.228262377
S14S,1.024077858
S14T,0.8111498859999999
S14V,0.8354723359999999
S14W,0.816597421
S14X,
S14Y,
D15A,0.9232985159999999
D15C,0.77989382
D15E,0.798273169
D15F,0.881853048
D15G,0.863450385
D15H,1.462417476
D15I,
D15K,0.8593440290000001
D15L,1.023226163
D15M,1.069194385
D15N,0.813771155
D15P,1.017157606
D15Q,1.312265234
D15R,1.009818822
D15S,1.104260884
D15T,1.095229463
D15V,0.9743569440000001
D15W,0.727415183
D15X,0.760837845
D15Y,
T16A,1.025208528
T16C,0.204632596
T16D,0.7528860070000001
T16E,1.095256647
T16F,1.107622072
T16G,1.062996367
T16H,0.6899094809999999
T16I,0.9091888029999999
T16K,
T16L,1.032835338
T16M,1.131893563
T16N,0.92941474
T16P,0.564553769
T16Q,
T16R,0.994622618
T16S,
T16T,0.875202235
T16V,0.8633915959999999
T16W,1.176319137
T16X,0.6779040620000001
T16Y,0.772134175
E17A,0.95765827
E17C,
E17D,
E17F,
E17G,1.206345261
E17H,
E17I,
E17K,0.831333448
E17L,0.944622576
E17M,1.013998868
E17N,
E17P,0.762128556
E17Q,1.048109884
E17R,0.931564616
E17S,0.906456516
E17T,0.759770973
E17V,0.906576789
E17W,0.937526975
E17X,0.645159575
E17Y,
V18A,0.986342167
V18C,
V18D,
V18E,1.223015826
V18F,
V18G,0.985312924
V18H,
V18I,
V18K,0.4021267079999999
V18L,1.033329465
V18M,1.035475042
V18N,
V18P,0.966622318
V18Q,0.768273897
V18R,0.904721395
V18S,0.9429216140000001
V18T,0.9277978659999999
V18V,0.959097698
V18W,0.898697888
V18X,0.642660217
V18Y,
Q19A,
Q19C,
Q19D,
Q19E,
Q19F,
Q19G,0.200200621
Q19H,
Q19I,
Q19K,
Q19L,
Q19M,
Q19N,
Q19P,
Q19R,0.361821698
Q19S,0.7401198609999999
Q19T,0.896279908
Q19V,0.70002896
Q19W,
Q19X,
Q19Y,
K20A,0.894405633
K20C,1.052259092
K20D,0.716512782
K20E,0.8622296979999999
K20F,1.040875323
K20G,0.9717503209999999
K20H,
K20I,0.675371174
K20K,1.106543424
K20L,1.051137275
K20M,1.169522335
K20N,
K20P,0.898011067
K20Q,1.229979855
K20R,0.7959980940000001
K20S,1.222914916
K20T,1.180128109
K20V,0.991263255
K20W,0.9630808279999999
K20X,0.787984954
K20Y,1.144481403
N21A,1.127890062
N21C,1.075261353
N21D,1.074466121
N21E,1.022781804
N21F,
N21G,0.900320349
N21H,
N21I,
N21K,
N21L,1.074666138
N21M,1.104490385
N21N,1.262404049
N21P,
N21Q,1.306211226
N21R,0.8555740359999999
N21S,
N21T,0.9861415109999999
N21V,1.064508875
N21W,0.9732120390000001
N21X,0.67680003
N21Y,
Q22A,0.6259329229999999
Q22C,1.111121913
Q22D,1.250864522
Q22E,1.008610971
Q22F,0.934865825
Q22G,0.9527675290000001
Q22H,
Q22I,1.060553417
Q22K,0.974841704
Q22L,0.555977519
Q22M,1.245965389
Q22N,1.364182036
Q22P,0.697073142
Q22Q,1.091347059
Q22R,1.210678065
Q22S,1.217282799
Q22T,0.703494895
Q22V,0.997506384
Q22W,0.5127557629999999
Q22X,0.859358532
Q22Y,0.80175781
V23A,1.053308471
V23C,1.038614792
V23D,0.619669784
V23E,
V23F,0.9702639999999999
V23G,0.98901627
V23H,0.9926077179999999
V23I,
V23K,0.787548647
V23L,1.092308294
V23M,1.028123763
V23N,1.252142648
V23P,1.094753408
V23Q,
V23R,1.037607341
V23S,1.000400108
V23T,0.910047954
V23V,0.988081487
V23W,0.933443337
V23X,0.9953074670000001
V23Y,1.100423533
L24A,0.967429185
L24C,1.116922933
L24D,0.624557798
L24E,0.806856463
L24F,1.047551745
L24G,0.699942763
L24H,0.813101712
L24I,1.576254563
L24K,1.04851656
L24L,1.003078105
L24M,1.125235689
L24N,
L24P,0.732032785
L24Q,0.53080447
L24R,1.050007431
L24S,0.9336146129999999
L24T,1.287889486
L24V,0.916068298
L24W,0.828572392
L24X,0.730387328
L24Y,
T25A,0.420659455
T25C,0.692407793
T25D,
T25E,1.013503641
T25F,
T25G,0.803725951
T25H,
T25I,0.796406918
T25K,0.596506604
T25L,0.722614822
T25M,0.95117808
T25N,1.151098813
T25P,0.68677712
T25Q,0.8243256520000001
T25R,0.9549770409999999
T25S,1.143650491
T25T,1.032521658
T25V,0.725910281
T25W,0.656237602
T25X,
T25Y,
L26A,0.796233938
L26C,1.106352697
L26D,0.849882745
L26E,0.9126236459999999
L26F,0.9431605670000001
L26G,0.7595608290000001
L26H,0.967764614
L26I,
L26K,0.595159456
L26L,0.822104438
L26M,0.769385051
L26N,0.942032388
L26P,1.027967952
L26Q,
L26R,0.7946176620000001
L26S,0.64464666
L26T,0.7444726970000001
L26V,0.767167697
L26W,0.6623051289999999
L26X,0.587780184
L26Y,0.800271175
E27A,1.321937278
E27C,0.575568383
E27D,
E27E,0.9462901359999999
E27F,0.853035067
E27G,0.94805001
E27H,
E27I,0.963100774
E27K,0.679874885
E27L,0.987694337
E27M,0.747889858
E27N,0.992638184
E27P,0.722835236
E27Q,0.8770917009999999
E27R,0.8900256459999999
E27S,1.116094521
E27T,0.984408553
E27V,0.826220258
E27W,0.841312721
E27X,0.47017735
E27Y,1.115637521
E28A,0.928468973
E28C,1.156638085
E28D,1.385922309
E28E,1.077753104
E28F,
E28G,1.069868319
E28H,0.9895452459999999
E28I,0.670632456
E28K,1.175279329
E28L,0.902633517
E28M,
E28N,0.537357428
E28P,0.50975853
E28Q,
E28R,0.851094088
E28S,0.840254033
E28T,0.801525206
E28V,0.964182799
E28W,0.9684186859999999
E28X,1.00077701
E28Y,1.165649164
W29A,0.760001044
W29C,0.650784815
W29D,0.8117724590000001
W29E,0.840539205
W29F,
W29G,0.68137323
W29H,0.88479095
W29I,
W29K,0.350097262
W29L,0.6255991439999999
W29M,0.514470048
W29N,
W29P,0.707511254
W29Q,0.7748347520000001
W29R,0.623300752
W29S,0.725345615
W29T,0.7599630009999999
W29V,0.643162133
W29X,0.269335808
W29Y,0.572182243
Q30A,0.9841508929999999
Q30C,1.082421938
Q30D,1.054626798
Q30E,0.954211543
Q30F,0.8934866779999999
Q30G,0.928472704
Q30H,0.879988517
Q30I,1.017498665
Q30K,0.374850466
Q30L,0.8773681720000001
Q30M,1.023099772
Q30N,0.698376143
Q30P,0.481860517
Q30Q,0.768588506
Q30R,0.7977039229999999
Q30S,0.9294193959999999
Q30T,1.003860673
Q30V,0.981142625
Q30W,0.606794564
Q30X,0.648640004
Q30Y,
D31A,1.008743143
D31C,1.225478559
D31E,
D31F,0.7798818940000001
D31G,0.9107450890000001
D31H,0.87194582
D31I,1.215045213
D31K,0.986439712
D31L,0.743046498
D31M,0.784683646
D31N,
D31P,0.32219304
D31Q,0.394097663
D31R,0.94102016
D31S,1.071426684
D31T,1.177519667
D31V,0.9458831740000001
D31W,0.667645443
D31X,0.306474051
D31Y,
K32A,1.080067562
K32C,0.7215399029999999
K32D,
K32E,0.937705805
K32F,1.109817416
K32G,0.8650544170000001
K32H,1.032507707
K32I,0.6931028659999999
K32L,0.9560747820000001
K32M,1.04351011
K32N,0.823913536
K32P,0.5637228870000001
K32Q,0.839224025
K32R,0.98758626
K32S,0.870893094
K32T,1.013764926
K32V,1.06072232
K32W,0.96914664
K32X,0.609767222
K32Y,1.037521571
W33A,0.833716665
W33C,0.8637262840000001
W33D,0.9222841079999999
W33E,0.59009464
W33F,
W33G,0.753374798
W33H,
W33I,0.695984052
W33K,0.631630404
W33L,0.7341049709999999
W33M,
W33N,0.355391178
W33P,0.573306105
W33Q,0.825345984
W33R,0.616710931
W33S,0.7256107759999999
W33T,0.63311856
W33V,0.799880114
W33X,0.72631853
W33Y,0.57516952
V34A,1.090688924
V34C,0.7138163059999999
V34D,0.927940118
V34E,0.774149463
V34F,1.17464528
V34G,0.902225086
V34H,0.911842301
V34I,1.26362667
V34K,
V34L,0.82085032
V34M,1.030778573
V34N,0.644925437
V34P,0.523626472
V34Q,
V34R,1.028035806
V34S,1.089493899
V34T,1.121432922
V34V,1.216195004
V34W,0.749621126
V34X,0.515050531
V34Y,0.8060348759999999
N35A,1.135643817
N35C,1.142723946
N35D,0.9336582109999999
N35E,1.173691595
N35F,
N35G,0.968960849
N35H,0.980971392
N35I,
N35K,0.7415052609999999
N35L,1.087565868
N35M,1.047386125
N35P,0.8330664740000001
N35Q,1.072073388
N35R,0.715182124
N35S,1.244996379
N35T,1.095135102
N35V,0.9271230970000001
N35W,0.987618364
N35X,0.630896543
N35Y,
G36A,1.092199119
G36C,1.115250306
G36D,
G36E,1.105082077
G36F,0.8325080220000001
G36G,0.7952873579999999
G36H,1.232150073
G36I,0.7836705009999999
G36K,0.886364128
G36L,0.807099091
G36M,1.045013945
G36N,0.626836642
G36P,0.90935468
G36Q,0.977975686
G36R,1.08617879
G36S,1.029194498
G36T,1.024119641
G36V,0.911692262
G36W,1.00827364
G36X,0.440067671
G36Y,
K37A,1.010444211
K37C,0.972228867
K37D,0.7941055290000001
K37E,1.196699229
K37F,0.697228545
K37G,1.085109031
K37H,1.141933838
K37I,
K37L,1.06115756
K37M,1.146783161
K37N,
K37P,0.9979586640000001
K37Q,0.87996548
K37R,0.9392432559999999
K37S,0.99536009
K37T,1.110420322
K37V,1.019579131
K37W,0.889077288
K37X,0.485901309
K37Y,
T38A,0.879794295
T38C,0.894992053
T38D,
T38E,0.7441555670000001
T38F,1.009853582
T38G,0.704527858
T38H,
T38I,
T38K,0.882206378
T38L,0.993677198
T38M,0.738784485
T38N,0.85226393
T38P,0.850677369
T38Q,0.9987571190000001
T38R,0.955343315
T38S,0.9256139259999999
T38T,0.822093518
T38V,0.6980833590000001
T38W,0.885170517
T38X,0.580132998
T38Y,
A39A,1.095146569
A39C,1.276328092
A39D,0.966840076
A39E,0.433489664
A39F,1.110242308
A39G,0.989600541
A39H,0.788186145
A39I,
A39K,
A39L,1.053075983
A39M,
A39N,
A39P,0.944399546
A39Q,1.035822045
A39R,0.8761366190000001
A39S,1.030258931
A39T,1.089412725
A39V,0.8414711709999999
A39W,0.823784175
A39X,
A39Y,1.228230428
F40A,0.610487306
F40C,0.7872960940000001
F40D,
F40E,0.93514729
F40G,0.732654075
F40H,
F40I,0.7162694940000001
F40K,0.693695689
F40L,0.749525242
F40M,1.000046326
F40N,0.75587938
F40P,0.76854361
F40Q,0.580842235
F40R,0.703345762
F40S,0.739185491
F40T,0.7145452459999999
F40V,0.7503085279999999
F40W,1.048186746
F40X,0.944350595
F40Y,
H41A,0.813636957
H41C,0.975500791
H41D,
H41E,0.900131595
H41F,
H41G,0.849893654
H41I,
H41K,0.356967474
H41L,0.704964337
H41M,0.978901947
H41N,0.782660664
H41P,
H41Q,0.707891864
H41R,0.725664868
H41S,0.940475809
H41T,0.870478353
H41V,0.941057282
H41W,1.089810715
H41X,
H41Y,1.039261697
Q42A,0.908078217
Q42C,0.84087866
Q42D,1.002645179
Q42E,1.284582934
Q42F,0.875557395
Q42G,0.785987608
Q42H,
Q42I,1.327248652
Q42K,1.175453728
Q42L,1.125785297
Q42M,1.194322075
Q42N,
Q42P,0.75830919
Q42R,0.90905113
Q42S,0.880192538
Q42T,
Q42V,1.001315921
Q42W,0.8492270959999999
Q42X,0.48104968
Q42Y,
E43A,1.013489715
E43C,0.9915287070000001
E43D,
E43E,1.16059548
E43F,
E43G,0.946975045
E43H,0.23386132
E43I,
E43K,0.8554086670000001
E43L,0.92329073
E43M,1.029977677
E43N,0.181864701
E43P,1.138065775
E43Q,
E43R,0.9702758220000001
E43S,0.8277226409999999
E43T,0.56991909
E43V,0.956675713
E43W,0.743885043
E43X,0.378515249
E43Y,0.77244577
Q44A,1.1482351
Q44C,1.064431737
Q44D,1.070390267
Q44E,1.093197427
Q44F,1.149534551
Q44G,0.96808086
Q44H,
Q44I,
Q44K,0.70895816
Q44L,0.794420737
Q44M,0.953041265
Q44N,
Q44P,0.858696845
Q44Q,1.141260377
Q44R,0.919387831
Q44S,1.021538694
Q44T,0.934169447
Q44V,1.171919602
Q44W,0.789538065
Q44X,0.481206283
Q44Y,
G45A,0.884148411
G45C,
G45D,0.5140012429999999
G45E,0.750267516
G45F,
G45G,0.8975155640000001
G45H,0.909384292
G45I,1.086063201
G45K,
G45L,1.122581214
G45M,
G45N,0.6592178679999999
G45P,0.98597835
G45Q,0.7820836459999999
G45R,0.698674598
G45S,0.699632348
G45T,1.019712361
G45V,0.962136106
G45W,0.75032742
G45X,0.170538599
G45Y,0.8247926109999999
H46A,0.920580162
H46C,0.303537123
H46D,
H46E,0.742183343
H46F,
H46G,0.7575145759999999
H46I,
H46K,
H46L,0.6978034959999999
H46M,0.910000716
H46N,1.275275088
H46P,0.840881117
H46Q,0.720920373
H46R,0.7054580579999999
H46S,1.337112515
H46T,
H46V,0.7818282529999999
H46W,0.998770321
H46X,0.462147341
H46Y,0.850615828
Q47A,
Q47C,0.8947847659999999
Q47D,0.841561683
Q47E,0.975376145
Q47F,0.9406622109999999
Q47G,0.911907837
Q47H,
Q47I,1.231264242
Q47K,
Q47L,1.12535277
Q47M,
Q47N,0.9578874490000001
Q47P,1.169366183
Q47R,0.941794178
Q47S,0.8537238000000001
Q47T,0.9448772240000001
Q47V,1.334619866
Q47W,0.961118932
Q47X,0.712555113
Q47Y,
L48A,
L48C,
L48D,0.689198056
L48E,0.712804489
L48F,0.35962388
L48G,0.980042121
L48H,
L48I,1.316973403
L48K,
L48L,1.304343422
L48M,
L48N,
L48P,
L48Q,
L48R,0.6764069540000001
L48S,0.843976425
L48T,0.872198448
L48V,0.959243928
L48W,
L48X,
L48Y,
L49A,0.650187657
L49C,0.6054252139999999
L49D,
L49E,0.355394114
L49F,
L49G,0.530239986
L49H,
L49I,0.656053098
L49K,0.666656115
L49L,0.826779534
L49M,1.071090665
L49N,
L49P,
L49Q,0.8981242759999999
L49R,0.413288282
L49S,0.79038249
L49T,0.605786516
L49V,0.702867558
L49W,0.733150179
L49X,
L49Y,0.720999367
K50A,0.933160412
K50C,1.057387703
K50D,0.9039136390000001
K50E,1.065826933
K50F,0.679435839
K50G,0.8148306
K50H,0.293793344
K50I,0.647143979
K50L,0.360642343
K50M,1.021469131
K50N,1.013310961
K50P,0.52634904
K50Q,
K50R,0.850066366
K50S,0.942563815
K50T,
K50V,0.812352128
K50W,0.775976722
K50X,0.398863434
K50Y,0.978434977
K51A,0.941761634
K51C,
K51D,-0.281478786
K51E,1.1325583
K51F,
K51G,0.755564527
K51H,1.149210114
K51I,
K51L,1.29619135
K51M,0.59313058
K51N,
K51P,0.8370651440000001
K51Q,
K51R,1.157886354
K51S,0.957963043
K51T,1.137022857
K51V,0.990520409
K51W,0.791602648
K51X,
K51Y,
H52A,0.491713216
H52C,
H52D,1.011702503
H52E,1.095555812
H52F,
H52G,0.84376967
H52I,1.007934511
H52K,
H52L,
H52M,0.7372655779999999
H52N,
H52P,
H52Q,
H52R,1.254600401
H52S,0.9124346259999999
H52T,0.954168922
H52V,0.739201665
H52W,0.853687775
H52X,0.488375155
H52Y,
L53A,
L53C,0.723469875
L53D,0.617742528
L53E,0.7725272470000001
L53F,1.086079668
L53G,0.806383121
L53H,0.7858623709999999
L53I,1.007460909
L53K,0.607608611
L53L,1.095725117
L53M,1.132795715
L53N,0.349066958
L53P,0.346569832
L53Q,0.678553448
L53R,0.671531113
L53S,0.904681987
L53T,0.7311712440000001
L53V,0.8866727390000001
L53W,1.03111966
L53X,0.547378757
L53Y,0.8412637759999999
D54A,0.892217997
D54C,
D54E,0.609995168
D54F,0.702349071
D54G,0.876155177
D54H,
D54I,0.501069878
D54K,0.738426135
D54L,0.820952769
D54M,0.354271984
D54N,
D54P,1.119669044
D54Q,
D54R,0.554731128
D54S,1.098083091
D54T,1.300242284
D54V,
D54W,0.799171925
D54X,
D54Y,
T55A,0.984158144
T55C,0.877225892
T55D,0.922244037
T55E,0.6086250670000001
T55F,0.866474593
T55G,0.798255064
T55H,
T55I,
T55K,0.977485229
T55L,0.9732609190000001
T55M,0.963160502
T55N,0.859149402
T55P,
T55Q,
T55R,0.426209846
T55S,1.047032369
T55T,1.0317187
T55V,0.93984946
T55W,
T55X,
T55Y,0.563126824
F56A,0.180895976
F56C,0.910840683
F56D,0.792125512
F56E,
F56F,1.041364986
F56G,0.780489233
F56H,0.8152670209999999
F56I,
F56K,1.197611178
F56L,0.974693583
F56M,
F56N,
F56P,0.6002267020000001
F56Q,
F56R,0.9165726590000001
F56S,0.844496397
F56T,0.826268323
F56V,0.991266483
F56W,0.917436192
F56X,
F56Y,1.078607302
L57A,
L57C,
L57D,
L57E,
L57F,
L57G,0.933711966
L57H,
L57I,
L57K,
L57M,
L57N,
L57P,
L57Q,
L57R,
L57S,
L57T,0.6827096509999999
L57V,
L57W,
L57X,
L57Y,0.793296135
K58A,
K58C,
K58D,
K58E,1.19584621
K58F,
K58G,
K58H,
K58I,
K58L,0.755796082
K58M,
K58N,
K58P,
K58Q,
K58R,1.158716747
K58S,1.110781224
K58T,1.129904768
K58V,1.27025817
K58W,
K58X,-0.41380622
K58Y,0.944194847
G59A,0.965397077
G59C,0.8221077840000001
G59D,1.030494363
G59E,1.350505474
G59F,
G59G,1.055884666
G59H,0.332659803
G59I,0.7454354990000001
G59K,0.575804993
G59L,0.947860255
G59M,1.128275454
G59N,
G59P,0.971478478
G59Q,
G59R,0.846962763
G59S,0.519310602
G59T,0.885129618
G59V,0.858239348
G59W,
G59X,0.045148328
G59Y,0.755329831
K60A,0.8235206979999999
K60C,1.095812992
K60D,0.8001330190000001
K60E,0.512605934
K60F,1.282109581
K60G,0.7894395209999999
K60H,1.055516634
K60I,0.7367924029999999
K60L,0.893988894
K60M,
K60N,1.083521014
K60P,0.666364396
K60Q,1.099253934
K60R,1.080414305
K60S,0.980605921
K60T,1.097305112
K60V,1.029090818
K60W,
K60X,0.022667588
K60Y,0.973068278
S61A,1.201722251
S61C,1.302534354
S61D,
S61E,1.414993506
S61F,
S61G,
S61H,
S61I,0.954422222
S61K,0.658725336
S61L,
S61M,0.83244257
S61N,
S61P,1.002031287
S61Q,0.663943347
S61R,
S61T,1.156564747
S61V,
S61W,
S61X,
S61Y,
G62A,1.170489569
G62C,0.734593884
G62D,0.6158459789999999
G62E,0.980127758
G62F,0.921558523
G62G,1.099791734
G62H,1.007168939
G62I,0.7041558920000001
G62K,0.98400927
G62L,0.781516256
G62M,1.013717589
G62N,1.284472613
G62P,0.653149577
G62Q,0.826150244
G62R,1.13680667
G62S,0.946978883
G62T,1.070916216
G62V,0.961559112
G62W,0.76968451
G62X,0.088447007
G62Y,0.913438819
L63A,0.986422811
L63C,0.6245712720000001
L63D,0.40452542
L63E,0.6753264940000001
L63F,0.98856794
L63G,0.964414283
L63H,
L63I,0.8707766220000001
L63K,0.97377919
L63L,1.052084846
L63M,0.7391207
L63N,0.82585862
L63P,
L63Q,1.188222863
L63R,0.904882515
L63S,0.870823538
L63T,0.9144770879999999
L63V,0.927882715
L63W,0.9589995000000001
L63X,0.09432692699999999
L63Y,0.777756612
R64A,0.35791139
R64C,0.8971391
R64D,0.634066868
R64E,0.385945998
R64F,0.267309438
R64G,0.289937369
R64H,1.015047256
R64I,0.280403898
R64K,1.162927547
R64L,0.580996117
R64M,0.322471093
R64N,0.993788215
R64P,0.297514759
R64Q,
R64R,1.182891811
R64S,0.928949838
R64T,0.9635372720000001
R64V,0.6183485129999999
R64W,0.255655523
R64X,0.13970214
R64Y,0.433379798
V65A,0.7176173929999999
V65C,
V65D,
V65E,-0.18794096
V65F,0.436361943
V65G,0.127781722
V65H,-0.038364348
V65I,0.9093769359999999
V65K,0.04379279
V65L,0.584648097
V65M,0.450810684
V65N,0.446856689
V65P,-0.138496028
V65Q,0.075594863
V65R,-0.067724641
V65S,0.024885631
V65T,0.480546877
V65V,1.003249345
V65W,0.591839178
V65X,0.393235457
V65Y,
F66A,0.318642129
F66C,0.748777318
F66D,-0.348595734
F66E,0.32608921
F66G,0.122789743
F66H,0.2315067
F66I,0.859013085
F66K,0.100899155
F66L,0.83542917
F66M,1.060127439
F66N,0.170963597
F66P,-0.09798606900000001
F66Q,-0.146317751
F66R,-0.03767219
F66S,0.152495002
F66T,-0.044272001
F66V,0.286215691
F66W,0.06378556
F66X,-0.1345702
F66Y,0.260489725
F67A,0.704781161
F67C,0.625850786
F67D,0.335368834
F67E,-0.066223901
F67G,0.06700369099999999
F67H,
F67I,
F67K,
F67L,0.699556576
F67M,0.755276756
F67N,
F67P,0.112355188
F67Q,0.232912704
F67R,0.028245149
F67S,0.308119287
F67T,0.539029906
F67V,0.8547349129999999
F67W,0.23153904
F67X,0.133058027
F67Y,
P68A,0.603292929
P68C,0.401981486
P68D,0.105575234
P68E,0.005086472
P68F,-0.046850131
P68G,0.23019272
P68H,0.159791893
P68I,
P68K,-0.020134973
P68L,-0.004127895
P68M,0.086150381
P68N,
P68Q,-0.330240169
P68R,-0.09719449699999999
P68S,0.298435535
P68T,0.092274726
P68V,0.096023561
P68W,0.078931942
P68X,-0.074627518
P68Y,0.07560978900000001
L69A,0.691385818
L69C,0.9741582990000001
L69D,0.558968153
L69E,0.644376383
L69F,0.867483198
L69G,0.624528406
L69H,0.829508424
L69I,0.76744714
L69K,0.92875173
L69L,0.943226184
L69M,1.01119968
L69N,0.891979146
L69P,0.600244798
L69Q,0.609268088
L69R,0.763685565
L69S,1.036094234
L69T,0.7178036320000001
L69V,0.6761294990000001
L69W,0.429876569
L69X,
L69Y,0.679500219
C70A,0.52324938
C70C,1.051577128
C70D,
C70E,0.161016844
C70F,0.40641877
C70G,0.683652004
C70H,0.410194604
C70I,0.257749587
C70K,
C70L,0.6324429020000001
C70M,
C70N,0.48266853
C70P,0.826978312
C70Q,0.601673692
C70R,0.680493737
C70S,0.9062515090000001
C70T,0.463046191
C70V,0.6689042479999999
C70W,0.489047635
C70X,-0.007577249
C70Y,
G71A,0.674141854
G71C,0.522633928
G71D,0.522209625
G71E,0.5999012979999999
G71F,0.49973041
G71G,1.092948834
G71H,
G71I,0.549433911
G71K,0.534090152
G71L,0.565012862
G71M,
G71N,0.664714695
G71P,0.684743772
G71Q,
G71R,0.713449882
G71S,0.693195263
G71T,0.335718246
G71V,0.596612839
G71W,0.5756915770000001
G71X,0.5753574929999999
G71Y,
K72A,0.83989875
K72C,0.501604311
K72D,0.69989271
K72E,0.680666557
K72F,
K72G,0.77013765
K72H,0.73074343
K72I,
K72K,1.079510595
K72L,0.378633681
K72M,0.420656749
K72N,0.443145276
K72P,0.538285872
K72Q,0.918386794
K72R,0.738619625
K72S,
K72T,0.7792093590000001
K72V,0.452384935
K72W,0.354655719
K72X,0.222741295
K72Y,
A73A,1.082199232
A73C,1.010780311
A73D,
A73E,0.48405513
A73F,
A73G,0.8066049040000001
A73H,
A73I,0.361524997
A73K,0.54844998
A73L,1.072722717
A73M,
A73N,0.8632872709999999
A73P,
A73Q,0.956803243
A73R,0.707401762
A73S,0.226536911
A73T,0.812739366
A73V,0.313198839
A73W,0.5971540329999999
A73X,0.221312848
A73Y,0.589102052
V74A,0.660985642
V74C,0.831443588
V74D,0.915551133
V74E,0.727032618
V74F,
V74G,0.6633993220000001
V74H,0.7914053759999999
V74I,1.228923121
V74K,0.42439599
V74L,0.663329614
V74M,0.738121143
V74N,
V74P,0.810226612
V74Q,0.541276338
V74R,0.949383777
V74S,0.872544861
V74T,0.797247114
V74V,1.083886984
V74W,0.5585349270000001
V74X,0.222015452
V74Y,
E75A,0.554583236
E75C,0.531775024
E75D,0.6895286709999999
E75F,0.52507436
E75G,0.626242724
E75H,0.820508041
E75I,0.679828232
E75K,0.646022226
E75L,0.484122386
E75M,0.8859041529999999
E75N,0.855512245
E75P,0.513758217
E75Q,0.5855118979999999
E75R,0.077222291
E75S,0.6640276979999999
E75T,0.493151126
E75V,0.7030906109999999
E75W,0.623699076
E75X,0.340941652
E75Y,0.619784671
M76A,0.542332939
M76C,0.5590716579999999
M76D,-0.083007945
M76E,0.142669408
M76F,0.209508632
M76G,0.14025185
M76H,
M76I,0.794304786
M76K,0.138362747
M76L,0.589518798
M76N,0.257959719
M76P,0.296885619
M76Q,0.278592723
M76R,0.141718108
M76S,0.143149184
M76T,0.338968662
M76V,0.403415002
M76W,0.522570633
M76X,-0.015010596
M76Y,0.483147285
K77A,1.008137898
K77C,1.261167252
K77D,
K77E,0.568623086
K77F,
K77G,0.855657595
K77H,1.084346009
K77I,0.410642141
K77K,0.546836079
K77L,0.95050096
K77M,
K77N,
K77P,0.491023774
K77Q,0.9769447440000001
K77R,0.9476807420000001
K77S,0.784892715
K77T,0.902081595
K77V,0.988776566
K77W,0.441910487
K77X,-0.217524076
K77Y,0.484005865
W78A,0.624860541
W78C,0.9071563490000001
W78D,0.857824266
W78E,0.706560195
W78F,
W78G,0.37175362
W78H,
W78I,0.461693371
W78K,
W78L,0.729502331
W78M,0.757922678
W78N,0.59750926
W78P,0.268593823
W78Q,0.653705055
W78R,0.490737844
W78S,0.737459682
W78T,0.61274177
W78V,0.9702199229999999
W78X,0.262467426
W78Y,0.910678766
F79A,0.7582055059999999
F79C,0.511651664
F79D,0.128583887
F79E,0.08495675
F79G,0.074583806
F79H,
F79I,0.840336663
F79K,-0.09220474699999999
F79L,1.003710976
F79M,0.96431738
F79N,
F79P,0.050409989
F79Q,0.064432475
F79R,-0.017570248
F79S,0.387355957
F79T,0.598389898
F79V,0.838378482
F79W,0.66941658
F79X,-0.228066631
F79Y,0.744456333
A80A,0.769920197
A80C,1.037180917
A80D,0.616975351
A80E,0.422706186
A80F,0.6094397420000001
A80G,0.453088284
A80H,0.529755703
A80I,0.531389097
A80K,0.3196402
A80L,0.856225833
A80M,0.890886615
A80N,1.132398307
A80P,0.325687179
A80Q,0.509816015
A80R,0.423545989
A80S,0.975080194
A80T,0.7807782590000001
A80V,0.979861729
A80W,0.309716233
A80X,-0.06636990200000001
A80Y,0.615863745
D81A,0.8490619620000001
D81C,0.698928806
D81E,1.024610978
D81F,0.259109634
D81G,0.6246428239999999
D81H,0.652514837
D81I,
D81K,0.7080686959999999
D81L,0.644747327
D81M,0.652636321
D81N,0.864545412
D81P,-0.017030179
D81Q,0.897921561
D81R,0.7130893909999999
D81S,0.980374127
D81T,0.938723401
D81V,0.58119918
D81W,0.522119642
D81X,0.119049002
D81Y,
R82A,0.9917299890000001
R82C,0.847516174
R82D,0.85691384
R82E,0.949258347
R82F,0.7115496459999999
R82G,0.7732177709999999
R82H,1.018668396
R82I,0.8718637140000001
R82K,0.899450075
R82L,1.14042191
R82M,0.741670215
R82N,0.763986782
R82P,-0.046638613
R82Q,1.145812009
R82R,1.009068159
R82S,0.961889268
R82T,0.801589113
R82V,0.780862444
R82W,0.885725742
R82X,0.221939343
R82Y,
G83A,0.443568259
G83C,0.553855208
G83D,0.454071679
G83E,0.496315888
G83F,0.517874348
G83G,1.065233799
G83H,
G83I,0.289373362
G83K,0.44060621
G83L,0.273098535
G83M,0.527322928
G83N,
G83P,
G83Q,0.504660914
G83R,0.551036571
G83S,0.757666188
G83T,0.383740673
G83V,-0.023207808
G83W,0.152343902
G83X,0.231991204
G83Y,
H84A,1.072324736
H84C,1.03867197
H84D,0.499187726
H84E,0.076864516
H84F,1.047640138
H84G,0.168073402
H84H,1.179497964
H84I,0.533243857
H84K,-0.098788585
H84L,0.694931231
H84M,0.932835018
H84N,0.699280085
H84P,0.163120523
H84Q,0.421945368
H84R,0.023243876
H84S,0.539700054
H84T,0.68207766
H84V,0.773993853
H84W,0.706101558
H84X,
H84Y,0.642822453
S85A,1.031396953
S85C,1.148378035
S85D,
S85E,1.100556272
S85F,1.042691993
S85G,0.527232009
S85H,1.156172307
S85I,1.007023119
S85K,0.9792503359999999
S85L,0.9142698579999999
S85M,0.977915856
S85N,
S85P,0.653511969
S85Q,1.163564886
S85R,0.810299546
S85S,1.255359523
S85T,0.509671316
S85V,1.081188531
S85W,0.8636968829999999
S85X,-0.07880925400000001
S85Y,1.095453342
V86A,0.693419683
V86C,0.707254666
V86D,0.221338618
V86E,0.089836943
V86F,-0.050254018
V86G,0.010533445
V86H,
V86I,0.90110014
V86K,0.225446705
V86L,0.227847047
V86M,0.173169878
V86N,-0.108885588
V86P,0.14633779
V86Q,-0.030684451
V86R,0.142491129
V86S,0.48198771
V86T,0.5302238810000001
V86V,0.86994719
V86W,-0.051720039
V86X,-0.08774771099999999
V86Y,0.167166321
V87A,1.057103648
V87C,0.946554708
V87D,0.431616254
V87E,0.376577159
V87F,1.027003109
V87G,0.573647
V87H,
V87I,
V87K,0.552743963
V87L,0.668689392
V87M,0.73998603
V87N,
V87P,-0.130321974
V87Q,
V87R,0.433993857
V87S,0.9256338620000001
V87T,1.025654398
V87V,1.260738448
V87W,0.582624155
V87X,-0.218050518
V87Y,0.627918316
G88A,0.618305048
G88C,
G88D,0.15490449
G88E,0.037050991
G88F,0.256794038
G88G,0.946871921
G88H,
G88I,0.23814768
G88K,0.109162201
G88L,-0.00996584
G88M,0.235420449
G88N,0.801895838
G88P,0.6919723529999999
G88Q,0.195598255
G88R,0.009312682
G88S,0.4062094470000001
G88T,0.024956206
G88V,0.010116092
G88W,0.257854543
G88X,-0.060593194
G88Y,0.634877291
V89A,1.037156937
V89C,1.114549856
V89D,
V89E,-0.112510229
V89F,0.84980812
V89G,0.3563191
V89H,
V89I,
V89K,-0.030623856
V89L,0.7006309279999999
V89M,0.696274772
V89N,1.120131092
V89P,0.104114751
V89Q,0.675784255
V89R,0.25906234
V89S,0.758962165
V89T,0.82003893
V89V,0.711274069
V89W,0.600048174
V89X,0.419538573
V89Y,0.464576423
E90A,0.680515413
E90C,0.804299855
E90D,1.041070343
E90E,0.921589795
E90F,0.7028788429999999
E90G,0.76382622
E90H,0.5792425720000001
E90I,
E90K,0.869076385
E90L,0.583347973
E90M,0.777759722
E90N,0.862378722
E90P,0.571795784
E90Q,0.00785705
E90R,0.565286475
E90S,0.735238457
E90T,0.604965871
E90V,0.774182525
E90W,0.89965122
E90X,-0.219603637
E90Y,
I91A,0.454526513
I91C,0.851693912
I91D,0.596222041
I91E,0.560671595
I91F,0.6581491079999999
I91G,0.776385578
I91H,0.764634459
I91I,0.9092710409999999
I91K,0.871866622
I91L,0.781105985
I91M,0.658247431
I91N,0.456711239
I91P,0.6315997560000001
I91Q,0.9164800959999999
I91R,0.645627994
I91S,0.866439165
I91T,0.743785659
I91V,1.125563774
I91W,0.9760580870000001
I91X,0.253182742
I91Y,1.135660916
S92A,0.58155345
S92C,
S92D,
S92E,0.391710984
S92F,0.291406303
S92G,0.65759165
S92H,
S92I,
S92K,0.695901256
S92L,0.471079191
S92M,0.85440277
S92N,0.72179932
S92P,0.331490474
S92Q,0.377717596
S92R,0.554012893
S92S,0.930379375
S92T,0.5587505229999999
S92V,0.566696329
S92W,0.513451388
S92X,-0.118958728
S92Y,0.729280658
E93A,1.120127477
E93C,
E93D,
E93F,0.658455121
E93G,0.714200976
E93H,
E93I,
E93K,
E93L,
E93M,
E93N,
E93P,
E93Q,1.111108553
E93R,0.96653125
E93S,1.081574028
E93T,0.782746389
E93V,
E93W,0.761525673
E93X,
E93Y,
L94A,0.8090139820000001
L94C,
L94D,0.642842375
L94E,1.072269726
L94F,
L94G,0.9130304370000001
L94H,
L94I,
L94K,1.448399444
L94L,0.9855151090000001
L94M,
L94N,1.120206325
L94P,0.685386125
L94Q,1.382178217
L94R,1.08120895
L94S,0.728460305
L94T,1.024030622
L94V,1.078500043
L94W,0.462457829
L94X,-0.145520561
L94Y,1.014428676
G95A,
G95C,
G95D,
G95E,
G95F,
G95H,
G95I,
G95K,
G95L,
G95M,
G95N,
G95P,
G95Q,
G95R,
G95S,
G95T,
G95V,
G95W,
G95X,
G95Y,
I96A,
I96C,
I96D,
I96E,
I96F,
I96G,
I96H,
I96K,
I96L,
I96M,
I96N,
I96P,
I96Q,
I96R,
I96S,
I96T,
I96V,
I96W,
I96X,
I96Y,
Q97A,0.878221325
Q97C,1.158664863
Q97D,
Q97E,0.455829921
Q97F,
Q97G,0.8364230490000001
Q97H,
Q97I,
Q97K,0.249010988
Q97L,0.704782295
Q97M,1.557527375
Q97N,0.555308241
Q97P,
Q97R,0.9695802290000001
Q97S,1.015369057
Q97T,0.910697768
Q97V,1.096753262
Q97W,0.7751277409999999
Q97X,
Q97Y,
E98A,0.727942242
E98C,
E98D,
E98E,1.086089253
E98F,
E98G,0.918905965
E98H,
E98I,
E98K,0.816736702
E98L,
E98M,
E98N,1.229738616
E98P,0.230968725
E98Q,
E98R,0.8688282959999999
E98S,0.932410506
E98T,1.298930495
E98V,0.512716845
E98W,0.45838163
E98X,0.210046999
E98Y,
F99A,0.376644301
F99C,
F99D,0.07409428900000001
F99E,0.006225259
F99G,0.046185082
F99H,
F99I,
F99K,
F99L,
F99M,0.6850137190000001
F99N,
F99P,
F99Q,0.050843127
F99R,0.116186657
F99S,0.137917667
F99T,0.333694471
F99V,0.3990178029999999
F99W,0.961813798
F99X,
F99Y,
F100A,-0.017775561
F100C,
F100D,0.340549381
F100E,0.057772834
F100G,0.125695796
F100H,
F100I,
F100K,
F100L,0.743389339
F100M,0.993489051
F100N,
F100P,
F100Q,0.019575523
F100R,-0.111558857
F100S,0.294405567
F100T,0.084793712
F100V,0.08775138099999999
F100W,0.848176547
F100X,-0.024430208
F100Y,
T101A,
T101C,
T101D,0.7437383390000001
T101E,1.054790574
T101F,
T101G,1.023025164
T101H,0.863284937
T101I,1.100441848
T101K,1.444354036
T101L,0.7429758870000001
T101M,0.715452305
T101N,
T101P,
T101Q,
T101R,1.043145952
T101S,0.9570065940000001
T101T,0.859788865
T101V,1.1876195
T101W,0.8328280690000001
T101X,-0.107613046
T101Y,0.898749847
E102A,0.9576442940000001
E102C,
E102D,
E102E,1.009433433
E102F,
E102G,0.821659859
E102H,
E102I,
E102K,
E102L,1.005390955
E102M,0.416981102
E102N,
E102P,-0.124315275
E102Q,
E102R,0.699602208
E102S,0.981693989
E102T,0.627685139
E102V,1.059076603
E102W,0.592748223
E102X,
E102Y,
Q103A,1.064708317
Q103C,0.806072494
Q103D,0.6738935840000001
Q103E,0.54081341
Q103F,1.036046477
Q103G,0.875714553
Q103H,
Q103I,0.970811085
Q103K,0.7166893809999999
Q103L,0.697961356
Q103M,0.9372638670000001
Q103N,1.318612113
Q103P,0.280245187
Q103R,0.739713319
Q103S,0.941461153
Q103T,0.733412808
Q103V,0.878548915
Q103W,0.960395205
Q103X,
Q103Y,0.8302446240000001
N104A,0.976297603
N104C,1.103856117
N104D,
N104E,0.9219432809999999
N104F,
N104G,0.9624713420000001
N104H,
N104I,
N104K,
N104L,0.7655003779999999
N104M,
N104P,-0.143211171
N104Q,1.159599808
N104R,0.849926865
N104S,
N104T,
N104V,0.7091337870000001
N104W,0.649229707
N104X,-0.186283938
N104Y,
L105A,0.59903854
L105C,0.929031941
L105D,
L105E,
L105F,0.558224167
L105G,0.4333239270000001
L105H,0.511506244
L105I,
L105K,0.418197995
L105L,0.917747372
L105M,
L105N,
L105P,
L105Q,0.978194723
L105R,0.292580279
L105S,0.659200771
L105T,0.975707077
L105V,1.001206339
L105W,0.6746811640000001
L105X,-0.112689543
L105Y,
S106A,1.192223754
S106C,0.538471661
S106D,1.152484032
S106E,0.9832907209999999
S106F,
S106G,0.9950617079999999
S106H,0.8302251009999999
S106I,
S106K,
S106L,0.8839600040000001
S106M,0.759597675
S106N,0.6382889279999999
S106P,1.022214102
S106Q,0.9206883359999999
S106R,0.8983175290000001
S106S,1.403901456
S106T,1.289193868
S106V,1.052288069
S106W,0.935593563
S106X,-0.217702786
S106Y,
Y107A,0.54081823
Y107C,0.885699737
Y107D,
Y107E,0.603570705
Y107F,
Y107G,0.210264383
Y107H,0.635290928
Y107I,
Y107K,0.465448125
Y107L,0.503508149
Y107M,0.8970014620000001
Y107N,
Y107P,
Y107Q,0.028021266
Y107R,0.588544823
Y107S,0.502494855
Y107T,0.226724716
Y107V,0.738049698
Y107W,0.6852683559999999
Y107X,
S108A,0.8942671809999999
S108C,0.6873855520000001
S108D,0.450107841
S108E,0.9479844479999999
S108F,
S108G,0.8426186040000001
S108H,
S108I,
S108K,0.7324011840000001
S108L,1.090333328
S108M,0.890372704
S108N,
S108P,-0.222172031
S108Q,0.580069541
S108R,1.02286623
S108S,1.148523214
S108T,
S108V,1.041419985
S108W,0.992361555
S108X,-0.227002098
S108Y,0.8770281999999999
E109A,1.168551546
E109C,1.288333626
E109D,
E109E,1.186118804
E109F,
E109G,0.88621228
E109H,0.5770036820000001
E109I,
E109K,1.159474775
E109L,0.652016213
E109M,
E109N,
E109P,
E109Q,0.9034153659999999
E109R,1.066268236
E109S,0.50892823
E109T,0.9536184040000001
E109V,0.857701541
E109W,1.054902996
E109X,-0.069612848
E109Y,1.198191146
E110A,0.91015449
E110C,0.918814426
E110D,
E110E,1.347436046
E110F,
E110G,0.7984870890000001
E110H,
E110I,
E110K,1.209303897
E110L,1.053308483
E110M,1.08768326
E110N,
E110P,0.201582081
E110Q,1.268339718
E110R,0.8397282840000001
E110S,1.263190004
E110T,1.037243895
E110V,0.9576631529999999
E110W,0.872937704
E110X,
E110Y,
P111A,1.209633942
P111C,
P111D,1.108677369
P111E,1.101823323
P111F,
P111G,0.995157849
P111H,1.368589237
P111I,1.238227397
P111K,0.8302280009999999
P111L,
P111M,1.011382839
P111N,
P111P,0.867626573
P111Q,0.994599447
P111R,1.096706717
P111S,0.8205831709999999
P111T,0.952037103
P111V,1.068787366
P111W,0.73052674
P111X,0.019632508
P111Y,0.757158212
I112A,0.722588973
I112C,0.321947834
I112D,
I112E,0.382373222
I112F,0.7805690940000001
I112G,0.688952117
I112H,
I112I,1.199840485
I112K,
I112L,
I112M,
I112N,1.26455778
I112P,0.394147082
I112Q,0.617345142
I112R,0.587452548
I112S,
I112T,
I112V,0.988918897
I112W,0.74572353
I112X,0.185751408
I112Y,0.8779130740000001
T113A,0.8181145059999999
T113C,
T113D,1.126273166
T113E,1.074851595
T113F,0.808273445
T113G,0.99307854
T113H,
T113I,0.644271546
T113K,0.111547721
T113L,0.894651055
T113M,1.120373301
T113N,0.889885369
T113P,1.012535145
T113Q,0.9465037470000001
T113R,0.936979291
T113S,1.149590669
T113T,1.030499671
T113V,0.926773885
T113W,1.008587044
T113X,-0.050358873
T113Y,
E114A,1.228709051
E114C,1.024539319
E114D,1.079041007
E114E,0.101576475
E114F,0.77774087
E114G,1.034725595
E114H,
E114I,0.429154745
E114K,0.9020737390000001
E114L,0.806209327
E114M,0.7306630340000001
E114N,
E114P,
E114Q,0.958631543
E114R,0.724624623
E114S,1.086163973
E114T,0.8923045559999999
E114V,0.686673678
E114W,0.6934523570000001
E114X,-0.246982269
E114Y,0.8221772940000001
I115A,
I115C,
I115D,
I115E,
I115F,
I115G,0.8851045120000001
I115H,
I115K,1.133367836
I115L,
I115M,1.008122108
I115N,
I115P,
I115Q,
I115R,0.76317516
I115S,
I115T,
I115V,
I115W,
I115X,
I115Y,
P116A,0.7629031559999999
P116C,
P116D,1.029883953
P116E,0.8307780309999999
P116F,
P116G,0.774366373
P116H,0.957915718
P116I,
P116K,0.757085157
P116L,0.967893742
P116M,0.8873577159999999
P116N,0.798706012
P116P,0.8855257870000001
P116Q,
P116R,0.866110465
P116S,1.081131952
P116T,0.261769499
P116V,0.995438783
P116W,0.6697759329999999
P116X,0.132340135
P116Y,
G117A,
G117C,
G117D,
G117E,
G117F,
G117H,
G117I,
G117K,
G117L,
G117M,
G117N,
G117P,
G117Q,
G117R,
G117S,
G117T,
G117V,
G117W,
G117X,
G117Y,
T118A,0.9260807679999999
T118C,0.664138517
T118D,
T118E,0.968561259
T118F,0.821936138
T118G,1.079447376
T118H,
T118I,
T118K,0.935110089
T118L,0.740609471
T118M,1.028596151
T118N,
T118P,0.914555342
T118Q,0.431430156
T118R,1.075945956
T118S,1.126070536
T118V,1.102547436
T118W,0.566295592
T118X,
T118Y,
K119A,0.712084852
K119C,0.787917696
K119D,
K119E,0.306043937
K119F,
K119G,0.438653156
K119H,
K119I,
K119L,0.436804662
K119M,0.68244842
K119N,0.581489331
K119P,0.107780174
K119Q,0.75738944
K119R,0.81886623
K119S,0.917280608
K119T,0.935183029
K119V,0.586869996
K119W,0.611573067
K119X,0.631939904
K119Y,0.782340266
V120A,0.936949615
V120C,0.878196742
V120D,0.147098822
V120E,0.468481881
V120F,0.8325521659999999
V120G,0.453207831
V120H,
V120I,0.7555648490000001
V120K,
V120L,0.7319386440000001
V120M,
V120N,
V120P,
V120Q,0.946189695
V120R,0.808562442
V120S,0.846247264
V120T,0.941493406
V120V,0.977708006
V120W,0.580382445
V120X,0.012368759
V120Y,
F121A,0.568239064
F121C,1.188875305
F121D,0.65932383
F121E,-0.120171195
F121G,0.04388810200000001
F121H,0.245694688
F121I,0.708917358
F121K,0.462128678
F121L,0.816671465
F121M,
F121N,0.265664405
F121P,-0.380088325
F121Q,
F121R,0.266472179
F121S,0.179098753
F121T,0.140270893
F121V,0.692736215
F121W,0.679499245
F121X,0.203588298
F121Y,1.007462839
K122A,0.545087014
K122C,0.87182333
K122D,0.05363671900000001
K122E,0.529665857
K122F,0.800606418
K122G,0.50892448
K122H,0.33817578
K122I,1.165175117
K122L,0.74568242
K122M,0.71086716
K122N,0.63062517
K122P,0.370377893
K122Q,0.956860233
K122R,0.9651153509999999
K122S,0.869291708
K122T,1.049894498
K122V,1.006365823
K122W,0.6032837289999999
K122X,0.075909863
K122Y,0.843062005
S123A,0.660565771
S123C,
S123D,
S123E,1.052478689
S123F,
S123G,0.939442529
S123H,
S123I,
S123K,
S123L,0.007717462
S123M,0.330440583
S123N,
S123P,0.105589043
S123Q,
S123R,0.148026268
S123S,1.200404669
S123T,
S123V,0.540319065
S123W,0.65375618
S123X,-0.212036778
S123Y,0.695645121
S124A,1.110310947
S124C,
S124D,1.077869649
S124E,0.832002193
S124F,0.878673006
S124G,1.075064775
S124H,0.849315145
S124I,0.9375467759999999
S124K,1.207311992
S124L,0.93456585
S124M,
S124N,0.576369555
S124P,1.155961028
S124Q,1.221775561
S124R,0.7338547320000001
S124S,1.219507406
S124T,
S124V,1.10059832
S124W,0.900435975
S124X,0.050450083
S124Y,0.996411403
S125A,0.827444438
S125C,1.092673452
S125D,
S125E,0.9946715490000001
S125F,
S125G,0.801125847
S125H,
S125I,
S125K,0.8920599909999999
S125L,1.007647745
S125M,
S125N,
S125P,
S125Q,0.871203242
S125R,0.591509399
S125T,1.242813521
S125V,0.9179574090000001
S125W,1.112026132
S125X,-0.405569058
S125Y,
G126A,
G126C,1.020476273
G126D,
G126E,0.802536412
G126F,0.816455322
G126G,0.9828791109999999
G126H,
G126I,
G126K,
G126L,
G126M,
G126N,
G126P,
G126Q,
G126R,0.781014889
G126S,
G126T,
G126V,0.7357114790000001
G126W,0.531272391
G126X,0.160076272
G126Y,0.812249152
N127A,0.74960265
N127C,0.942902901
N127D,
N127E,1.004794983
N127F,0.76670739
N127G,0.764228149
N127H,
N127I,0.641558556
N127K,
N127L,0.9756022990000001
N127M,
N127N,1.663302199
N127P,
N127Q,
N127R,0.998579398
N127S,1.305198269
N127T,
N127V,0.8599130140000001
N127W,
N127X,0.09104272699999999
N127Y,1.00534637
I128A,0.335191666
I128C,0.634910425
I128D,-0.047180836
I128E,0.190058238
I128F,0.551402314
I128G,0.059733759
I128H,0.190110459
I128K,-0.154900074
I128L,0.738383076
I128M,0.728536022
I128N,-0.009880142
I128P,0.304062209
I128Q,
I128R,0.118515339
I128S,0.164465476
I128T,0.172928132
I128V,1.012761381
I128W,0.149180869
I128X,
I128Y,0.552149355
S129A,1.212606577
S129C,0.6341313120000001
S129D,0.7935548579999999
S129E,0.8248885440000001
S129F,0.608919574
S129G,0.588451591
S129H,1.467040197
S129I,1.047120333
S129K,1.187849869
S129L,0.781452923
S129M,0.7461086809999999
S129N,0.949614538
S129P,0.059876242
S129Q,
S129R,0.897678795
S129S,1.146863127
S129T,
S129V,0.92273686
S129W,1.229139152
S129X,0.3495060720000001
S129Y,
L130A,0.498265051
L130C,
L130D,-0.156676191
L130E,0.023363911
L130F,0.849222547
L130G,0.032457362
L130H,
L130I,0.842021501
L130K,0.086315951
L130M,0.8916395890000001
L130N,
L130P,0.293088673
L130Q,
L130R,0.19980743
L130S,-0.028143189
L130T,0.282731574
L130V,1.10033117
L130W,0.294200706
L130X,0.088941748
L130Y,
Y131A,0.291488328
Y131C,0.611355569
Y131D,
Y131E,-0.152517999
Y131F,
Y131G,0.051872079
Y131H,0.874782915
Y131I,1.031468986
Y131K,-0.167943904
Y131L,1.129506915
Y131M,0.858334934
Y131N,
Y131P,-0.06961777400000001
Y131Q,
Y131R,0.114924076
Y131S,0.07317947
Y131T,0.133867645
Y131V,0.543668886
Y131W,0.8218662170000001
Y131X,-0.062887574
C132A,1.07748794
C132D,0.448581114
C132E,
C132F,0.4350724929999999
C132G,0.8633297679999999
C132H,
C132I,
C132K,
C132L,0.741143815
C132M,
C132N,
C132P,
C132Q,1.456350735
C132R,1.001552324
C132S,0.9105172159999999
C132T,
C132V,0.628884682
C132W,0.641004814
C132X,-0.279368601
C132Y,0.417266412
C133A,1.006951748
C133C,0.88283368
C133D,-0.22276821
C133E,0.046230334
C133F,0.551968922
C133G,0.746832092
C133H,0.348741319
C133I,1.010430635
C133K,-0.045243664
C133L,0.9512640170000001
C133M,0.803223357
C133N,0.17374645
C133P,-0.291681536
C133Q,0.510490859
C133R,0.10173833
C133S,0.728041763
C133T,1.031600625
C133V,0.874575853
C133W,-0.08028709099999999
C133X,-0.256886896
C133Y,-0.284056678
S134A,0.7577032920000001
S134C,0.744038104
S134D,
S134E,0.537175868
S134F,0.411003875
S134G,0.6478025279999999
S134H,0.8366271000000001
S134I,
S134K,0.926729879
S134L,0.201890385
S134M,0.535252937
S134N,1.037654795
S134P,0.8201612159999999
S134Q,
S134R,0.726127145
S134S,1.030015841
S134T,0.853485973
S134V,-0.033983616
S134W,0.569629656
S134X,
S134Y,0.525160335
I135A,0.58472698
I135C,0.815285094
I135D,0.064066197
I135E,-0.071383447
I135F,-0.686968318
I135G,0.004512548
I135H,0.5118077679999999
I135K,0.311545827
I135L,1.145693432
I135M,0.988440488
I135N,
I135P,0.501489163
I135Q,0.226995036
I135R,0.042758816
I135S,-0.029944429
I135T,0.484328848
I135V,0.8527444479999999
I135W,0.8285499129999999
I135X,-0.145207848
I135Y,1.199369153
F136A,0.41150659
F136C,
F136D,0.769529605
F136E,0.524400106
F136G,0.55804232
F136H,
F136I,
F136K,0.89149209
F136L,0.868554037
F136M,0.590545195
F136N,
F136P,
F136Q,0.625251896
F136R,0.553899225
F136S,0.603857489
F136T,
F136V,0.599868913
F136W,0.977479179
F136X,-0.4560711079999999
F136Y,
D137A,
D137C,
D137E,
D137F,
D137G,0.690449158
D137H,
D137I,
D137K,
D137L,0.754379336
D137M,
D137N,
D137P,
D137Q,
D137R,0.590356973
D137S,
D137T,
D137V,0.726391983
D137W,0.411571305
D137X,
D137Y,
L138A,0.939481173
L138C,
L138D,
L138E,0.6222007070000001
L138F,0.719442307
L138G,0.045070367
L138H,
L138I,
L138K,0.109495172
L138M,
L138N,
L138P,-0.036320829
L138Q,
L138R,-0.072999168
L138S,0.495141691
L138T,0.447916755
L138V,1.14724571
L138W,0.605973997
L138X,-0.104890051
L138Y,
P139A,0.9660397559999999
P139C,0.408842759
P139D,
P139E,0.96809956
P139F,1.062203325
P139G,0.978152538
P139H,1.152086439
P139I,
P139K,
P139L,0.9641845790000001
P139M,0.647141732
P139N,
P139P,0.807842776
P139Q,1.180560689
P139R,1.022363995
P139S,0.711527625
P139T,1.271765327
P139V,0.943332067
P139W,0.9633008909999999
P139X,0.109973747
P139Y,0.644178308
R140A,0.796224499
R140C,
R140D,
R140E,0.9527840540000001
R140F,0.416613771
R140G,0.939024805
R140H,
R140I,1.23741293
R140K,0.8894341459999999
R140L,1.110746645
R140M,0.507550773
R140N,
R140P,0.660449894
R140Q,1.008661658
R140R,0.737934092
R140S,0.7540329379999999
R140T,0.892016563
R140V,0.88782767
R140W,0.8534161140000001
R140X,-0.20695935
R140Y,
T141A,0.834077685
T141C,0.637545619
T141D,0.600664355
T141E,0.606547895
T141F,1.001332998
T141G,0.861732871
T141H,
T141I,0.839334285
T141K,0.9811854529999999
T141L,0.978762426
T141M,1.222632031
T141N,
T141P,0.6899411440000001
T141Q,0.989280371
T141R,0.857157635
T141S,0.923949672
T141T,1.013243325
T141V,1.07920013
T141W,0.8410863279999999
T141X,-0.110534448
T141Y,0.651553832
N142A,1.037556018
N142C,1.16377013
N142D,0.9297063590000001
N142E,0.836494739
N142F,0.8637566459999999
N142G,0.908922729
N142H,1.03740564
N142I,0.974903625
N142K,0.565184004
N142L,0.719524035
N142M,
N142P,1.09735495
N142Q,0.973642089
N142R,0.9385831720000001
N142S,0.730480013
N142T,1.039011735
N142V,0.8913770109999999
N142W,0.8483341109999999
N142X,0.240378701
N142Y,1.047238888
I143A,0.335844252
I143C,1.45756502
I143D,
I143E,0.653008477
I143F,1.240083015
I143G,0.33935773
I143H,1.039450084
I143K,
I143L,1.059994443
I143M,0.688677845
I143N,
I143P,0.762103596
I143Q,0.668221837
I143R,0.477507561
I143S,0.36896023
I143T,
I143V,1.263761717
I143W,0.617692011
I143X,-0.037407864
I143Y,0.479123925
G144A,0.713773593
G144C,
G144D,
G144E,0.8531215120000001
G144F,
G144G,1.097619458
G144H,0.772655835
G144I,
G144K,
G144L,0.7938665690000001
G144M,1.014773773
G144N,0.580830052
G144P,1.113422754
G144Q,
G144R,0.7455349720000001
G144S,0.930602722
G144T,
G144V,0.551644946
G144W,0.6768340629999999
G144X,0.031919251
G144Y,0.537500535
K145A,0.767310996
K145C,0.867666355
K145D,
K145E,1.522377262
K145F,
K145G,0.925447755
K145H,
K145I,1.048079581
K145L,0.595327069
K145M,0.8125673790000001
K145N,
K145P,0.8398020070000001
K145Q,0.8749883359999999
K145R,0.757032602
K145S,0.9702349920000001
K145T,0.979311495
K145V,0.909986072
K145W,0.593450234
K145X,0.192011669
K145Y,1.141677036
F146A,0.449429643
F146C,
F146D,
F146E,-0.085222962
F146G,-0.002421903
F146H,
F146I,
F146K,0.108531114
F146L,0.596091504
F146M,0.511176702
F146N,0.392421168
F146P,
F146Q,0.666396737
F146R,-0.006794589
F146S,-0.050419335
F146T,0.207523974
F146V,0.700379972
F146W,-0.222997184
F146X,-0.143296284
F146Y,
D147A,0.432785725
D147C,
D147D,1.052625345
D147E,0.688561843
D147F,
D147G,0.313933883
D147H,
D147I,-0.051443558
D147K,0.116822059
D147L,0.082365232
D147M,0.21440355
D147N,
D147P,-0.058324591
D147Q,0.54826425
D147R,0.462325009
D147S,0.398271892
D147T,0.394638736
D147V,0.183237094
D147W,0.0926336
D147X,-0.278948398
D147Y,
M148A,0.955463391
M148C,
M148D,
M148E,0.048377817
M148F,0.9882292570000001
M148G,0.493154933
M148H,0.7453244840000001
M148I,0.78776511
M148K,-0.02857315
M148L,1.127937479
M148N,0.226717449
M148P,
M148Q,0.42219629
M148R,0.465110057
M148S,0.569592311
M148T,0.7397198509999999
M148V,1.301631901
M148W,0.9031840390000001
M148X,-0.059213714
M148Y,1.092338033
I149A,0.673636735
I149C,0.9677041559999999
I149D,
I149E,-0.096939161
I149F,
I149G,0.002943866
I149H,
I149K,-0.117612843
I149L,0.933976122
I149M,0.8790978620000001
I149N,
I149P,-0.176185901
I149Q,0.211545838
I149R,-0.008227534
I149S,0.483050338
I149T,0.663087223
I149V,0.83206912
I149W,0.010001173
I149X,-0.08576053300000001
I149Y,
W150A,0.543043268
W150C,1.244798776
W150D,0.042487328
W150E,
W150F,1.053759595
W150G,-0.037896594
W150H,
W150I,
W150K,-0.098672951
W150L,0.743478145
W150M,0.853359883
W150N,-0.248575976
W150P,0.1957304
W150Q,0.218859271
W150R,-0.106853065
W150S,0.129664913
W150T,-0.171078943
W150V,0.730351451
W150X,0.20414904
W150Y,0.9966569340000001
D151A,0.10838866
D151C,0.014237202
D151E,0.41018779
D151F,0.330510791
D151G,-0.050815658
D151H,
D151I,-0.261268766
D151K,-0.188740028
D151L,-0.012472921
D151M,0.006031764
D151N,
D151P,0.159888696
D151Q,-0.347170065
D151R,0.030802403
D151S,0.167695498
D151T,-0.165389938
D151V,0.037792798
D151W,-0.047703303
D151X,-0.02195262
D151Y,0.042464252
R152A,0.963840147
R152C,1.140908599
R152D,
R152E,0.50836146
R152F,
R152G,0.801891293
R152H,
R152I,0.988128667
R152K,1.03451952
R152L,0.571817162
R152M,0.753261605
R152N,
R152P,0.6306687910000001
R152Q,0.745356233
R152R,1.01226885
R152S,0.900414218
R152T,0.9827105509999999
R152V,1.048866495
R152W,0.589376326
R152X,-0.05265248099999999
R152Y,
G153A,0.7155379040000001
G153C,0.657823776
G153D,1.240302916
G153E,0.741569782
G153F,
G153G,0.9297364579999999
G153H,
G153I,0.31633048
G153K,0.700527187
G153L,1.063706823
G153M,1.024802252
G153N,1.040360234
G153P,-0.025151594
G153Q,0.579101859
G153R,1.000562517
G153S,0.751826335
G153T,0.782749771
G153V,0.6607466989999999
G153W,0.78763158
G153X,-0.123768473
G153Y,0.375386747
A154A,1.200764171
A154C,0.597243321
A154D,-0.346437825
A154E,-0.29951677
A154F,0.293179474
A154G,0.7821992259999999
A154H,0.260954235
A154I,-0.11905204
A154K,0.230562036
A154L,0.696359113
A154M,0.674977945
A154N,0.128270012
A154P,0.257741751
A154Q,0.28180113
A154R,0.281567674
A154S,1.009387479
A154T,0.293765463
A154V,0.228663437
A154W,0.046993655
A154X,0.6969558459999999
A154Y,0.436483956
L155A,0.18938991
L155C,1.068303036
L155D,0.279900329
L155E,0.893437046
L155F,0.8174208479999999
L155G,-0.005632958
L155H,-0.238943813
L155I,0.867876942
L155K,-0.137427956
L155L,0.7146786540000001
L155M,1.034515156
L155N,0.050829441
L155P,
L155Q,-0.38359484
L155R,0.135572959
L155S,-0.003767202
L155T,1.045919669
L155V,0.686782569
L155W,0.581632556
L155X,0.532592989
L155Y,0.457880299
V156A,0.7990302359999999
V156C,0.9276038959999999
V156D,1.111935786
V156E,0.7101368859999999
V156F,
V156G,0.77358706
V156H,0.650712509
V156I,0.238639759
V156K,0.317339565
V156L,0.687873014
V156M,0.68907909
V156N,
V156P,0.716938952
V156Q,0.786053074
V156R,0.565081038
V156S,0.795479602
V156T,1.345745471
V156V,0.810773387
V156W,0.866117218
V156X,-0.057382699
V156Y,0.7000604979999999
A157A,1.100710749
A157C,0.825507475
A157D,1.324121669
A157E,0.802953453
A157F,
A157G,0.841541443
A157H,1.025589353
A157I,0.546355603
A157K,0.616060273
A157L,0.639755415
A157M,0.904114445
A157N,0.819277371
A157P,-0.058073506
A157Q,0.880112916
A157R,0.8245883420000001
A157S,
A157T,0.550628813
A157V,0.73310437
A157W,0.741272713
A157X,-0.357041693
A157Y,0.699057679
I158A,0.580445235
I158C,0.849589212
I158D,
I158E,0.19402102
I158F,
I158G,0.054891307
I158H,
I158K,0.008475889
I158L,0.9099297059999999
I158M,0.698522
I158N,
I158P,-0.030877851
I158Q,0.715404203
I158R,0.260171547
I158S,0.332994352
I158T,1.030569848
I158V,1.2334991
I158W,0.520754461
I158X,-0.031673172
I158Y,0.592732394
N159A,0.594080495
N159C,0.9589751740000001
N159D,0.780089702
N159E,0.7404472040000001
N159F,
N159G,0.711190859
N159H,
N159I,0.326003777
N159K,0.706279353
N159L,0.503512605
N159M,0.481679742
N159P,0.447801674
N159Q,0.424934026
N159R,0.7708005379999999
N159S,0.869428002
N159T,0.603563088
N159V,0.6117219660000001
N159W,0.600120416
N159X,0.001805904
N159Y,0.75901804
P160A,0.859466225
P160C,0.686423608
P160D,
P160E,0.6793521
P160F,
P160G,0.57565407
P160H,0.8856743020000001
P160I,
P160K,0.7894013590000001
P160L,0.513894312
P160M,0.515836992
P160N,0.261464528
P160P,0.59270525
P160Q,0.556739067
P160R,0.635273298
P160S,0.6850035329999999
P160T,0.543506531
P160V,0.512560066
P160W,0.759410762
P160X,-0.195473814
P160Y,
G161A,1.03007002
G161C,0.59902396
G161D,1.002285105
G161E,0.7920662940000001
G161F,0.866722043
G161G,0.999256659
G161H,1.106057419
G161I,0.7854771859999999
G161K,
G161L,0.893959995
G161M,1.274922588
G161N,1.332027045
G161P,1.114900882
G161Q,1.161488404
G161R,1.019789037
G161S,0.69062484
G161T,1.073604011
G161V,1.157891477
G161W,0.843907348
G161X,
G161Y,0.882831404
D162A,0.8763180740000001
D162C,0.881621323
D162E,1.068309965
D162F,
D162G,0.725313167
D162H,
D162I,1.015705595
D162K,0.6897800470000001
D162L,0.9410670740000001
D162M,0.9711671070000001
D162N,
D162P,-0.07588725
D162Q,0.921493597
D162R,0.8369760690000001
D162S,1.069043881
D162T,0.8464079409999999
D162V,0.905223953
D162W,0.932180213
D162X,-0.177612976
D162Y,0.790706375
R163A,0.626511162
R163C,0.41715995
R163D,0.058478981
R163E,0.205239791
R163F,0.09575882
R163G,0.051079154
R163H,0.7638518470000001
R163I,
R163K,0.6678754929999999
R163L,0.7541352179999999
R163M,0.8527986609999999
R163N,-0.245940201
R163P,-0.003914414000000001
R163Q,0.776164924
R163R,1.121691347
R163S,0.105126932
R163T,0.872939527
R163V,0.5460411999999999
R163W,1.009407332
R163X,0.020200708
R163Y,
K164A,1.131942124
K164C,1.087459625
K164D,0.962601088
K164E,1.098436653
K164F,0.804223088
K164G,1.012153962
K164H,
K164I,
K164K,0.910956488
K164L,1.07252936
K164M,1.071437125
K164N,1.288797111
K164P,1.162294341
K164Q,1.443363259
K164R,0.861586443
K164S,0.8408282909999999
K164T,1.201773563
K164V,0.7520594629999999
K164W,1.069175843
K164X,-0.122469147
K164Y,0.978803935
C165A,0.814817839
C165C,1.064060662
C165D,1.047063869
C165E,1.011497402
C165F,
C165G,0.6468502070000001
C165H,0.635657616
C165I,
C165K,0.594384763
C165L,0.977053873
C165M,0.7312095000000001
C165N,1.321390428
C165P,1.4079486
C165Q,1.381132174
C165R,1.153511982
C165S,1.089056742
C165T,1.281577884
C165V,1.317465686
C165W,1.143701678
C165X,0.08183368099999999
C165Y,
Y166A,0.02438584
Y166C,0.17959228
Y166D,
Y166E,-0.209463793
Y166F,
Y166G,0.122923063
Y166H,
Y166I,0.246226916
Y166K,-0.18202303
Y166L,0.182455154
Y166M,0.4148525320000001
Y166N,-0.197535087
Y166P,-0.048427537
Y166Q,0.132636566
Y166R,-0.019499687
Y166S,
Y166T,-0.083539595
Y166V,0.178540325
Y166W,0.08795375
Y166X,-0.08989027699999999
A167A,1.242993262
A167C,1.120371241
A167D,0.000575645
A167E,-0.113441352
A167F,0.688755442
A167G,0.853178332
A167H,0.255187245
A167I,
A167K,0.603439254
A167L,
A167M,0.7820617259999999
A167N,
A167P,-0.145245177
A167Q,0.683395979
A167R,0.9758010140000001
A167S,0.895408986
A167T,
A167V,1.001110479
A167W,0.685148456
A167X,
A167Y,0.596724551
D168A,0.96774506
D168C,
D168E,1.206582555
D168F,0.7932617009999999
D168G,1.053762406
D168H,
D168I,
D168K,1.038026173
D168L,0.8841057240000001
D168M,0.993976895
D168N,1.285258692
D168P,0.772771876
D168Q,1.020066453
D168R,0.8982321520000001
D168S,1.461746049
D168T,1.018737516
D168V,0.8593181790000001
D168W,0.69618443
D168X,0.09690422
D168Y,1.161230675
T169A,
T169C,0.911267362
T169D,0.454454982
T169E,0.521221246
T169F,0.80493241
T169G,0.951689447
T169H,1.215144569
T169I,0.790313137
T169K,0.709352361
T169L,1.073557734
T169M,1.094182252
T169N,0.396465405
T169P,-0.045960825
T169Q,0.924597019
T169R,0.884259883
T169S,1.090555868
T169T,1.04147291
T169V,0.8383393690000001
T169W,0.797354307
T169X,0.150638153
T169Y,1.184709182
M170A,0.562194215
M170C,
M170D,0.206106726
M170E,0.0020986
M170F,
M170G,0.091344527
M170H,0.015235193
M170I,0.7871536579999999
M170K,
M170L,1.059493592
M170N,
M170P,0.214911443
M170Q,0.447951552
M170R,-0.04519736799999999
M170S,0.053977042
M170T,0.838175917
M170V,1.045298375
M170W,0.144445874
M170X,-0.133130177
M170Y,-0.104243256
F171A,1.048054805
F171C,0.915207819
F171D,0.836504428
F171E,0.480242812
F171G,1.027862755
F171H,1.234871189
F171I,
F171K,1.015598749
F171L,0.9831453090000001
F171M,0.410459553
F171N,
F171P,0.392294876
F171Q,0.94465952
F171R,0.977762784
F171S,0.723674162
F171T,1.182248913
F171V,0.926131367
F171W,1.083158054
F171X,0.326272805
F171Y,
S172A,
S172C,
S172D,
S172E,
S172F,
S172G,
S172H,
S172I,
S172K,
S172L,
S172M,
S172N,
S172P,
S172Q,
S172R,
S172T,
S172V,
S172W,
S172X,
S172Y,
L173A,0.416998264
L173C,1.10011063
L173D,0.120179327
L173E,0.027977017
L173F,
L173G,0.121863672
L173H,
L173I,
L173K,
L173L,0.9293665390000001
L173M,1.075946998
L173N,0.044378742
L173P,0.141855245
L173Q,0.558714054
L173R,0.524542773
L173S,0.5928268179999999
L173T,0.986236103
L173V,1.209407376
L173W,0.864455137
L173X,-0.403140548
L173Y,
L174A,0.845151387
L174C,0.485351035
L174D,
L174E,
L174F,0.9715029209999999
L174G,0.636278649
L174H,0.016597236
L174I,
L174K,0.432499944
L174L,0.941949336
L174M,0.8308096359999999
L174N,-0.152254619
L174P,-0.178991331
L174Q,0.024869856
L174R,0.48162388
L174S,0.725208298
L174T,0.6940794379999999
L174V,0.895101798
L174W,0.9713812890000001
L174X,-0.091482618
L174Y,0.732390449
G175A,1.056980787
G175C,0.561987694
G175D,1.207034662
G175E,0.6507809520000001
G175F,0.8873363209999999
G175G,1.032124367
G175H,1.070116127
G175I,0.626916777
G175K,1.121290891
G175L,0.812994201
G175M,0.836216561
G175N,0.940145419
G175P,0.960845809
G175Q,1.074727004
G175R,0.789495417
G175S,0.748885496
G175T,1.252663723
G175V,0.9893374620000001
G175W,0.8949538370000001
G175X,0.508633375
G175Y,1.289619373
K176A,1.004644109
K176C,0.925918063
K176D,1.245939905
K176E,
K176F,0.84102844
K176G,1.078338241
K176H,0.809308646
K176I,0.902980138
K176L,1.168316915
K176M,0.851077738
K176N,
K176P,0.85077001
K176Q,1.076501442
K176R,0.93349392
K176S,0.873123205
K176T,
K176V,1.151767684
K176W,0.788865122
K176X,0.260615332
K176Y,
K177A,0.9735828740000001
K177C,
K177D,1.076337651
K177E,0.8459272659999999
K177F,0.8822539690000001
K177G,1.09591689
K177H,0.8145109290000001
K177I,0.741094268
K177L,0.315703713
K177M,0.721641124
K177N,
K177P,
K177Q,1.356314371
K177R,0.972517946
K177S,0.53756526
K177T,1.009721671
K177V,0.62540238
K177W,0.519813905
K177X,0.042448325
K177Y,0.902803152
F178A,0.945866325
F178C,0.96497332
F178D,
F178E,0.195084492
F178G,0.933938431
F178H,
F178I,
F178K,
F178L,0.574697515
F178M,
F178N,
F178P,0.17825684
F178Q,
F178R,0.102093199
F178S,0.8693845040000001
F178T,0.507187243
F178V,0.32077696
F178W,1.149639127
F178X,0.281361321
F178Y,
Q179A,1.034906821
Q179C,
Q179D,
Q179E,
Q179F,
Q179G,0.792325725
Q179H,
Q179I,
Q179K,1.259874376
Q179L,
Q179M,0.973604915
Q179N,
Q179P,-0.364130276
Q179R,1.127419998
Q179S,0.954044751
Q179T,
Q179V,1.11345345
Q179W,0.790588944
Q179X,0.833080231
Q179Y,
Y180A,0.214501456
Y180C,0.334484366
Y180D,0.013197104
Y180E,0.054553827
Y180F,
Y180G,-0.110966203
Y180H,
Y180I,
Y180K,-0.100359822
Y180L,0.668696869
Y180M,0.892290995
Y180N,0.211110127
Y180P,0.18939736
Y180Q,0.089537429
Y180R,-0.043460115
Y180S,0.026517418
Y180T,
Y180V,0.771030074
Y180W,0.9059757409999999
Y180X,-0.225078943
L181A,1.050730525
L181C,1.03510067
L181D,-0.197075336
L181E,0.163785151
L181F,1.054921832
L181G,0.8140426890000001
L181H,
L181I,1.049778539
L181K,-0.06374489900000001
L181L,1.146052583
L181M,
L181N,
L181P,
L181Q,0.452413436
L181R,0.258974112
L181S,0.490853119
L181T,0.612393258
L181V,0.785727416
L181W,0.6491517170000001
L181X,-0.057764207
L181Y,
L182A,0.48853949
L182C,0.89217717
L182D,-0.41545856
L182E,
L182F,
L182G,-0.060612464
L182H,-0.051858
L182I,
L182K,-0.286788491
L182L,1.002742987
L182M,0.924615891
L182N,
L182P,0.974822637
L182Q,-0.07394798799999999
L182R,-0.012354125
L182S,0.088049966
L182T,0.491902948
L182V,0.8028453720000001
L182W,0.07368558
L182X,-0.119312483
L182Y,0.259682797
C183A,0.806872123
C183D,
C183E,0.900064295
C183F,
C183G,0.6965113820000001
C183H,0.7708106509999999
C183I,
C183K,
C183L,1.010544005
C183M,1.069424435
C183N,
C183P,-0.443053341
C183Q,0.570654818
C183R,0.6427218610000001
C183S,1.141818786
C183T,1.013076636
C183V,0.836599833
C183W,0.698055068
C183X,0.568824676
C183Y,
V184A,0.912071207
V184C,
V184D,
V184E,0.20949714
V184F,
V184G,0.687155775
V184H,
V184I,
V184K,0.791371449
V184L,1.073460008
V184M,0.637424654
V184N,0.629121807
V184P,
V184Q,0.8953991090000001
V184R,0.431183875
V184S,1.188252525
V184T,1.241698654
V184V,0.90921758
V184W,-0.023031295
V184X,0.126540769
V184Y,
L185A,0.534029713
L185C,0.7991199809999999
L185D,
L185E,1.011149941
L185F,
L185G,0.590134258
L185H,
L185I,0.871591795
L185K,0.596089755
L185L,0.928191642
L185M,
L185N,
L185P,
L185Q,0.994851143
L185R,0.666826542
L185S,1.025255729
L185T,0.937290463
L185V,1.030680207
L185W,0.8386494059999999
L185X,-0.294229558
L185Y,
S186A,1.215861118
S186C,0.96971553
S186D,1.551753299
S186E,0.978182546
S186F,1.067628502
S186G,0.770310343
S186H,0.943474536
S186I,
S186K,
S186L,0.953013985
S186M,0.783224245
S186N,
S186P,0.61709485
S186Q,
S186R,0.766670876
S186S,0.8387512309999999
S186T,1.132857107
S186V,0.774554485
S186W,0.866745977
S186X,-0.042405355
S186Y,1.053494679
Y187A,0.617318397
Y187C,0.6891467370000001
Y187D,0.578278999
Y187E,0.621407182
Y187F,
Y187G,0.778810839
Y187H,
Y187I,0.81712252
Y187K,0.617637733
Y187L,0.737879383
Y187M,
Y187N,1.565658962
Y187P,0.65279206
Y187Q,0.353601663
Y187R,0.651363567
Y187S,0.8393139359999999
Y187T,0.693424735
Y187V,0.491034098
Y187W,0.678533556
Y187X,-0.006718996
D188A,0.756446108
D188C,0.9103355609999999
D188E,0.8224705990000001
D188F,0.66759457
D188G,0.6999487209999999
D188H,
D188I,
D188K,0.849053787
D188L,0.612120539
D188M,0.849540987
D188N,0.954372377
D188P,0.7143851109999999
D188Q,0.716156053
D188R,0.641991931
D188S,0.6012539379999999
D188T,0.6778636579999999
D188V,0.487232708
D188W,0.6236202710000001
D188X,-0.032658382
D188Y,0.62613277
P189A,1.109478073
P189C,0.715202584
P189D,0.138058555
P189E,0.7661392990000001
P189F,0.812872182
P189G,0.7805956140000001
P189H,1.054655465
P189I,0.710677625
P189K,0.563243159
P189L,0.642314785
P189M,0.909242201
P189N,-0.06905045900000001
P189P,0.854564065
P189Q,0.9299565670000001
P189R,0.610124102
P189S,0.925504456
P189T,0.996195356
P189V,0.782343461
P189W,0.911855258
P189X,-0.221547083
P189Y,
T190A,0.8859273879999999
T190C,1.025938108
T190D,0.594263005
T190E,1.101619788
T190F,1.302822807
T190G,0.948520574
T190H,1.303041989
T190I,1.065829528
T190K,
T190L,1.158902331
T190M,
T190N,
T190P,1.167383565
T190Q,1.030062593
T190R,1.136553747
T190S,1.138842301
T190V,1.026183978
T190W,1.058163747
T190X,-0.115172525
T190Y,0.948310577
K191A,0.912085466
K191C,1.002272168
K191D,1.11093079
K191E,0.533354316
K191F,
K191G,0.773233423
K191H,
K191I,1.010450833
K191K,0.737907764
K191L,1.007537454
K191M,0.816626792
K191N,
K191P,0.567523432
K191Q,0.959676173
K191R,0.82572809
K191S,1.010083192
K191T,0.613322385
K191V,0.852971933
K191W,0.770272032
K191X,
K191Y,0.933327639
H192A,0.771618369
H192C,0.57769972
H192D,0.866120111
H192E,0.8941712820000001
H192F,
H192G,0.504297616
H192I,
H192K,0.632419803
H192L,0.805825604
H192M,1.160371447
H192N,
H192P,0.327442977
H192Q,
H192R,0.966114812
H192S,0.566607248
H192T,0.7115957759999999
H192V,0.901603505
H192W,1.201837036
H192X,0.409356285
H192Y,1.434893717
P193A,1.284377984
P193C,1.294834843
P193D,
P193E,0.568744726
P193F,
P193G,0.919328024
P193H,1.111908436
P193I,0.500555335
P193K,0.3535127
P193L,0.8437998879999999
P193M,1.489189006
P193N,
P193Q,1.438637697
P193R,0.892856358
P193S,1.01501599
P193T,1.328254275
P193V,0.625884185
P193W,0.523113432
P193X,0.499620057
P193Y,1.454277251
G194A,0.786605718
G194C,0.785899887
G194D,
G194E,0.827871356
G194F,
G194G,1.110818745
G194H,
G194I,
G194K,1.081274679
G194L,0.6653913220000001
G194M,0.671335193
G194N,
G194P,0.786448154
G194Q,0.57068235
G194R,0.853471055
G194S,0.7899031479999999
G194T,0.9579533990000001
G194V,0.503560989
G194W,0.512910011
G194X,0.158520154
G194Y,1.083303835
P195A,0.6515592029999999
P195C,-0.085794496
P195D,
P195E,0.809496898
P195F,0.51904021
P195G,0.596809469
P195H,
P195I,
P195K,-0.191870815
P195L,0.302559087
P195M,0.338298974
P195N,
P195P,1.266210896
P195Q,0.22300731
P195R,0.526349631
P195S,0.386771297
P195T,0.652905069
P195V,0.7550687770000001
P195W,0.615349619
P195X,
P195Y,
P196A,0.851477371
P196C,
P196D,0.600574896
P196E,0.135379118
P196F,0.223777361
P196G,0.504843779
P196H,
P196I,0.782518457
P196K,0.183583871
P196L,0.527973873
P196M,-0.317530527
P196N,
P196P,0.976297172
P196Q,0.396324275
P196R,0.67844626
P196S,0.913488738
P196T,
P196V,0.58833772
P196W,0.572778608
P196X,
P196Y,
F197A,0.892863269
F197C,
F197D,
F197E,0.597194215
F197G,0.568676045
F197H,0.88914464
F197I,1.425996395
F197K,0.840143365
F197L,0.5428169939999999
F197M,0.498792482
F197N,0.468893568
F197P,0.844919104
F197Q,1.009318569
F197R,0.572132577
F197S,0.335029707
F197T,0.625962534
F197V,0.452547248
F197W,0.6978378129999999
F197X,-0.412742914
F197Y,
Y198A,0.847506375
Y198C,0.672833756
Y198D,
Y198E,0.45261455
Y198F,1.381111471
Y198G,0.760170901
Y198H,0.56044966
Y198I,1.134310696
Y198K,1.180666305
Y198L,1.349940898
Y198M,1.171620474
Y198N,1.113038016
Y198P,1.289396563
Y198Q,0.328388942
Y198R,0.8435722309999999
Y198S,0.5994940360000001
Y198T,0.847737643
Y198V,1.353160467
Y198W,0.7343623859999999
Y198X,0.046496431
V199A,0.525735927
V199C,
V199D,-0.185873626
V199E,0.296119333
V199F,0.521838071
V199G,-0.033599121
V199H,
V199I,
V199K,0.378182168
V199L,1.142469517
V199M,0.774314058
V199N,
V199P,1.026531922
V199Q,0.326286159
V199R,0.201070308
V199S,0.357157685
V199T,0.764725709
V199V,1.171915847
V199W,0.038410513
V199X,0.317409411
V199Y,
P200A,0.716481163
P200C,1.144315032
P200D,
P200E,
P200F,0.139764089
P200G,1.27535579
P200H,1.535257872
P200I,0.787946603
P200K,
P200L,0.30954616
P200M,
P200N,1.953234669
P200P,0.7189513009999999
P200Q,
P200R,1.235571193
P200S,1.060987868
P200T,
P200V,0.574036454
P200W,
P200X,
P200Y,
H201A,1.03084327
H201C,0.66317423
H201D,
H201E,1.042312316
H201F,0.969853959
H201G,1.01178262
H201I,
H201K,1.777080724
H201L,1.20927223
H201M,1.001703549
H201N,
H201P,1.215199787
H201Q,1.375591528
H201R,1.034105782
H201S,0.980296308
H201T,0.759023355
H201V,1.427321751
H201W,1.028341065
H201X,-0.658574353
H201Y,1.108244258
A202A,1.414111042
A202C,1.033015308
A202D,0.646757401
A202E,1.618750015
A202F,1.267752514
A202G,0.9979357520000001
A202H,
A202I,0.49535125
A202K,1.317656126
A202L,0.609303333
A202M,1.038016478
A202N,0.8865792370000001
A202P,1.191518131
A202Q,0.85325594
A202R,1.252499824
A202S,1.136768251
A202T,1.02923126
A202V,0.975370339
A202W,0.9752742179999999
A202X,0.521480772
A202Y,1.117950915
E203A,0.885902266
E203C,0.85896833
E203D,1.12044861
E203E,0.7471151559999999
E203F,0.7671290740000001
E203G,0.642394273
E203H,
E203I,1.145616633
E203K,0.595575387
E203L,1.262955227
E203M,1.538304766
E203N,0.8510785240000001
E203P,0.466817895
E203Q,0.9523434959999999
E203R,0.428400961
E203S,0.826987792
E203T,
E203V,0.975780049
E203W,0.4784625279999999
E203X,0.438998278
E203Y,1.177587116
I204A,-0.218787402
I204C,
I204D,
I204E,0.191113309
I204F,
I204G,0.179692675
I204H,
I204K,
I204L,
I204M,
I204N,
I204P,0.148395908
I204Q,0.205547672
I204R,0.0369141
I204S,
I204T,
I204V,0.88111561
I204W,0.050322303
I204X,
I204Y,
E205A,1.078930331
E205C,1.134974111
E205D,1.12578984
E205E,0.87985704
E205F,0.966988023
E205G,1.021949818
E205H,1.334772721
E205I,0.758140878
E205K,0.5383883970000001
E205L,1.114184768
E205M,0.710339814
E205N,
E205P,0.535661198
E205Q,0.955821727
E205R,0.960698042
E205S,0.9117691109999999
E205T,0.831747254
E205V,1.013413242
E205W,0.7640247609999999
E205X,0.235339687
E205Y,0.091398243
R206A,1.200505753
R206C,0.598737533
R206D,0.631613375
R206E,0.849748504
R206F,
R206G,0.866770411
R206H,
R206I,
R206K,1.550230752
R206L,1.003557296
R206M,0.9782601190000001
R206N,-0.119091709
R206P,0.575020525
R206Q,
R206R,0.9153187429999999
R206S,0.340450844
R206T,1.032558844
R206V,0.815429165
R206W,0.776330368
R206X,0.173427186
R206Y,1.448611068
L207A,0.661923522
L207C,1.130348748
L207D,0.62059843
L207E,0.287345767
L207F,0.680090773
L207G,0.208321553
L207H,-0.104492884
L207I,0.881017734
L207K,0.6255467720000001
L207L,0.9876109670000001
L207M,1.19001881
L207N,
L207P,0.392283055
L207Q,0.397458258
L207R,0.572711729
L207S,0.3711726929999999
L207T,1.082613472
L207V,0.904543551
L207W,0.894672625
L207X,0.123960399
L207Y,0.928208006
F208A,0.540317416
F208C,0.562186668
F208D,-0.151879838
F208E,0.245509367
F208G,0.155654179
F208H,
F208I,0.336086668
F208K,0.7292170370000001
F208L,0.423291911
F208M,1.027401726
F208N,-0.132075044
F208P,-0.174338718
F208Q,0.278088331
F208R,-0.006183008
F208S,0.062937386
F208T,0.584585284
F208V,0.73629052
F208W,1.107817647
F208X,-0.30896318
F208Y,0.9004832509999999
G209A,1.068625078
G209C,0.6991546270000001
G209D,1.182819709
G209E,0.8475705
G209F,0.7009135609999999
G209G,1.10173395
G209H,
G209I,0.553678462
G209K,0.861514195
G209L,0.7691709720000001
G209M,1.410541524
G209N,
G209P,0.739422583
G209Q,1.479598801
G209R,0.8385944909999999
G209S,0.691159367
G209T,1.205295544
G209V,0.784400599
G209W,0.78105823
G209X,
G209Y,0.989531884
K210A,0.8515956579999999
K210C,0.9795864
K210D,0.983696784
K210E,0.645726424
K210F,1.169517417
K210G,0.758142877
K210H,1.499676822
K210I,1.549600879
K210K,1.353840743
K210L,1.161883944
K210M,1.19031035
K210N,0.809176508
K210P,1.112168433
K210Q,0.911847737
K210R,1.25891417
K210S,1.175067836
K210T,0.941264722
K210V,0.6820158040000001
K210W,0.907458931
K210X,0.299515838
K210Y,1.26838081
I211A,1.34696095
I211C,1.194415925
I211D,1.307422194
I211E,0.541989831
I211F,1.304524098
I211G,1.073090415
I211H,
I211I,1.348249179
I211K,1.034006533
I211L,0.69556084
I211M,1.812481517
I211N,1.081859975
I211P,0.861835626
I211Q,1.272530315
I211R,0.994996732
I211S,1.201975472
I211T,0.264414069
I211V,1.083181673
I211W,1.246451251
I211X,0.165540486
I211Y,0.266838638
C212A,1.245512545
C212C,1.310473714
C212D,0.237416152
C212E,0.313178637
C212F,0.302587747
C212G,0.9421675690000001
C212H,-0.173838852
C212I,
C212K,
C212L,0.840547844
C212M,0.734255641
C212N,
C212P,0.5180218839999999
C212Q,0.8668376879999999
C212R,0.364450598
C212S,0.416748062
C212T,1.032161938
C212V,0.945030337
C212W,0.609573012
C212X,0.06498332
C212Y,1.195258937
N213A,1.131738072
N213C,1.168534013
N213D,1.035174816
N213E,0.846571504
N213F,0.922435604
N213G,1.025567344
N213H,
N213I,0.3408930529999999
N213K,
N213L,0.462465056
N213M,
N213P,0.292559016
N213Q,0.915592409
N213R,0.9846541190000001
N213S,1.045213987
N213T,0.802605377
N213V,1.096242716
N213W,0.495135513
N213X,
N213Y,1.308731877
I214A,0.789842541
I214C,1.588440779
I214D,-0.02846828
I214E,0.6496601329999999
I214F,0.388004635
I214G,0.09738276
I214H,
I214I,1.153572296
I214K,
I214L,0.77564498
I214M,
I214N,
I214P,0.268375444
I214Q,0.382201154
I214R,0.170542287
I214S,0.618230908
I214T,0.6806524690000001
I214V,0.933098564
I214W,0.745665331
I214X,-0.299565739
I214Y,-0.135562894
R215A,1.12588039
R215C,1.204365546
R215D,
R215E,0.9358863890000001
R215F,0.059779572
R215G,1.05104856
R215H,1.136172232
R215I,1.407092277
R215K,0.697993761
R215L,1.214940773
R215M,0.7918547779999999
R215N,1.126904083
R215P,0.578579129
R215Q,1.064461989
R215R,1.149446222
R215S,0.9102022390000001
R215T,0.975123148
R215V,0.690912425
R215W,0.942459687
R215X,0.001660118
R215Y,1.084657799
C216A,0.802095005
C216D,0.653665546
C216E,1.093837182
C216F,1.008923156
C216G,0.9100004620000001
C216H,
C216I,
C216K,1.344492383
C216L,1.050099613
C216M,1.36029009
C216N,1.075830448
C216P,1.345350398
C216Q,1.024080144
C216R,0.996183536
C216S,0.99716269
C216T,0.949679492
C216V,0.977334788
C216W,0.852769014
C216X,0.454367716
C216Y,
L217A,0.742345475
L217C,1.011862137
L217D,0.292026343
L217E,0.635582065
L217F,0.781491554
L217G,0.219694629
L217H,0.306394779
L217I,0.8973952190000001
L217K,1.107734781
L217L,1.048657621
L217M,1.026175973
L217N,
L217P,0.147242375
L217Q,0.8428685159999999
L217R,0.46789563
L217S,0.6609749220000001
L217T,0.617079605
L217V,0.945526885
L217W,1.204909762
L217X,0.509446972
L217Y,1.155168061
E218A,1.004126927
E218C,1.118908335
E218D,0.51983676
E218F,0.893218539
E218G,0.589127608
E218H,1.02335961
E218I,0.6411398070000001
E218K,
E218L,0.7877471309999999
E218M,1.066904109
E218N,0.8546473720000001
E218P,0.488636949
E218Q,0.833753579
E218R,0.55904332
E218S,0.364563001
E218T,0.871593519
E218V,0.783424328
E218W,0.777379
E218X,
E218Y,1.02574063
K219A,0.924262734
K219C,2.146574556
K219D,0.611011054
K219E,1.331241308
K219F,0.827627351
K219G,0.916645233
K219H,
K219I,-0.032664167
K219L,0.799637432
K219M,0.594629672
K219N,0.715802307
K219P,0.373676758
K219Q,0.821169136
K219R,1.261190505
K219S,1.290247716
K219T,1.483247244
K219V,1.17720461
K219W,
K219X,0.447603719
K219Y,0.842624315
V220A,0.700150748
V220C,0.531459992
V220D,
V220E,1.074007605
V220F,0.605603834
V220G,0.894527847
V220H,
V220I,
V220K,1.10141468
V220L,0.6800306779999999
V220M,1.191630838
V220N,
V220P,0.570922256
V220Q,1.186664823
V220R,0.714652988
V220S,0.678647474
V220T,1.413313257
V220V,1.341717171
V220W,1.184156258
V220X,0.260828973
V220Y,
D221A,0.872880159
D221C,1.292561554
D221E,1.024846519
D221F,0.358263523
D221G,0.871406152
D221H,
D221I,0.258733777
D221K,0.8094912809999999
D221L,0.889797756
D221M,0.585716261
D221N,0.732245475
D221P,0.936691368
D221Q,0.780514477
D221R,0.839100596
D221S,0.8837954579999999
D221T,0.71853426
D221V,1.193050827
D221W,1.116859745
D221X,0.291966958
D221Y,0.658289683
A222A,1.335023902
A222C,1.193857017
A222D,0.624968691
A222E,0.746374797
A222F,0.361946602
A222G,0.9814854590000001
A222H,1.40634089
A222I,0.650018952
A222K,0.956275577
A222L,0.984347269
A222M,1.117601339
A222N,
A222P,0.9433688459999999
A222Q,1.028782332
A222R,0.917493428
A222S,0.992278895
A222T,1.115413761
A222V,1.250424791
A222W,0.522352953
A222X,0.569871538
A222Y,1.562990637
F223A,1.09114662
F223C,0.9011023000000001
F223D,1.146207778
F223E,0.422243925
F223G,0.8849496990000001
F223H,
F223I,1.472391117
F223K,0.416413144
F223L,1.20478472
F223M,0.855840455
F223N,1.041323971
F223P,0.573737736
F223Q,0.247951869
F223R,0.723711282
F223S,1.159740008
F223T,1.4469938
F223V,0.948737963
F223W,0.915426774
F223X,0.54705235
F223Y,0.8566155670000001
E224A,1.354929362
E224C,1.229959127
E224D,0.7696567940000001
E224E,0.90809075
E224F,
E224G,0.924520673
E224H,0.730757662
E224I,0.9304666340000001
E224K,0.963517427
E224L,0.50878937
E224M,0.855970648
E224N,1.124966496
E224P,0.46376517
E224Q,0.467238875
E224R,0.7255259709999999
E224S,0.925251505
E224T,0.979631795
E224V,0.980326127
E224W,0.798859415
E224X,0.427452381
E224Y,0.73613351
E225A,0.967559115
E225C,
E225D,
E225E,1.321313186
E225F,1.181253205
E225G,0.882665657
E225H,
E225I,
E225K,0.943543171
E225L,1.601475841
E225M,0.55492302
E225N,
E225P,0.942074469
E225Q,1.306484045
E225R,0.965860567
E225S,0.986600235
E225T,0.951532374
E225V,1.063872761
E225W,0.789418712
E225X,-0.638901221
E225Y,
R226A,1.114084287
R226C,1.365818639
R226D,1.786593161
R226E,1.326216136
R226F,0.9770603790000001
R226G,0.9336111440000001
R226H,0.247181105
R226I,
R226K,1.052177289
R226L,1.119186726
R226M,1.018409837
R226N,0.974571031
R226P,0.809794335
R226Q,1.338431174
R226R,0.805939981
R226S,0.981641227
R226T,0.702349206
R226V,0.681873993
R226W,1.01908501
R226X,0.261352653
R226Y,1.034530225
H227A,0.8655677420000001
H227C,0.500167358
H227D,0.57021688
H227E,0.886528758
H227F,0.651604734
H227G,0.774345925
H227I,0.926172489
H227K,1.087396476
H227L,0.970940902
H227M,1.021598826
H227N,0.762898532
H227P,0.7926313970000001
H227Q,0.738107757
H227R,0.895071108
H227S,0.725494757
H227T,1.275531491
H227V,1.060676933
H227W,0.7040225720000001
H227X,-0.255490886
H227Y,1.0688146
K228A,0.8813457109999999
K228C,0.9559785540000001
K228D,1.414511333
K228E,0.999855147
K228F,
K228G,0.866653711
K228H,1.40159421
K228I,0.779450194
K228K,1.78186957
K228L,1.082653783
K228M,0.157692852
K228N,0.598604155
K228P,0.90035601
K228Q,1.323262662
K228R,1.120707824
K228S,0.991682154
K228T,0.458241319
K228V,1.17014836
K228W,0.928081853
K228X,0.330622381
K228Y,0.897957727
S229A,1.375395176
S229C,-0.228343437
S229D,1.216123345
S229E,0.8485670679999999
S229F,1.10789652
S229G,1.087370037
S229H,1.015608483
S229I,0.248651438
S229K,
S229L,1.354351447
S229M,0.971687181
S229N,
S229P,
S229Q,1.459240292
S229R,1.176191521
S229S,1.030881534
S229T,0.392233365
S229V,0.7972064459999999
S229W,0.9666543120000001
S229X,0.7540505590000001
S229Y,1.204895702
W230A,1.145059619
W230C,
W230D,0.787904367
W230E,0.74873766
W230F,
W230G,0.7879405820000001
W230H,0.575725677
W230I,1.158625284
W230K,0.779538684
W230L,0.760234306
W230M,0.813567413
W230N,
W230P,0.60379527
W230Q,0.470610723
W230R,0.703437768
W230S,0.90283607
W230T,1.011906415
W230V,0.64989959
W230X,0.515960631
W230Y,0.6919125759999999
G231A,0.901773672
G231C,0.8711597440000001
G231D,
G231E,1.006504649
G231F,0.41240183
G231G,1.125919415
G231H,1.165409162
G231I,0.67414072
G231K,0.912087814
G231L,0.8181931809999999
G231M,0.545000653
G231N,
G231P,0.796215955
G231Q,1.43136272
G231R,0.9522762459999999
G231S,0.9277774870000001
G231T,0.541295665
G231V,0.697463245
G231W,0.54811871
G231X,0.9078852940000001
G231Y,0.517533832
I232A,0.850711575
I232C,0.703805102
I232D,0.499509272
I232E,0.630057905
I232F,
I232G,0.743787784
I232H,-0.104501082
I232K,0.5789215999999999
I232L,0.947395177
I232M,0.410510403
I232N,
I232P,0.6398150420000001
I232Q,0.963721286
I232R,0.699435756
I232S,0.760833885
I232T,0.703345088
I232V,0.841677124
I232W,0.834934513
I232X,0.737932521
I232Y,
D233A,1.25436207
D233C,1.32813803
D233E,1.30876073
D233F,
D233G,1.003788113
D233H,1.519110117
D233I,0.878142449
D233K,0.60885806
D233L,0.690050493
D233M,
D233N,
D233P,0.716615268
D233Q,1.163876752
D233R,1.242142544
D233S,1.131939225
D233T,
D233V,0.8136356920000001
D233W,0.987290986
D233X,0.7898177409999999
D233Y,
C234A,1.297873583
C234D,1.681158421
C234E,
C234F,
C234G,0.9603108859999999
C234H,
C234I,
C234K,0.084584206
C234L,1.102650826
C234M,1.257646666
C234N,0.821805536
C234P,0.813512007
C234Q,1.162686793
C234R,0.8498301509999999
C234S,1.123452596
C234T,0.9984073940000001
C234V,1.271574273
C234W,1.051540801
C234X,-0.310293233
C234Y,
L235A,
L235C,
L235D,1.180632847
L235E,0.149061637
L235F,
L235G,0.88430039
L235H,
L235I,1.221852311
L235K,0.679193802
L235L,0.8404122209999999
L235M,1.266683924
L235N,0.966456146
L235P,0.620519688
L235Q,1.224388737
L235R,0.403714111
L235S,0.9603940000000001
L235T,-0.112047925
L235V,0.987689884
L235W,0.650925859
L235X,
L235Y,0.6412371570000001
F236A,1.302703327
F236C,0.459714062
F236D,
F236E,0.899398411
F236G,0.805840964
F236H,
F236I,
F236K,
F236L,0.701007081
F236M,
F236N,1.81601877
F236P,0.712527841
F236Q,
F236R,0.9537214890000001
F236S,1.138265363
F236T,0.736011238
F236V,1.277271148
F236W,1.066335556
F236X,
F236Y,
E237A,0.58136604
E237C,0.686336432
E237D,0.594548834
E237E,0.8425931170000001
E237F,1.2482581
E237G,0.490850186
E237H,0.9279767640000001
E237I,
E237K,0.280853385
E237L,0.8844885570000001
E237M,0.779837633
E237N,0.000839997
E237P,0.497522355
E237Q,1.053886323
E237R,0.723248528
E237S,0.937280252
E237T,-0.381098265
E237V,0.7277412190000001
E237W,0.251834455
E237X,0.212493373
E237Y,0.52752855
K238A,1.198781276
K238C,1.252357593
K238D,1.103380316
K238E,1.234060199
K238F,
K238G,0.9437044040000001
K238H,
K238I,
K238L,0.386675866
K238M,1.328183595
K238N,
K238P,0.493192658
K238Q,1.281522964
K238R,1.04583915
K238S,0.926302849
K238T,0.786550697
K238V,1.028536131
K238W,0.981354093
K238X,-0.243771928
K238Y,0.367248746
L239A,0.600670739
L239C,0.863280183
L239D,0.6421850720000001
L239E,0.454398853
L239F,1.374056655
L239G,0.443839934
L239H,0.258647266
L239I,
L239K,0.330062492
L239L,1.208734226
L239M,0.834505809
L239N,0.637074377
L239P,0.5708849
L239Q,
L239R,0.65463937
L239S,0.745956145
L239T,0.7735897540000001
L239V,0.9353694029999999
L239W,0.7109435159999999
L239X,0.584803462
L239Y,0.020818444
Y240A,0.005303699
Y240C,0.599670597
Y240D,-0.081650841
Y240E,0.183627561
Y240F,
Y240G,0.093478275
Y240H,
Y240I,1.021888134
Y240K,0.08637658699999999
Y240L,1.001156943
Y240M,0.8232137509999999
Y240N,
Y240P,0.027191099
Y240Q,
Y240R,-0.029387467
Y240S,0.175107279
Y240T,0.274772115
Y240V,0.387821078
Y240W,0.705268573
Y240X,-0.020151894
L241A,1.079663593
L241C,1.082516072
L241D,0.411716602
L241E,1.069117452
L241F,
L241G,0.489153657
L241H,
L241I,
L241K,1.071300092
L241L,0.571595605
L241M,0.5966396860000001
L241N,
L241P,-0.293659723
L241Q,0.955715951
L241R,0.58832539
L241S,0.949838712
L241T,1.220445209
L241V,
L241W,0.501586175
L241X,
L241Y,
L242A,0.477964769
L242C,
L242D,
L242E,
L242F,0.7788242329999999
L242G,0.452822287
L242H,
L242I,
L242K,
L242L,1.194524337
L242M,0.7678799009999999
L242N,-0.236158912
L242P,
L242Q,-0.020644927
L242R,0.043332265
L242S,-0.185356873
L242T,-0.147894364
L242V,0.785298484
L242W,0.107932238
L242X,0.167051712
L242Y,0.350387923
T243A,1.030698528
T243C,1.27287495
T243D,1.424854718
T243E,0.8062550009999999
T243F,1.083929299
T243G,0.628484565
T243H,
T243I,
T243K,
T243L,0.8790724390000001
T243M,
T243N,
T243P,0.122024894
T243Q,0.95512107
T243R,0.917349937
T243S,1.086265331
T243V,0.7004703659999999
T243W,0.6767972659999999
T243X,0.02788675
T243Y,
E244A,0.8263638740000001
E244C,1.067089605
E244D,0.6413799170000001
E244F,0.6480212
E244G,0.9862092370000001
E244H,1.089257486
E244I,
E244K,
E244L,0.997125163
E244M,
E244N,
E244P,1.102485382
E244Q,1.514441369
E244R,0.8642585190000001
E244S,1.015430419
E244T,0.986963987
E244V,0.659347995
E244W,0.855004615
E244X,
E244Y,
K245A,0.94282318
K245C,
K245D,0.752055093
K245E,0.970427209
K245F,1.14706109
K245G,0.88366325
K245H,
K245I,
K245L,0.909964963
K245M,0.9486763090000001
K245N,1.041581942
K245P,1.173864725
K245Q,0.8846787770000001
K245R,0.829731137
K245S,0.6681886810000001
K245T,0.900678255
K245V,0.671573471
K245W,0.827424688
K245X,0.874807346
K245Y,
