mutant,isobutyramide_normalized_fitness
M1W,-0.5174
M1Y,-0.5253
M1P,-0.5154
M1M,0.0
M1I,-0.364
M1L,-0.4365
M1V,-0.3485
M1A,-0.5393
M1G,-0.5064
M1C,-0.5308
M1S,-0.5564
M1T,-0.468
M1N,-0.5339
M1Q,-0.6033
M1D,-0.5029
M1E,-0.45
M1H,-0.4445
M1K,-0.4745
M1R,-0.6121
R2F,-0.324
R2W,
R2Y,-0.5054
R2P,-0.7597
R2M,-0.2318
R2I,-0.4327
R2L,-0.8705
R2V,-0.8936
R2A,-1.119
R2G,-0.2745
R2C,-0.3855
R2S,-0.2712
R2T,-0.536
R2N,-0.453
R2Q,-0.41
R2D,-0.613
R2E,-0.684
R2H,-0.3779
R2K,0.153
R2R,0.0
H3F,-0.0329
H3W,-0.2264
H3Y,0.3833
H3P,-0.5913
H3M,0.7268
H3I,0.7991
H3L,0.7812
H3V,0.8438
H3A,0.3327
H3G,-0.0842
H3C,0.5607
H3S,0.4422
H3T,0.7477
H3N,0.5961
H3Q,0.21
H3D,-0.1731
H3E,-0.1255
H3H,0.0
H3K,-0.0361
H3R,-0.52
G4F,
G4W,
G4Y,
G4P,-0.6805
G4M,
G4I,
G4L,-0.3293
G4V,0.0734
G4A,0.295
G4G,0.0
G4C,0.0734
G4S,0.662
G4T,-0.1044
G4N,
G4Q,-0.2607
G4D,-0.2224
G4E,
G4H,
G4K,
G4R,-0.3519
D5F,
D5W,
D5Y,0.29
D5P,-0.8705
D5M,
D5I,
D5L,
D5V,0.1596
D5A,0.0084
D5G,-0.4043
D5C,0.7592
D5S,0.0962
D5T,0.1138
D5N,-0.1523
D5Q,-0.4536
D5D,0.0
D5E,0.3273
D5H,
D5K,
D5R,-0.5971
I6F,0.6879
I6W,
I6Y,
I6P,-0.6925
I6M,
I6I,0.0
I6L,0.5081
I6V,-0.086
I6A,-0.4672
I6G,-0.4793
I6C,-0.2215
I6S,-0.6621
I6T,0.4007
I6N,0.3965
I6Q,-0.6890000000000001
I6D,-0.6859999999999999
I6E,-0.3354
I6H,-0.205
I6K,-0.4187
I6R,-0.6868
S7F,0.7752
S7W,
S7Y,0.7053
S7P,-0.6454
S7M,0.78
S7I,0.6156
S7L,0.7097
S7V,0.2785
S7A,-0.0604
S7G,0.0765
S7C,0.6684
S7S,0.0
S7T,0.5629
S7N,0.7825
S7Q,0.82
S7D,0.7663
S7E,0.236
S7H,0.7355
S7K,-0.0089
S7R,0.3793
S8F,
S8W,
S8Y,
S8P,-0.0633
S8M,
S8I,-0.2983
S8L,-0.4073
S8V,
S8A,0.1311
S8G,-0.015
S8C,0.091
S8S,0.0
S8T,0.2769
S8N,
S8Q,-0.5217
S8D,-0.6033
S8E,
S8H,-0.0428
S8K,-0.057
S8R,0.0412
S9F,0.7186
S9W,
S9Y,0.5871
S9P,-0.3966
S9M,
S9I,0.6773
S9L,0.472
S9V,0.441
S9A,0.3556
S9G,0.4222
S9C,0.3096
S9S,0.0
S9T,0.4002
S9N,0.5047
S9Q,0.3687
S9D,0.3192
S9E,0.1608
S9H,0.4059
S9K,
S9R,-0.6586
N10F,-0.0904
N10W,-0.3659
N10Y,-0.0422
N10P,0.5006
N10M,0.2567
N10I,0.1843
N10L,0.2211
N10V,0.0397
N10A,0.2659
N10G,0.0626
N10C,-0.4753
N10S,0.1037
N10T,0.2304
N10N,0.0
N10Q,0.3271
N10D,-0.0345
N10E,0.2349
N10H,0.2048
N10K,0.1285
N10R,0.1764
D11F,-0.3779
D11W,
D11Y,-0.159
D11P,
D11M,-0.2001
D11I,-0.4564
D11L,-0.2429
D11V,-0.1453
D11A,0.2026
D11G,0.0352
D11C,0.0322
D11S,0.0973
D11T,0.1111
D11N,-0.0839
D11Q,0.2577
D11D,0.0
D11E,0.331
D11H,0.1285
D11K,-0.0662
D11R,-0.2696
T12F,-0.6586
T12W,-0.4762
T12Y,-0.3429
T12P,-0.6033
T12M,-0.4338
T12I,-0.301
T12L,0.117
T12V,0.2146
T12A,0.1041
T12G,-0.0237
T12C,0.1532
T12S,-0.0846
T12T,0.0
T12N,-0.155
T12Q,0.1041
T12D,0.1578
T12E,
T12H,0.1094
T12K,-0.6528
T12R,-0.7886
V13F,
V13W,-0.7953
V13Y,-0.6033
V13P,-0.7083
V13M,-0.1881
V13I,-0.1919
V13L,-0.0888
V13V,0.0
V13A,-0.1041
V13G,-0.5233
V13C,-0.1334
V13S,-0.684
V13T,-0.6946
V13N,-1.0262
V13Q,-0.6793
V13D,-0.5405
V13E,-0.08900000000000001
V13H,-1.0534
V13K,-0.9374
V13R,-0.5174
G14F,-0.1702
G14W,-0.7953
G14Y,-0.428
G14P,-0.5446
G14M,-1.105
G14I,-0.7771
G14L,-0.5877
G14V,-0.183
G14A,-0.4396
G14G,0.0
G14C,-0.165
G14S,-0.282
G14T,-0.6202
G14N,-0.8322
G14Q,-0.6464
G14D,-0.4008
G14E,-0.8705
G14H,-0.6101
G14K,-0.7083
G14R,-0.6968
V15F,-0.7953
V15W,
V15Y,-1.3622
V15P,-0.6701
V15M,-0.2345
V15I,0.011
V15L,-0.0886
V15V,0.0
V15A,-0.1975
V15G,-0.6198
V15C,-0.1871
V15S,-1.3418
V15T,-0.6987
V15N,-0.8936
V15Q,-0.7748
V15D,-0.573
V15E,-0.4418
V15H,-0.5677
V15K,-0.6757
V15R,-0.9452
A16F,-0.5893
A16W,-0.4762
A16Y,-0.5308
A16P,-0.7118
A16M,-0.4338
A16I,-0.3268
A16L,-0.1615
A16V,0.2169
A16A,0.0
A16G,-0.1888
A16C,0.0612
A16S,-0.259
A16T,-0.2015
A16N,-0.7145
A16Q,-0.779
A16D,-0.3602
A16E,-1.4998
A16H,-0.6818
A16K,-0.7301
A16R,-0.6586
V17F,-1.105
V17W,-0.5174
V17Y,-0.4251
V17P,-0.8178
V17M,-0.0659
V17I,-0.2443
V17L,-0.3836
V17V,0.0
V17A,-0.3234
V17G,-0.5879
V17C,-0.1492
V17S,-0.4889
V17T,-0.298
V17N,-0.6033
V17Q,-0.9374
V17D,-0.7473
V17E,-0.324
V17H,-0.8859999999999999
V17K,-0.6454
V17R,-0.718
V18F,-0.6149
V18W,-0.9979
V18Y,-0.6033
V18P,-0.8067
V18M,-0.1656
V18I,-0.2424
V18L,-0.3359
V18V,0.0
V18A,-0.2657
V18G,-0.2012
V18C,-0.3755
V18S,-0.4763
V18T,-0.4777
V18N,-0.4911
V18Q,-0.6317
V18D,-0.7473
V18E,-0.2022
V18H,-0.3666
V18K,-0.6783
V18R,-1.0147
N19F,-0.5362
N19W,
N19Y,-0.1691
N19P,-0.6815
N19M,
N19I,-0.3509
N19L,-0.7083
N19V,-0.9115
N19A,-0.5268
N19G,-0.2925
N19C,-0.7557
N19S,0.2562
N19T,-0.4227
N19N,0.0
N19Q,-0.3802
N19D,-0.2767
N19E,-0.7168
N19H,-0.6701
N19K,-0.3339
N19R,-0.7748
Y20F,-0.1914
Y20W,0.1223
Y20Y,0.0
Y20P,-0.919
Y20M,-0.0428
Y20I,-0.3687
Y20L,-0.4153
Y20V,-0.5751
Y20A,-0.1213
Y20G,-0.4467
Y20C,-0.1843
Y20S,-0.2445
Y20T,-0.5349
Y20N,-0.2787
Y20Q,-0.3122
Y20D,-0.6033
Y20E,-0.5362
Y20H,-0.1621
Y20K,-0.7083
Y20R,-0.5233
K21F,-0.2368
K21W,-0.41
K21Y,-0.1603
K21P,0.2544
K21M,0.1311
K21I,-0.1294
K21L,-0.0441
K21V,0.0363
K21A,0.1633
K21G,0.0498
K21C,0.0877
K21S,0.0668
K21T,0.0498
K21N,-0.0017
K21Q,0.1314
K21D,0.2061
K21E,0.1075
K21H,-0.0233
K21K,0.0
K21R,0.1152
M22F,-0.7622
M22W,-1.4666
M22Y,-0.9833
M22P,-0.4396
M22M,0.0
M22I,-0.2009
M22L,-0.1833
M22V,-0.2743
M22A,-0.3116
M22G,-0.5792
M22C,-0.112
M22S,-0.5483
M22T,-0.1333
M22N,-0.2476
M22Q,-0.41
M22D,-0.5538
M22E,-0.7953
M22H,-0.5291
M22K,-0.2726
M22R,-0.5660000000000001
P23F,-0.4981
P23W,-0.6757
P23Y,-0.3779
P23P,0.0
P23M,-0.4672
P23I,-0.3573
P23L,-0.1718
P23V,-0.2983
P23A,-0.2195
P23G,-0.4251
P23C,-0.2686
P23S,-0.2487
P23T,-0.2148
P23N,-0.4418
P23Q,-0.1626
P23D,-0.2607
P23E,-0.0874
P23H,-0.1124
P23K,-0.3779
P23R,-0.1792
R24F,-0.55
R24W,-0.7953
R24Y,-0.275
R24P,-0.6705
R24M,-0.183
R24I,-0.5054
R24L,-0.3611
R24V,-0.4234
R24A,-0.1616
R24G,-0.339
R24C,-0.165
R24S,-0.1436
R24T,-0.192
R24N,-0.3322
R24Q,-0.4197
R24D,-0.2814
R24E,-0.2767
R24H,-0.2607
R24K,-0.3041
R24R,0.0
L25F,-0.0029
L25W,-0.2938
L25Y,-0.4622
L25P,-0.5162
L25M,-0.0705
L25I,-0.1203
L25L,0.0
L25V,-0.1346
L25A,-0.1151
L25G,-0.4324
L25C,0.0495
L25S,-0.0801
L25T,-0.137
L25N,-0.2423
L25Q,-0.2568
L25D,-0.5771
L25E,-0.648
L25H,-0.3404
L25K,-0.4348
L25R,-0.5417
H26F,-0.3156
H26W,-1.0534
H26Y,-0.2098
H26P,-0.4151
H26M,-0.4338
H26I,-0.456
H26L,-0.3797
H26V,-0.5522
H26A,-0.3963
H26G,-0.5054
H26C,-0.3779
H26S,-0.356
H26T,-0.4446
H26N,-0.2565
H26Q,-0.324
H26D,-0.3293
H26E,-0.4524
H26H,0.0
H26K,-0.5026
H26R,-0.3041
T27F,-0.2896
T27W,-0.3779
T27Y,-0.1523
T27P,-0.2774
T27M,-0.2196
T27I,-0.2488
T27L,-0.2164
T27V,-0.2321
T27A,-0.1186
T27G,-0.2077
T27C,-0.0099
T27S,0.0173
T27T,0.0
T27N,-0.0001
T27Q,-0.1488
T27D,-0.1699
T27E,-0.1981
T27H,-0.1501
T27K,-0.0207
T27R,0.0533
A28F,-0.2001
A28W,
A28Y,-0.2163
A28P,0.0679
A28M,-0.015
A28I,-0.192
A28L,-0.2881
A28V,-0.1351
A28A,0.0
A28G,-0.0834
A28C,0.0015
A28S,0.0271
A28T,0.0278
A28N,-0.0463
A28Q,0.0537
A28D,-0.2185
A28E,0.0015
A28H,-0.1061
A28K,0.1526
A28R,0.114
A29F,-0.0489
A29W,-0.1165
A29Y,-0.0868
A29P,-0.0838
A29M,0.0052
A29I,-0.0407
A29L,-0.0982
A29V,0.022
A29A,0.0
A29G,0.0211
A29C,-0.0428
A29S,0.1016
A29T,0.0162
A29N,0.014
A29Q,-0.0234
A29D,-0.0738
A29E,0.0241
A29H,0.0037
A29K,-0.0137
A29R,0.0323
E30F,-0.4981
E30W,
E30Y,-0.6033
E30P,-0.72
E30M,-0.2458
E30I,-0.5079
E30L,-0.3858
E30V,-0.3378
E30A,-0.1086
E30G,-0.0801
E30C,-0.1414
E30S,-0.1098
E30T,-0.1934
E30N,-0.1683
E30Q,0.0694
E30D,-0.0098
E30E,0.0
E30H,-0.1165
E30K,-0.1889
E30R,-0.4029
V31F,-0.3672
V31W,-0.6033
V31Y,-0.4996
V31P,-0.6818
V31M,-0.2001
V31I,-0.1617
V31L,-0.3975
V31V,0.0
V31A,-0.1958
V31G,-0.5002
V31C,-0.1169
V31S,-0.455
V31T,-0.1678
V31N,-0.6757
V31Q,-0.4517
V31D,-0.4034
V31E,-0.7622
V31H,-0.5026
V31K,-0.6033
V31R,-0.5151
L32F,-0.1523
L32W,-0.392
L32Y,-0.2658
L32P,-0.2522
L32M,0.0451
L32I,0.0065
L32L,0.0
L32V,0.0402
L32A,-0.1051
L32G,-0.1713
L32C,-0.0849
L32S,-0.0638
L32T,0.0332
L32N,0.0417
L32Q,-0.0187
L32D,-0.3454
L32E,-0.3133
L32H,-0.1857
L32K,0.0093
L32R,0.0281
D33F,-0.2215
D33W,-0.211
D33Y,0.0095
D33P,-0.4895
D33M,-0.015
D33I,-0.0664
D33L,-0.1376
D33V,0.0508
D33A,-0.0124
D33G,-0.024
D33C,-0.1718
D33S,-0.0151
D33T,-0.0398
D33N,-0.0856
D33Q,0.0499
D33D,0.0
D33E,0.0242
D33H,-0.0428
D33K,-0.0354
D33R,-0.0645
N34F,-0.5405
N34W,-0.8705
N34Y,-0.2607
N34P,-0.9743
N34M,-0.5054
N34I,-0.4014
N34L,-0.7908
N34V,-0.7083
N34A,-0.257
N34G,-0.1505
N34C,-0.3285
N34S,-0.1304
N34T,-0.5268
N34N,0.0
N34Q,-0.1694
N34D,-0.1743
N34E,-0.1151
N34H,-0.1578
N34K,-0.2846
N34R,-0.7561
A35F,-0.7083
A35W,-0.4762
A35Y,-0.5538
A35P,-0.5202
A35M,
A35I,-0.6409
A35L,-0.436
A35V,-0.127
A35A,0.0
A35G,-0.2607
A35C,-0.2068
A35S,-0.1019
A35T,-0.2477
A35N,-0.6923
A35Q,-1.0882
A35D,-0.1596
A35E,-0.5405
A35H,-0.7953
A35K,-0.7953
A35R,-1.2697
R36F,-0.2151
R36W,-0.1404
R36Y,-0.0515
R36P,-0.6709
R36M,-0.095
R36I,-0.1694
R36L,-0.0801
R36V,-0.1467
R36A,-0.057
R36G,-0.0997
R36C,0.0034
R36S,-0.0808
R36T,-0.0858
R36N,-0.0603
R36Q,-0.1096
R36D,-0.1963
R36E,-0.1984
R36H,0.0059
R36K,0.0013
R36R,0.0
K37F,-0.1341
K37W,-0.3666
K37Y,0.0041
K37P,-0.6498
K37M,0.0691
K37I,-0.1049
K37L,-0.1237
K37V,-0.0715
K37A,0.0022
K37G,-0.1315
K37C,-0.1398
K37S,-0.0801
K37T,0.0244
K37N,0.0304
K37Q,-0.0818
K37D,-0.0333
K37E,-0.0245
K37H,0.0265
K37K,0.0
K37R,0.0943
I38F,-0.2086
I38W,
I38Y,-0.7448
I38P,-0.7805
I38M,-0.1003
I38I,0.0
I38L,-0.0911
I38V,-0.1837
I38A,-0.4672
I38G,-0.573
I38C,-0.6511
I38S,-0.6215
I38T,-0.4091
I38N,-0.4771
I38Q,-0.4004
I38D,-0.9872
I38E,-0.6757
I38H,-0.7863
I38K,-0.8705
I38R,-0.7226
A39F,
A39W,
A39Y,
A39P,-0.5118
A39M,-0.9374
A39I,
A39L,-0.2607
A39V,-0.0709
A39A,0.0
A39G,0.0361
A39C,
A39S,-0.0341
A39T,-0.2693
A39N,-0.8342
A39Q,-0.183
A39D,-0.8342
A39E,-0.01
A39H,-0.2607
A39K,
A39R,-0.6715
E40F,-0.4672
E40W,-0.4931
E40Y,-0.2747
E40P,-0.8829
E40M,-0.4055
E40I,-0.5054
E40L,-0.3111
E40V,-0.2304
E40A,-0.0087
E40G,-0.0666
E40C,-0.1319
E40S,0.0196
E40T,-0.0506
E40N,0.0825
E40Q,-0.0358
E40D,0.0841
E40E,0.0
E40H,-0.0529
E40K,0.1636
E40R,0.0045
M41F,0.0265
M41W,-0.2966
M41Y,-0.1805
M41P,-0.779
M41M,0.0
M41I,-0.0195
M41L,0.0453
M41V,0.0159
M41A,-0.0415
M41G,-0.211
M41C,0.05400000000000001
M41S,-0.1223
M41T,-0.0205
M41N,-0.2807
M41Q,-0.2858
M41D,-0.5268
M41E,-0.1404
M41H,-0.1523
M41K,-0.1177
M41R,-0.2001
I42F,-0.1744
I42W,-0.5174
I42Y,-0.5884
I42P,-0.8231
I42M,-0.1797
I42I,0.0
I42L,-0.0884
I42V,0.0895
I42A,-0.3495
I42G,-1.105
I42C,-0.3996
I42S,-0.6464
I42T,-0.217
I42N,-0.2924
I42Q,-0.6475
I42D,-1.654
I42E,-0.7083
I42H,-0.6799
I42K,-0.6511
I42R,-0.7614
V43F,-0.183
V43W,-0.0333
V43Y,-0.083
V43P,-0.319
V43M,-0.0235
V43I,0.1153
V43L,-0.0606
V43V,0.0
V43A,-0.07200000000000001
V43G,-0.1252
V43C,0.0392
V43S,-0.1023
V43T,-0.1056
V43N,-0.1401
V43Q,-0.0287
V43D,-0.0889
V43E,-0.0158
V43H,-0.1084
V43K,-0.0801
V43R,-0.181
G44F,-0.1471
G44W,-0.0098
G44Y,-0.142
G44P,-0.2929
G44M,-0.1205
G44I,-0.24
G44L,-0.191
G44V,-0.1246
G44A,0.1066
G44G,0.0
G44C,0.0746
G44S,0.0967
G44T,-0.0562
G44N,0.1044
G44Q,0.0749
G44D,0.0659
G44E,0.0927
G44H,0.032
G44K,-0.171
G44R,-0.1031
M45F,-0.2607
M45W,-0.8825
M45Y,-0.449
M45P,-0.7748
M45M,0.0
M45I,-0.0438
M45L,-0.008
M45V,-0.0835
M45A,-0.1983
M45G,-0.7473
M45C,-0.3279
M45S,-0.4085
M45T,-0.2157
M45N,-0.7837
M45Q,-0.4785
M45D,-0.9979
M45E,-0.6586
M45H,-0.4931
M45K,-0.3651
M45R,-0.6368
K46F,-0.7536
K46W,
K46Y,-0.6033
K46P,-0.6386
K46M,-0.3065
K46I,-0.6033
K46L,-0.5914
K46V,-0.8151
K46A,-0.087
K46G,-0.4055
K46C,-0.5405
K46S,-0.2557
K46T,-0.4338
K46N,-0.3111
K46Q,-0.1946
K46D,-0.4672
K46E,-0.0978
K46H,-0.7346
K46K,0.0
K46R,-0.1535
Q47F,-0.289
Q47W,-0.324
Q47Y,-0.2338
Q47P,-0.3501
Q47M,0.0427
Q47I,-0.1574
Q47L,-0.0865
Q47V,-0.1743
Q47A,-0.0421
Q47G,-0.0934
Q47C,-0.0745
Q47S,-0.0549
Q47T,-0.0527
Q47N,-0.1012
Q47Q,0.0
Q47D,-0.157
Q47E,-0.0691
Q47H,-0.1281
Q47K,-0.0696
Q47R,-0.0084
G48F,-0.5495
G48W,-0.2874
G48Y,-0.3262
G48P,-0.7144
G48M,-0.6274
G48I,-0.823
G48L,-0.7203
G48V,-0.6543
G48A,-0.5189
G48G,0.0
G48C,-0.5422
G48S,-0.6024
G48T,-0.6609
G48N,-0.6783
G48Q,-0.7009
G48D,-0.4529
G48E,-0.9176
G48H,-0.6374
G48K,-0.8446
G48R,-0.7459
L49F,0.1178
L49W,-0.3831
L49Y,0.0366
L49P,-0.5408
L49M,0.2081
L49I,0.1214
L49L,0.0
L49V,-0.0828
L49A,-0.145
L49G,-0.55
L49C,-0.0119
L49S,-0.3819
L49T,-0.0038
L49N,-0.2787
L49Q,-0.1358
L49D,-0.58
L49E,-0.8112
L49H,-0.4163
L49K,-0.2166
L49R,-0.1402
P50F,-0.0183
P50W,-0.0361
P50Y,0.5915
P50P,0.0
P50M,0.325
P50I,-0.2903
P50L,-0.0673
P50V,-0.2296
P50A,-0.166
P50G,0.5204
P50C,-0.2705
P50S,0.0619
P50T,0.4347
P50N,0.5246
P50Q,0.5481
P50D,0.6421
P50E,0.604
P50H,0.6458
P50K,0.5288
P50R,0.4
G51F,-0.1132
G51W,0.071
G51Y,-0.1633
G51P,-0.7842
G51M,-0.0185
G51I,-0.6441
G51L,-0.2248
G51V,-0.2536
G51A,-0.0154
G51G,0.0
G51C,-0.0185
G51S,-0.0305
G51T,-0.482
G51N,-0.1762
G51Q,-0.0892
G51D,-0.2607
G51E,-0.6033
G51H,-0.0835
G51K,-0.2731
G51R,-0.2805
M52F,-0.4672
M52W,-0.7953
M52Y,-1.1764
M52P,-0.8879
M52M,0.0
M52I,0.2359
M52L,0.2277
M52V,0.0281
M52A,-0.3811
M52G,-0.8342
M52C,-0.2078
M52S,-0.7953
M52T,-0.1992
M52N,-1.1988
M52Q,-0.55
M52D,-0.5405
M52E,-0.8705
M52H,-0.7678
M52K,-0.3195
M52R,-0.7314
D53F,-0.8936
D53W,-0.6033
D53Y,-0.2083
D53P,-0.8641
D53M,
D53I,-1.3227
D53L,-0.6381
D53V,-0.155
D53A,-0.392
D53G,-0.1914
D53C,-0.9625
D53S,-0.5233
D53T,-0.7953
D53N,-0.1334
D53Q,-0.3779
D53D,0.0
D53E,0.1397
D53H,-0.3304
D53K,-0.3975
D53R,-0.7536
L54F,-0.6262
L54W,
L54Y,-0.4672
L54P,-0.3206
L54M,0.0529
L54I,-0.2422
L54L,0.0
L54V,-0.0686
L54A,-0.7083
L54G,-0.7083
L54C,-0.9049
L54S,-0.9478
L54T,-0.9159
L54N,-0.9049
L54Q,-0.2479
L54D,-0.41
L54E,-0.9374
L54H,-1.105
L54K,-1.3606
L54R,-0.6101
V55F,-0.1848
V55W,
V55Y,-0.6409
V55P,-0.7269
V55M,-0.2185
V55I,0.0868
V55L,-0.3698
V55V,0.0
V55A,-0.1606
V55G,-0.7314
V55C,-0.2134
V55S,-0.7678
V55T,-0.3975
V55N,-0.7083
V55Q,-0.7083
V55D,-0.1914
V55E,-0.7083
V55H,-0.9246
V55K,-0.5405
V55R,-0.8428
V56F,-0.589
V56W,-0.4762
V56Y,-0.8533
V56P,-0.9979
V56M,-0.1184
V56I,0.0121
V56L,-0.3136
V56V,0.0
V56A,-0.297
V56G,-0.8879
V56C,-0.1334
V56S,-0.5971
V56T,-0.6033
V56N,-0.7902
V56Q,-1.0534
V56D,-0.41
V56E,-0.2429
V56H,-0.8705
V56K,-0.9979
V56R,-1.2629
F57F,0.0
F57W,
F57Y,-0.1334
F57P,-1.4998
F57M,
F57I,-0.2271
F57L,-0.151
F57V,-0.1633
F57A,-0.589
F57G,-0.41
F57C,-0.1702
F57S,-0.2555
F57T,-0.5405
F57N,
F57Q,
F57D,-0.41
F57E,
F57H,-1.1988
F57K,
F57R,-0.9683
P58F,
P58W,
P58Y,-0.589
P58P,0.0
P58M,
P58I,-0.5268
P58L,-0.3545
P58V,-0.7189
P58A,-0.7216
P58G,
P58C,-0.6033
P58S,-0.3659
P58T,-0.2712
P58N,-0.4672
P58Q,-0.7557
P58D,-0.589
P58E,
P58H,-0.2734
P58K,
P58R,-0.5765
E59F,-0.4187
E59W,-0.9683
E59Y,-0.7953
E59P,-1.3081
E59M,-0.7718
E59I,-0.8033
E59L,-0.7283
E59V,-0.3904
E59A,-0.7953
E59G,-0.4532
E59C,-0.6757
E59S,-0.6854
E59T,-0.8162
E59N,-0.7771
E59Q,-0.5819
E59D,-0.3661
E59E,0.0
E59H,-0.7083
E59K,-0.2868
E59R,-0.9711
Y60F,-0.1926
Y60W,
Y60Y,0.0
Y60P,-0.8705
Y60M,-0.589
Y60I,
Y60L,-1.1389
Y60V,-0.6363
Y60A,-0.3092
Y60G,-0.6586
Y60C,-0.1738
Y60S,-0.7653
Y60T,-1.0262
Y60N,-0.2257
Y60Q,-0.41
Y60D,-0.5405
Y60E,-0.8705
Y60H,-0.2284
Y60K,-0.8705
Y60R,-0.5138
S61F,-0.2032
S61W,
S61Y,-0.1081
S61P,-0.3779
S61M,
S61I,-1.1533
S61L,-1.4998
S61V,
S61A,-0.1098
S61G,
S61C,-0.1205
S61S,0.0
S61T,-0.2531
S61N,-0.5362
S61Q,-0.8342
S61D,
S61E,
S61H,-0.9049
S61K,
S61R,-0.9979
L62F,-0.141
L62W,
L62Y,-0.4981
L62P,-1.1839
L62M,-0.3975
L62I,-0.4073
L62L,0.0
L62V,-0.0754
L62A,-0.4171
L62G,-0.6805
L62C,-0.183
L62S,-0.2498
L62T,-0.006999999999999999
L62N,-0.4187
L62Q,-0.5268
L62D,-0.9979
L62E,
L62H,-0.5268
L62K,-0.8981
L62R,-0.7187
Q63F,-1.0122
Q63W,-1.4324
Q63Y,-0.8604
Q63P,-0.7223
Q63M,-0.2851
Q63I,-1.2629
Q63L,-0.4034
Q63V,-0.7083
Q63A,-0.4913
Q63G,-0.6033
Q63C,-0.3364
Q63S,-0.2364
Q63T,-0.351
Q63N,-0.3529
Q63Q,0.0
Q63D,-0.7597
Q63E,-0.5308
Q63H,0.0346
Q63K,-0.4297
Q63R,-0.5287
G64F,-0.5362
G64W,
G64Y,-0.8226
G64P,-0.648
G64M,-0.3175
G64I,-0.9979
G64L,-0.6611
G64V,-0.2122
G64A,-0.4672
G64G,0.0
G64C,-0.1051
G64S,-0.4124
G64T,-0.5624
G64N,-1.0797
G64Q,-0.3122
G64D,-0.3122
G64E,
G64H,-0.41
G64K,
G64R,-0.3099
I65F,-0.3059
I65W,-1.4324
I65Y,-0.6204
I65P,-0.6137
I65M,-0.2938
I65I,0.0
I65L,-0.1632
I65V,-0.2789
I65A,-0.6121
I65G,-0.6586
I65C,-0.7314
I65S,-0.718
I65T,-0.5803
I65N,-0.598
I65Q,-0.6033
I65D,-0.6177
I65E,-0.4793
I65H,-0.6824
I65K,-0.7825
I65R,-0.6856
M66F,-0.2284
M66W,-0.6033
M66Y,-0.6586
M66P,-0.5660000000000001
M66M,0.0
M66I,-0.1377
M66L,-0.3285
M66V,-0.277
M66A,-0.5198
M66G,-0.5054
M66C,-0.4895
M66S,-0.5376
M66T,-0.41
M66N,-0.4314
M66Q,-0.3819
M66D,-0.9159
M66E,-0.6409
M66H,-0.6033
M66K,-0.2911
M66R,-0.5024
Y67F,0.0804
Y67W,
Y67Y,0.0
Y67P,-0.715
Y67M,
Y67I,-0.4931
Y67L,-0.5914
Y67V,-0.684
Y67A,-0.4063
Y67G,-0.8215
Y67C,-0.0745
Y67S,-0.6301
Y67T,-0.4981
Y67N,-0.1946
Y67Q,
Y67D,-0.4043
Y67E,
Y67H,-0.2387
Y67K,
Y67R,-0.6757
D68F,-0.6454
D68W,-1.0534
D68Y,-0.3366
D68P,-0.6617
D68M,-0.4672
D68I,-0.4167
D68L,-0.3661
D68V,-0.3247
D68A,-0.2493
D68G,-0.3644
D68C,-0.1663
D68S,-0.1628
D68T,-0.3221
D68N,-0.018
D68Q,-0.3021
D68D,0.0
D68E,-0.0026
D68H,-0.1628
D68K,-0.2136
D68R,-0.2978
P69F,-0.1909
P69W,-0.2607
P69Y,-0.0763
P69P,0.0
P69M,-0.2339
P69I,-0.2241
P69L,-0.1976
P69V,-0.0852
P69A,-0.0411
P69G,-0.0041
P69C,-0.1523
P69S,-0.0383
P69T,-0.0227
P69N,-0.0434
P69Q,-0.0405
P69D,-0.1276
P69E,-0.0697
P69H,-0.0585
P69K,0.0412
P69R,-0.0112
A70F,-0.3895
A70W,
A70Y,-0.2254
A70P,-0.4539
A70M,0.0222
A70I,0.0242
A70L,-0.0456
A70V,-0.0007
A70A,0.0
A70G,-0.0273
A70C,0.0248
A70S,0.0424
A70T,0.0407
A70N,0.0399
A70Q,0.096
A70D,0.023
A70E,0.0038
A70H,0.0547
A70K,0.1467
A70R,0.0745
E71F,-0.4266
E71W,-0.5792
E71Y,-0.4868
E71P,-0.4851
E71M,-0.3059
E71I,-0.522
E71L,-0.4356
E71V,-0.3506
E71A,-0.3234
E71G,-0.3692
E71C,-0.3959
E71S,-0.4151
E71T,-0.4499
E71N,0.0079
E71Q,-0.2006
E71D,-0.1691
E71E,0.0
E71H,-0.4856
E71K,-0.4007
E71R,-0.5502
M72F,-0.1888
M72W,-0.6033
M72Y,-0.341
M72P,-0.6055
M72M,0.0
M72I,-0.2203
M72L,-0.2339
M72V,-0.2008
M72A,-0.3873
M72G,-0.8238
M72C,-0.2607
M72S,-0.4612
M72T,-0.2653
M72N,-0.4193
M72Q,-0.2566
M72D,-1.0169
M72E,-0.3175
M72H,-0.7825
M72K,-0.3175
M72R,-0.2071
M73F,-0.1621
M73W,-0.1749
M73Y,-0.0884
M73P,-0.5479
M73M,0.0
M73I,-0.1328
M73L,-0.063
M73V,-0.2033
M73A,-0.2974
M73G,-0.552
M73C,-0.3409
M73S,-0.2971
M73T,-0.2273
M73N,-0.4622
M73Q,-0.2463
M73D,-0.4552
M73E,-0.3092
M73H,-0.3193
M73K,-0.2391
M73R,-0.3002
E74F,-0.4251
E74W,-0.4672
E74Y,-0.6084
E74P,-0.6827
E74M,-0.3041
E74I,-0.3649
E74L,-0.514
E74V,-0.3314
E74A,-0.0952
E74G,-0.1555
E74C,-0.4874
E74S,-0.1105
E74T,-0.0387
E74N,-0.076
E74Q,-0.0818
E74D,0.0593
E74E,0.0
E74H,0.0327
E74K,-0.1086
E74R,-0.141
T75F,-0.4251
T75W,-0.6033
T75Y,-0.573
T75P,-0.634
T75M,-0.4536
T75I,-0.4191
T75L,-0.3087
T75V,-0.2562
T75A,-0.3276
T75G,-0.5667
T75C,-0.317
T75S,-0.3582
T75T,0.0
T75N,-0.4251
T75Q,-0.4626
T75D,-1.242
T75E,-0.7496
T75H,-0.4446
T75K,-0.2311
T75R,-0.4655
A76F,-2.2083
A76W,
A76Y,-0.8526
A76P,-0.5611
A76M,-1.1533
A76I,-0.589
A76L,-0.4625
A76V,-0.2031
A76A,0.0
A76G,-0.4164
A76C,-0.1071
A76S,-0.0695
A76T,-0.327
A76N,-1.1261
A76Q,-0.8033
A76D,-0.2739
A76E,-1.1214
A76H,-0.7083
A76K,-0.6224
A76R,-0.8195
V77F,-0.6757
V77W,-0.8705
V77Y,-0.4672
V77P,-1.1533
V77M,-0.0079
V77I,-0.2201
V77L,-0.0704
V77V,0.0
V77A,-0.0801
V77G,-0.0091
V77C,-0.1184
V77S,-0.4338
V77T,-0.2531
V77N,-0.8705
V77Q,
V77D,-0.5884
V77E,-0.1523
V77H,
V77K,-0.5624
V77R,-0.3549
A78F,0.2674
A78W,0.0159
A78Y,0.0159
A78P,-0.0361
A78M,-0.2001
A78I,-0.1573
A78L,0.0005
A78V,-0.0471
A78A,0.0
A78G,0.0919
A78C,0.0348
A78S,-0.0392
A78T,0.1864
A78N,0.2016
A78Q,-0.0407
A78D,-0.0372
A78E,-0.0333
A78H,-0.042
A78K,-0.1105
A78R,-0.0687
I79F,-0.1771
I79W,-0.589
I79Y,-0.5914
I79P,-0.8104
I79M,-0.1132
I79I,0.0
I79L,0.0263
I79V,0.1151
I79A,-0.0033
I79G,-0.7584
I79C,0.1676
I79S,-0.2136
I79T,-0.1198
I79N,-0.4122
I79Q,-0.4931
I79D,-0.5026
I79E,-0.324
I79H,-0.5308
I79K,-1.0354
I79R,-0.8514
P80F,-0.6033
P80W,-0.9979
P80Y,-0.6409
P80P,0.0
P80M,-0.324
P80I,-0.7953
P80L,-0.2639
P80V,-0.4547
P80A,-0.2607
P80G,0.0206
P80C,-0.3354
P80S,-0.3008
P80T,-0.2209
P80N,-0.1915
P80Q,-0.1744
P80D,-0.0299
P80E,-0.2332
P80H,-0.0801
P80K,-0.2361
P80R,-0.2988
G81F,-1.1988
G81W,-0.9979
G81Y,-0.8151
G81P,-0.9444
G81M,-0.8705
G81I,-0.6033
G81L,-0.8404
G81V,-0.4868
G81A,-0.3253
G81G,0.0
G81C,-0.1616
G81S,-0.251
G81T,-1.0623
G81N,-0.5934
G81Q,-0.5833
G81D,-0.3016
G81E,-0.4911
G81H,-0.6946
G81K,-0.648
G81R,-0.6339
E82F,-0.1629
E82W,-0.1423
E82Y,-0.0373
E82P,0.0641
E82M,-0.0371
E82I,-0.0269
E82L,-0.0012
E82V,-0.028
E82A,0.0707
E82G,-0.0512
E82C,-0.0162
E82S,-0.013
E82T,0.0403
E82N,-0.0736
E82Q,-0.0221
E82D,-0.0037
E82E,0.0
E82H,-0.0205
E82K,0.0501
E82R,0.0112
E83F,-0.8151
E83W,-0.3122
E83Y,-0.5462
E83P,-0.2837
E83M,-1.1988
E83I,-0.7083
E83L,-0.843
E83V,-0.2933
E83A,-0.0409
E83G,-0.3499
E83C,-0.2083
E83S,-0.1613
E83T,-0.1507
E83N,-0.5914
E83Q,-0.183
E83D,-0.2747
E83E,0.0
E83H,-0.23
E83K,-0.3099
E83R,-0.9267
T84F,-0.4672
T84W,-0.5624
T84Y,-0.3508
T84P,-0.7556
T84M,0.0261
T84I,0.05599999999999999
T84L,-0.0285
T84V,0.0796
T84A,-0.2513
T84G,-0.5657
T84C,-0.0953
T84S,-0.2409
T84T,0.0
T84N,-0.9246
T84Q,-0.1523
T84D,-0.8342
T84E,-0.9049
T84H,-0.5695
T84K,-0.3694
T84R,-0.8072
E85F,-0.55
E85W,
E85Y,-0.0801
E85P,-0.7426
E85M,-0.211
E85I,-0.2296
E85L,-0.1543
E85V,-0.2047
E85A,0.022
E85G,-0.0198
E85C,-0.3666
E85S,-0.0895
E85T,-0.1603
E85N,-0.0754
E85Q,-0.1451
E85D,0.0201
E85E,0.0
E85H,-0.1419
E85K,-0.063
E85R,-0.1112
I86F,0.0278
I86W,
I86Y,-0.2424
I86P,-0.6412
I86M,-0.0939
I86I,0.0
I86L,0.0743
I86V,-0.0487
I86A,-0.2492
I86G,-0.85
I86C,0.0142
I86S,-0.5924
I86T,-0.1548
I86N,-0.3576
I86Q,-0.2049
I86D,-0.3628
I86E,-0.3449
I86H,-0.3
I86K,-0.5381
I86R,-0.6278
F87F,0.0
F87W,
F87Y,-0.2121
F87P,-0.8389
F87M,-0.4629
F87I,-0.0832
F87L,0.0269
F87V,-0.4148
F87A,-0.5715
F87G,-0.7738
F87C,-0.2773
F87S,-0.0907
F87T,-1.512
F87N,
F87Q,-0.6174
F87D,-0.6485
F87E,-0.8531
F87H,-1.6574
F87K,-0.8959
F87R,-0.85
S88F,
S88W,
S88Y,-0.8947
S88P,-1.1832
S88M,
S88I,-0.2714
S88L,-0.5924
S88V,-0.5381
S88A,0.0723
S88G,0.0027
S88C,0.0884
S88S,0.0
S88T,-0.321
S88N,-0.2121
S88Q,-0.0289
S88D,
S88E,
S88H,
S88K,-0.0413
S88R,0.0341
R89F,-0.1635
R89W,-0.047
R89Y,-0.0674
R89P,-0.4320000000000001
R89M,0.029
R89I,-0.1043
R89L,0.0913
R89V,0.132
R89A,0.0071
R89G,-0.0722
R89C,0.0172
R89S,0.0168
R89T,-0.0635
R89N,-0.0181
R89Q,0.0376
R89D,0.1053
R89E,0.154
R89H,0.0067
R89K,-0.0268
R89R,0.0
A90F,-1.3972
A90W,
A90Y,-1.1209
A90P,-0.5743
A90M,
A90I,-0.4963
A90L,-0.6639
A90V,-0.1764
A90A,0.0
A90G,-0.5965
A90C,-0.4043
A90S,-0.2875
A90T,-0.1969
A90N,-1.3135
A90Q,-0.8003
A90D,-0.2517
A90E,-1.1209
A90H,-0.85
A90K,-1.0294
A90R,-1.4445
C91F,-0.2843
C91W,-0.1593
C91Y,-0.2009
C91P,-0.7459
C91M,
C91I,-0.6856
C91L,-0.6069
C91V,-1.0056
C91A,-1.1832
C91G,-0.1051
C91C,0.0
C91S,-0.2699
C91T,-0.6354
C91N,-0.6174
C91Q,-0.7459
C91D,-0.5794
C91E,-0.8959
C91H,-0.6856
C91K,-0.8947
C91R,-0.3815
R92F,-0.3164
R92W,
R92Y,-0.3164
R92P,-0.8411
R92M,-0.2102
R92I,-0.2096
R92L,-0.16
R92V,-0.1483
R92A,-0.0618
R92G,-0.3218
R92C,-0.265
R92S,-0.1404
R92T,-0.3188
R92N,-0.2219
R92Q,-0.0162
R92D,-0.2998
R92E,-0.1073
R92H,-0.3057
R92K,0.0652
R92R,0.0
K93F,-0.1391
K93W,-0.2773
K93Y,0.0421
K93P,-0.7315
K93M,0.1513
K93I,0.1395
K93L,0.1491
K93V,-0.0326
K93A,0.1161
K93G,-0.2029
K93C,0.0108
K93S,0.0333
K93T,-0.0002
K93N,-0.021
K93Q,0.0913
K93D,0.1027
K93E,0.1543
K93H,-0.0044
K93K,0.0
K93R,0.032
A94F,-1.0673
A94W,-1.1209
A94Y,-0.6683
A94P,-0.8270000000000001
A94M,-0.1833
A94I,-0.8734
A94L,-0.6605
A94V,-0.4552
A94A,0.0
A94G,-0.3424
A94C,-0.2862
A94S,-0.258
A94T,-0.4094
A94N,-0.3485
A94Q,-0.4007
A94D,-0.9105
A94E,-0.224
A94H,-0.7226
A94K,-0.8003
A94R,-0.7499
N95F,-0.8701
N95W,-0.6412
N95Y,-0.3679
N95P,-0.8796
N95M,-0.8003
N95I,-0.6509
N95L,-0.6337
N95V,-0.7928
N95A,-0.296
N95G,0.0274
N95C,-0.23
N95S,-0.2036
N95T,-0.27
N95N,0.0
N95Q,-0.009000000000000001
N95D,-0.0248
N95E,-0.1648
N95H,-0.3243
N95K,-0.1803
N95R,-0.1805
V96F,-0.5107
V96W,-0.5661
V96Y,-0.8959
V96P,-0.8194
V96M,-0.4537
V96I,-0.2273
V96L,-0.2228
V96V,0.0
V96A,-0.1991
V96G,-0.3243
V96C,-0.0588
V96S,-0.4821
V96T,-0.1075
V96N,-0.7559
V96Q,-1.4674
V96D,-0.4916
V96E,-0.7049
V96H,-1.1078
V96K,-0.5145
V96R,-0.7961
W97F,-0.1958
W97W,0.0
W97Y,-0.3793
W97P,-1.0732
W97M,-1.0765
W97I,-0.8003
W97L,-0.3021
W97V,-1.6574
W97A,-1.0765
W97G,-0.0875
W97C,-0.1503
W97S,-0.6035
W97T,-1.1209
W97N,-0.8173
W97Q,-0.8959
W97D,-1.1832
W97E,-0.7459
W97H,-0.6448
W97K,-0.85
W97R,-0.207
G98F,-0.85
G98W,-1.2128
G98Y,-0.8543
G98P,-0.8645
G98M,-0.5924
G98I,-0.85
G98L,-0.9052
G98V,-0.1391
G98A,0.0481
G98G,0.0
G98C,-0.1414
G98S,-0.4333
G98T,-0.7572
G98N,-1.0294
G98Q,-1.065
G98D,-0.2714
G98E,-0.8256
G98H,-0.85
G98K,-1.1832
G98R,-0.8986
V99F,-1.5762
V99W,-0.9388
V99Y,-1.4445
V99P,-0.9552
V99M,-0.178
V99I,0.0272
V99L,-0.1929
V99V,0.0
V99A,-0.343
V99G,-0.5381
V99C,-0.4347
V99S,-0.7459
V99T,-0.5268
V99N,-0.7738
V99Q,-0.8734
V99D,-1.2224
V99E,-0.3239
V99H,-1.5762
V99K,-0.8594
V99R,-0.9963
F100F,0.0
F100W,-1.1209
F100Y,-0.337
F100P,-0.8831
F100M,
F100I,-0.2668
F100L,-0.1253
F100V,-0.4235
F100A,-0.878
F100G,-0.6069
F100C,-0.2908
F100S,-0.3607
F100T,-0.6619
F100N,-1.2961
F100Q,-0.85
F100D,-0.7072
F100E,-1.4445
F100H,-1.1209
F100K,-0.8959
F100R,-1.0621
S101F,-0.2207
S101W,-0.6485
S101Y,-0.3841
S101P,-0.3445
S101M,-0.7166
S101I,-0.483
S101L,-0.8472
S101V,-0.7377
S101A,-0.4657
S101G,-0.6694
S101C,-0.9791
S101S,0.0
S101T,-0.3823
S101N,-1.1078
S101Q,-0.8131
S101D,-1.7346
S101E,-0.5715
S101H,-0.8579
S101K,-1.4445
S101R,-0.7294
L102F,0.1487
L102W,-0.6856
L102Y,-0.3243
L102P,-0.6004
L102M,0.0308
L102I,0.1015
L102L,0.0
L102V,0.0631
L102A,-0.0417
L102G,-0.8003
L102C,-0.0051
L102S,-0.7127
L102T,-0.4239
L102N,-0.5622
L102Q,-0.3268
L102D,-0.2714
L102E,-1.4899
L102H,-0.7554
L102K,-1.0533
L102R,-0.8096
T103F,-0.6856
T103W,-0.6856
T103Y,-0.6174
T103P,-0.5498
T103M,-0.9984
T103I,-0.523
T103L,-0.7646
T103V,-0.4914
T103A,-0.3529
T103G,-0.8156
T103C,-0.7344
T103S,-0.494
T103T,0.0
T103N,-0.3491
T103Q,-0.5195
T103D,-0.9292
T103E,-1.1526
T103H,-0.5838
T103K,-0.7459
T103R,-0.8217
G104F,-1.0172
G104W,-0.2714
G104Y,-0.7459
G104P,-0.7296
G104M,-1.2691
G104I,-1.0294
G104L,-0.9621
G104V,-0.2997
G104A,-0.6772
G104G,0.0
G104C,-0.5148
G104S,-0.364
G104T,-0.9054
G104N,-0.9069
G104Q,-1.1832
G104D,-0.0806
G104E,-1.0533
G104H,-0.753
G104K,-0.7315
G104R,-0.7499
E105F,-0.8379
E105W,-1.0533
E105Y,-0.6856
E105P,-0.8306
E105M,-0.7459
E105I,-0.7863
E105L,-0.9368
E105V,-0.2937
E105A,-0.3102
E105G,-0.3913
E105C,-0.5527
E105S,-0.4904
E105T,-0.4508
E105N,-0.7811
E105Q,-0.3555
E105D,-0.507
E105E,0.0
E105H,-0.5631
E105K,-0.1648
E105R,-1.0565
R106F,-0.3715
R106W,
R106Y,-0.2745
R106P,-0.4608
R106M,-0.1909
R106I,-0.1315
R106L,-0.1797
R106V,-0.1157
R106A,-0.1279
R106G,-0.6749
R106C,-0.0104
R106S,-0.1805
R106T,-0.1455
R106N,-0.8003
R106Q,0.2181
R106D,-1.2414
R106E,-0.2517
R106H,-0.1095
R106K,0.091
R106R,0.0
H107F,-0.6174
H107W,
H107Y,-0.1558
H107P,-0.7326
H107M,
H107I,-1.1311
H107L,-0.3004
H107V,-0.9791
H107A,-0.4162
H107G,-0.6565
H107C,-0.7572
H107S,-0.1311
H107T,-0.402
H107N,-0.0687
H107Q,-0.2107
H107D,-0.2009
H107E,-0.85
H107H,0.0
H107K,-0.7738
H107R,-0.2232
E108F,-0.1551
E108W,-0.3565
E108Y,-0.1391
E108P,-0.0779
E108M,-0.2854
E108I,-0.2289
E108L,-0.2466
E108V,-0.1601
E108A,-0.1491
E108G,-0.1791
E108C,-0.3052
E108S,-0.1376
E108T,-0.2193
E108N,-0.2063
E108Q,-0.1369
E108D,-0.0246
E108E,0.0
E108H,-0.1151
E108K,-0.135
E108R,-0.1927
E109F,-0.0796
E109W,
E109Y,-0.0903
E109P,-0.6856
E109M,-0.1593
E109I,-0.1564
E109L,-0.012
E109V,-0.1408
E109A,-0.0435
E109G,-0.0249
E109C,-0.0674
E109S,-0.0497
E109T,-0.0495
E109N,-0.0739
E109Q,0.0211
E109D,0.0044
E109E,0.0
E109H,-0.013
E109K,-0.1173
E109R,-0.1287
H110F,-0.4119
H110W,-0.6026
H110Y,-0.326
H110P,-0.6082
H110M,-0.4516
H110I,-0.7106
H110L,-0.4434
H110V,-0.5471
H110A,-0.4165
H110G,-0.4764
H110C,-0.2424
H110S,-0.3545
H110T,-0.4927
H110N,-0.3587
H110Q,-0.2186
H110D,-0.2153
H110E,-0.6954
H110H,0.0
H110K,-0.6749
H110R,-0.3953
P111F,-0.6856
P111W,-0.3715
P111Y,-0.6977
P111P,0.0
P111M,-0.3963
P111I,-0.5008
P111L,-0.431
P111V,-0.6286
P111A,-0.4618
P111G,-0.3754
P111C,-0.5536
P111S,-0.3804
P111T,-0.3055
P111N,-0.2525
P111Q,-0.3608
P111D,-0.2009
P111E,-0.4043
P111H,-0.2363
P111K,-0.3464
P111R,-0.4899
R112F,0.157
R112W,0.0531
R112Y,0.0739
R112P,-0.6121
R112M,0.0893
R112I,0.1192
R112L,0.0684
R112V,0.0057
R112A,0.039
R112G,-0.0337
R112C,0.0555
R112S,-0.0303
R112T,0.0058
R112N,0.0062
R112Q,-0.0077
R112D,-0.0099
R112E,0.0251
R112H,0.0625
R112K,-0.0261
R112R,0.0
K113F,-0.0811
K113W,-0.5381
K113Y,-0.0173
K113P,-0.8759
K113M,0.0563
K113I,-0.047
K113L,0.0187
K113V,0.0012
K113A,-0.0237
K113G,-0.2767
K113C,0.1342
K113S,-0.1175
K113T,-0.0711
K113N,-0.0963
K113Q,0.053
K113D,-0.5045
K113E,-0.0705
K113H,-0.1575
K113K,0.0
K113R,0.0154
A114F,-0.2985
A114W,-0.1151
A114Y,-0.0816
A114P,-0.1127
A114M,-0.158
A114I,-0.5616
A114L,-0.0789
A114V,-0.2274
A114A,0.0
A114G,-0.1567
A114C,0.0247
A114S,0.0489
A114T,0.2086
A114N,0.0539
A114Q,0.0263
A114D,-0.2437
A114E,-0.1497
A114H,-0.0459
A114K,-0.1393
A114R,-0.221
P115F,-1.3479
P115W,-0.8959
P115Y,-1.772
P115P,0.0
P115M,
P115I,-0.9592
P115L,-0.575
P115V,-0.457
P115A,-0.4764
P115G,-0.7194
P115C,-0.85
P115S,-0.498
P115T,-0.2998
P115N,-0.9791
P115Q,-0.0856
P115D,-0.7646
P115E,-0.7266
P115H,-1.1209
P115K,-0.8959
P115R,-0.8003
Y116F,0.0074
Y116W,-0.3565
Y116Y,0.0
Y116P,-0.9248
Y116M,
Y116I,-0.6856
Y116L,-0.7363
Y116V,-0.3647
Y116A,-0.4927
Y116G,-1.0878
Y116C,-0.148
Y116S,-0.6744
Y116T,-0.8054
Y116N,-0.469
Y116Q,-0.9177
Y116D,-0.516
Y116E,
Y116H,-0.1432
Y116K,-0.8959
Y116R,-1.0732
N117F,-0.9791
N117W,
N117Y,-0.3397
N117P,-0.8256
N117M,-0.4419
N117I,-0.3424
N117L,-0.8404
N117V,-0.6856
N117A,-1.0391
N117G,-0.5551
N117C,-1.3479
N117S,-0.4401
N117T,-0.6927
N117N,0.0
N117Q,-0.8003
N117D,-0.1693
N117E,-1.0172
N117H,-0.8229
N117K,-0.4999
N117R,-0.7613
T118F,-1.6965
T118W,-1.0533
T118Y,-1.4445
T118P,-0.6553
T118M,-1.2414
T118I,0.2108
T118L,-0.6656
T118V,0.0111
T118A,-0.0683
T118G,-0.7853
T118C,-0.158
T118S,-0.0495
T118T,0.0
T118N,-0.2592
T118Q,
T118D,-1.0878
T118E,-0.85
T118H,-1.2138
T118K,-0.8003
T118R,-0.7344
L119F,-0.5924
L119W,-1.1209
L119Y,
L119P,-0.0536
L119M,-0.0478
L119I,-0.6069
L119L,0.0
L119V,-0.2633
L119A,-0.6595
L119G,
L119C,-1.0047
L119S,-0.6595
L119T,-0.4805
L119N,
L119Q,-0.1429
L119D,
L119E,
L119H,-0.6856
L119K,-1.1209
L119R,-0.2696
V120F,-0.049
V120W,
V120Y,-0.8531
V120P,-0.7459
V120M,-0.0776
V120I,0.0534
V120L,0.1458
V120V,0.0
V120A,-0.2199
V120G,-0.2112
V120C,-0.0674
V120S,-0.6026
V120T,-0.3695
V120N,-0.6485
V120Q,-1.1832
V120D,-0.0698
V120E,-0.5924
V120H,
V120K,
V120R,-1.2128
L121F,-0.0792
L121W,-0.0514
L121Y,
L121P,-0.6856
L121M,-0.0365
L121I,
L121L,0.0
L121V,-0.1242
L121A,-0.6595
L121G,-0.7072
L121C,
L121S,-0.1199
L121T,-1.1209
L121N,
L121Q,
L121D,
L121E,
L121H,
L121K,
L121R,-0.9791
I122F,-0.0656
I122W,-0.5820000000000001
I122Y,-0.4419
I122P,-0.5820000000000001
I122M,-0.194
I122I,0.0
I122L,-0.0884
I122V,-0.1199
I122A,-0.8003
I122G,-1.3822
I122C,-0.5221
I122S,-0.6354
I122T,-0.3828
I122N,-0.2643
I122Q,-1.0172
I122D,-0.6527
I122E,-0.8084
I122H,-0.8431
I122K,-0.6174
I122R,-1.0272
D123F,-1.0355
D123W,
D123Y,-0.2121
D123P,-0.9388
D123M,-0.6856
D123I,
D123L,-0.7344
D123V,-0.2849
D123A,-0.394
D123G,-0.1051
D123C,-0.7266
D123S,-0.2492
D123T,-0.5971
D123N,-0.0936
D123Q,-1.0878
D123D,0.0
D123E,-0.2075
D123H,-0.6354
D123K,-0.7315
D123R,-0.8339
N124F,-0.8256
N124W,
N124Y,-0.6856
N124P,0.0444
N124M,-1.1209
N124I,-0.3979
N124L,-0.7459
N124V,-0.7792
N124A,-0.1171
N124G,-0.2315
N124C,-0.3793
N124S,-0.1209
N124T,-0.3889
N124N,0.0
N124Q,-0.2544
N124D,-0.2316
N124E,-0.3385
N124H,-0.2281
N124K,-0.2547
N124R,-0.2517
N125F,-0.0138
N125W,
N125Y,0.0489
N125P,-0.8734
N125M,
N125I,-0.1723
N125L,-0.1695
N125V,-0.4043
N125A,-0.1294
N125G,
N125C,-0.0365
N125S,0.0203
N125T,0.0548
N125N,0.0
N125Q,0.0574
N125D,-0.0895
N125E,0.175
N125H,0.0242
N125K,0.0557
N125R,0.0902
G126F,
G126W,
G126Y,
G126P,-1.6173
G126M,
G126I,-1.1209
G126L,-0.5381
G126V,-0.1027
G126A,-0.4335
G126G,0.0
G126C,-0.0394
G126S,-0.107
G126T,-1.4468
G126N,-0.8959
G126Q,-0.6856
G126D,-0.1289
G126E,-0.5924
G126H,-0.8959
G126K,-0.8003
G126R,-0.5988
E127F,0.1798
E127W,
E127Y,-0.0612
E127P,-0.9069
E127M,0.1566
E127I,-0.2124
E127L,0.0411
E127V,0.0169
E127A,0.0299
E127G,-0.1058
E127C,0.1971
E127S,-0.057
E127T,0.0137
E127N,-0.1027
E127Q,0.1028
E127D,0.0258
E127E,0.0
E127H,0.1002
E127K,0.0004
E127R,0.1355
I128F,-0.049
I128W,-0.9791
I128Y,-0.2973
I128P,-0.7166
I128M,-0.2517
I128I,0.0
I128L,-0.1381
I128V,0.044
I128A,-0.85
I128G,-1.1422
I128C,-0.1491
I128S,-0.6392
I128T,-0.2501
I128N,-0.4304
I128Q,-0.6174
I128D,-0.5381
I128E,-0.3929
I128H,-0.4605
I128K,-0.7572
I128R,-1.0533
V129F,-0.4963
V129W,-0.6412
V129Y,-0.4114
V129P,-0.8393
V129M,-0.4927
V129I,-0.1025
V129L,-0.3255
V129V,0.0
V129A,-0.0957
V129G,-0.4198
V129C,-0.178
V129S,-0.457
V129T,-0.4257
V129N,-0.3742
V129Q,-0.1714
V129D,-0.3715
V129E,-0.2281
V129H,-0.4552
V129K,-0.1841
V129R,0.1269
Q130F,-0.3943
Q130W,
Q130Y,-0.4262
Q130P,-0.695
Q130M,0.0027
Q130I,-0.1395
Q130L,-0.17
Q130V,-0.1088
Q130A,-0.1217
Q130G,-0.3742
Q130C,0.1306
Q130S,-0.1324
Q130T,-0.0659
Q130N,-0.1158
Q130Q,0.0
Q130D,-0.5061
Q130E,-0.2036
Q130H,-0.098
Q130K,-0.3778
Q130R,-0.387
K131F,-1.1311
K131W,-0.5924
K131Y,-0.5715
K131P,-0.8106
K131M,-0.2424
K131I,-0.185
K131L,-0.1983
K131V,-0.1795
K131A,-0.2281
K131G,-0.8594
K131C,-0.1593
K131S,-0.0691
K131T,-0.1135
K131N,-0.2584
K131Q,-0.197
K131D,-0.9177
K131E,-0.135
K131H,0.1175
K131K,0.0
K131R,0.0776
Y132F,-0.1171
Y132W,
Y132Y,0.0
Y132P,-0.6656
Y132M,-0.2143
Y132I,-0.4043
Y132L,-0.8117
Y132V,-0.4794
Y132A,-0.5381
Y132G,-1.1526
Y132C,-0.1511
Y132S,-0.2795
Y132T,-0.3202
Y132N,-0.3397
Y132Q,-0.4895
Y132D,-0.3164
Y132E,-1.0533
Y132H,0.1477
Y132K,-1.0172
Y132R,-0.5205
R133F,
R133W,-0.6485
R133Y,-0.85
R133P,-0.8339
R133M,-0.8339
R133I,-0.5006
R133L,-0.9525
R133V,-0.6354
R133A,-0.6345
R133G,-0.2184
R133C,-0.7572
R133S,-0.4588
R133T,-0.3543
R133N,-0.2646
R133Q,-0.1242
R133D,-0.6485
R133E,-1.1209
R133H,-0.2461
R133K,-0.2686
R133R,0.0
K134F,-1.0533
K134W,-0.8959
K134Y,-0.5924
K134P,-0.9008
K134M,-0.5758
K134I,-0.6595
K134L,-0.7226
K134V,-1.2691
K134A,-0.7713
K134G,-0.7049
K134C,-0.9791
K134S,-0.8475
K134T,-0.6125
K134N,-0.3913
K134Q,-0.588
K134D,-0.6856
K134E,-0.3115
K134H,-0.9388
K134K,0.0
K134R,-0.4657
I135F,-0.2858
I135W,-0.7072
I135Y,-0.9319
I135P,-0.8796
I135M,-0.1476
I135I,0.0
I135L,0.0748
I135V,-0.0101
I135A,-0.4499
I135G,-0.7377
I135C,-0.0464
I135S,-0.5115
I135T,-0.2571
I135N,-0.5205
I135Q,-0.3991
I135D,-0.8447
I135E,-0.1446
I135H,-0.7738
I135K,-0.9471
I135R,-0.8885
I136F,-0.0448
I136W,-0.3078
I136Y,-0.1304
I136P,-0.6919
I136M,0.0304
I136I,0.0
I136L,0.0283
I136V,0.0183
I136A,0.517
I136G,-0.4667
I136C,0.2395
I136S,-0.1455
I136T,0.0589
I136N,0.1809
I136Q,-0.0731
I136D,-0.1028
I136E,-0.3549
I136H,0.5315
I136K,-0.7074
I136R,-0.7596
P137F,-0.8003
P137W,-1.3223
P137Y,-1.0415
P137P,0.0
P137M,-0.7209
P137I,-0.5381
P137L,-0.5557
P137V,-0.3668
P137A,-0.547
P137G,-0.7969
P137C,-0.5897
P137S,-0.6243
P137T,-0.2989
P137N,-0.7414
P137Q,-0.509
P137D,-0.85
P137E,-0.9837
P137H,-0.6054
P137K,-0.7423
P137R,-0.7347
W138F,-0.2396
W138W,0.0
W138Y,0.3438
W138P,-0.7738
W138M,-0.6174
W138I,-1.1369
W138L,-0.5145
W138V,-0.7886
W138A,0.6261
W138G,0.6212
W138C,0.7659999999999999
W138S,-0.4268
W138T,-0.9420000000000001
W138N,-0.85
W138Q,-1.163
W138D,
W138E,-0.7738
W138H,-0.5381
W138K,-1.6574
W138R,-0.5499
C139F,-0.1482
C139W,0.4079
C139Y,0.3339
C139P,-0.8053
C139M,-0.4043
C139I,0.1963
C139L,-0.2223
C139V,-0.0283
C139A,0.2089
C139G,-0.2009
C139C,0.0
C139S,0.2555
C139T,0.2377
C139N,0.1255
C139Q,0.0394
C139D,0.3377
C139E,0.3035
C139H,-0.1017
C139K,-0.2335
C139R,-0.5679
P140F,-1.0294
P140W,
P140Y,-1.6574
P140P,0.0
P140M,-0.8339
P140I,-0.6971
P140L,-0.4735
P140V,-0.8959
P140A,-0.4132
P140G,-0.4873
P140C,-0.6026
P140S,-0.518
P140T,-0.5605
P140N,-0.6764
P140Q,-0.4955
P140D,-0.6412
P140E,-0.6639
P140H,-0.4664
P140K,-0.6795
P140R,-0.6072
I141F,0.3239
I141W,-0.2487
I141Y,0.6702
I141P,0.62
I141M,-0.0624
I141I,0.0
I141L,0.0587
I141V,0.1718
I141A,0.0428
I141G,-0.0201
I141C,-0.182
I141S,0.03
I141T,0.1045
I141N,-0.2445
I141Q,0.1627
I141D,-0.178
I141E,-0.0207
I141H,0.0847
I141K,0.0335
I141R,-0.1492
E142F,-0.9791
E142W,
E142Y,-0.6174
E142P,-0.6799
E142M,-0.8404
E142I,-0.8536
E142L,-0.8086
E142V,-0.4519
E142A,-0.8224
E142G,-0.5267
E142C,-0.6983
E142S,-0.7758
E142T,-0.8616
E142N,-0.6713
E142Q,-0.7311
E142D,-0.5589999999999999
E142E,0.0
E142H,-0.8609
E142K,-0.525
E142R,-0.7136
G143F,0.219
G143W,0.2277
G143Y,0.1299
G143P,-0.0514
G143M,0.2467
G143I,0.2032
G143L,0.2897
G143V,0.0154
G143A,0.0281
G143G,0.0
G143C,0.1392
G143S,0.0859
G143T,0.0713
G143N,-0.0114
G143Q,0.0941
G143D,-0.0098
G143E,-0.1046
G143H,0.1537
G143K,0.113
G143R,0.1209
W144F,-1.1337
W144W,0.0
W144Y,-0.8618
W144P,-0.7609
W144M,-0.7699
W144I,-0.8701
W144L,-0.532
W144V,-1.0022
W144A,-0.7209
W144G,-0.629
W144C,-0.299
W144S,-0.7459
W144T,-0.7337
W144N,-0.6694
W144Q,-0.7895
W144D,-0.7646
W144E,-0.4901
W144H,-0.6433
W144K,-0.6856
W144R,-0.5937
Y145F,0.0564
Y145W,0.0666
Y145Y,0.0
Y145P,-0.8431
Y145M,-0.0048
Y145I,-0.3079
Y145L,-0.3412
Y145V,-0.1527
Y145A,-0.1655
Y145G,-0.5495
Y145C,-0.0658
Y145S,-0.0969
Y145T,0.055
Y145N,-0.1539
Y145Q,-0.3391
Y145D,-0.6158
Y145E,-0.2155
Y145H,0.0012
Y145K,-0.6499
Y145R,-0.6031
P146F,-0.8404
P146W,
P146Y,-0.6051
P146P,0.0
P146M,-0.8734
P146I,-0.8959
P146L,-0.4291
P146V,-0.2218
P146A,-0.2072
P146G,-0.5302
P146C,-0.1915
P146S,-0.3593
P146T,-0.3548
P146N,-0.6607
P146Q,-0.2313
P146D,-1.0224
P146E,-0.8188
P146H,-0.9197
P146K,-1.0205
P146R,-0.5833
G147F,-0.3117
G147W,-0.3874
G147Y,-0.4753
G147P,-0.9874
G147M,-0.575
G147I,-1.1832
G147L,-0.9888
G147V,-0.5963
G147A,0.1913
G147G,0.0
G147C,-0.0669
G147S,0.1359
G147T,-0.6595
G147N,-0.4605
G147Q,-0.7231
G147D,-0.209
G147E,-0.3649
G147H,-0.2086
G147K,-0.8796
G147R,-0.6896
G148F,-0.0772
G148W,-0.0514
G148Y,-0.0052
G148P,0.109
G148M,0.0296
G148I,-0.0408
G148L,0.0752
G148V,0.0646
G148A,0.0361
G148G,0.0
G148C,-0.0418
G148S,0.0425
G148T,0.0968
G148N,0.0156
G148Q,-0.03700000000000001
G148D,0.0573
G148E,0.0925
G148H,0.0379
G148K,0.1301
G148R,0.0477
Q149F,0.0027
Q149W,-0.3164
Q149Y,0.1336
Q149P,0.1693
Q149M,-0.0186
Q149I,0.0566
Q149L,-0.0038
Q149V,0.0074
Q149A,-0.0699
Q149G,-0.1258
Q149C,-0.0226
Q149S,0.0208
Q149T,0.0627
Q149N,0.1942
Q149Q,0.0
Q149D,-0.0622
Q149E,0.0523
Q149H,0.0017
Q149K,0.0662
Q149R,0.0039
T150F,-0.7738
T150W,-0.8959
T150Y,-1.3728
T150P,-0.3935
T150M,-0.6026
T150I,-0.0597
T150L,0.014
T150V,-0.0218
T150A,-0.2004
T150G,-0.7007
T150C,-0.0553
T150S,-0.1176
T150T,0.0
T150N,-0.3768
T150Q,-0.7143
T150D,-0.9791
T150E,-0.8959
T150H,-0.6329
T150K,-0.6639
T150R,-0.5764
Y151F,0.0707
Y151W,0.0044
Y151Y,0.0
Y151P,-1.1064
Y151M,-0.0623
Y151I,-0.0706
Y151L,-0.0173
Y151V,-0.1477
Y151A,-0.1643
Y151G,-0.2131
Y151C,-0.1062
Y151S,-0.1745
Y151T,-0.1653
Y151N,-0.1852
Y151Q,-0.1014
Y151D,-0.2702
Y151E,-0.0557
Y151H,-0.0454
Y151K,-0.0944
Y151R,-0.2222
V152F,-0.4501
V152W,-1.1526
V152Y,-0.6354
V152P,-0.9283
V152M,-0.2086
V152I,-0.027
V152L,-0.1612
V152V,0.0
V152A,-0.1744
V152G,-0.3016
V152C,-0.013
V152S,-0.3588
V152T,-0.2099
V152N,-0.8431
V152Q,-0.4328
V152D,-0.3164
V152E,-1.2961
V152H,-0.7084
V152K,-0.8809999999999999
V152R,-0.9069
S153F,-0.147
S153W,
S153Y,-0.2184
S153P,-0.194
S153M,
S153I,-0.1107
S153L,-0.5002
S153V,0.1769
S153A,0.0538
S153G,-0.1882
S153C,-0.0043
S153S,0.0
S153T,0.119
S153N,0.2745
S153Q,-0.1242
S153D,-0.0226
S153E,-0.3668
S153H,-0.2216
S153K,-0.2663
S153R,-0.5209
E154F,-0.1635
E154W,-0.2633
E154Y,0.1761
E154P,-0.1295
E154M,-0.1064
E154I,-0.0149
E154L,-0.0452
E154V,0.0631
E154A,-0.0306
E154G,-0.141
E154C,-0.1191
E154S,-0.0415
E154T,0.0388
E154N,0.0919
E154Q,0.0175
E154D,0.0482
E154E,0.0
E154H,-0.1534
E154K,-0.0536
E154R,0.0089
G155F,-0.85
G155W,-0.7601
G155Y,-0.6996
G155P,-1.0689
G155M,-0.8531
G155I,-0.878
G155L,-0.9791
G155V,-0.4162
G155A,-0.6026
G155G,0.0
G155C,-0.3164
G155S,-0.4951
G155T,-0.8431
G155N,-0.7377
G155Q,-0.7853
G155D,-0.1833
G155E,-0.6174
G155H,-0.7315
G155K,-1.0765
G155R,-0.6527
P156F,
P156W,
P156Y,-0.5924
P156P,0.0
P156M,
P156I,-0.7459
P156L,-0.142
P156V,-0.6856
P156A,-0.4644
P156G,
P156C,
P156S,-0.2289
P156T,-0.3771
P156N,
P156Q,-0.1744
P156D,-0.6485
P156E,
P156H,-1.0533
P156K,
P156R,-0.6278
K157F,-0.7166
K157W,
K157Y,-0.4419
K157P,-0.6896
K157M,-0.5021
K157I,-0.302
K157L,-0.4157
K157V,-0.7459
K157A,-0.4595
K157G,-0.4815
K157C,-0.4764
K157S,-0.5221
K157T,-0.7139
K157N,-0.2677
K157Q,-0.3497
K157D,-0.6174
K157E,-0.1593
K157H,-0.255
K157K,0.0
K157R,-0.1357
G158F,-0.7459
G158W,
G158Y,-0.575
G158P,-0.7072
G158M,
G158I,-0.4927
G158L,-0.8959
G158V,-0.0114
G158A,-0.4043
G158G,0.0
G158C,-0.0008
G158S,-0.0625
G158T,-0.3164
G158N,-0.7459
G158Q,
G158D,-0.0847
G158E,-0.7459
G158H,-0.8959
G158K,-0.6412
G158R,-0.269
M159F,
M159W,
M159Y,
M159P,-1.2961
M159M,0.0
M159I,-0.0161
M159L,0.0805
M159V,0.0407
M159A,-0.194
M159G,-0.6485
M159C,
M159S,
M159T,-0.0968
M159N,
M159Q,
M159D,
M159E,-0.6485
M159H,
M159K,-0.1122
M159R,-0.3771
K160F,-0.2009
K160W,
K160Y,-0.133
K160P,-0.51
K160M,-0.1047
K160I,-0.3041
K160L,-0.0642
K160V,-0.2633
K160A,-0.2124
K160G,-0.2498
K160C,-0.255
K160S,-0.2396
K160T,-0.2878
K160N,-0.1311
K160Q,-0.0184
K160D,-0.4419
K160E,-0.0465
K160H,-0.2105
K160K,0.0
K160R,-0.0435
I161F,-0.3247
I161W,
I161Y,-0.8959
I161P,-0.9791
I161M,0.0746
I161I,0.0
I161L,-0.035
I161V,-0.0595
I161A,-0.9564
I161G,-1.3479
I161C,-0.4043
I161S,-0.7663
I161T,-0.2964
I161N,-0.1593
I161Q,-0.85
I161D,-1.1209
I161E,-1.2961
I161H,-0.6565
I161K,-0.7572
I161R,-0.85
S162F,-0.8003
S162W,-0.7396
S162Y,-0.8256
S162P,-0.3856
S162M,-1.3972
S162I,-1.163
S162L,-0.4382
S162V,-1.1045
S162A,0.0792
S162G,-0.2311
S162C,-0.3385
S162S,0.0
S162T,-0.3779
S162N,-0.5185
S162Q,-1.203
S162D,-0.8657
S162E,-1.2128
S162H,-1.0811
S162K,-0.6996
S162R,-0.8463
L163F,-0.4198
L163W,-1.2414
L163Y,-0.8379
L163P,-1.0011
L163M,0.0478
L163I,-0.03
L163L,0.0
L163V,0.0147
L163A,-0.2462
L163G,-0.7226
L163C,-0.0954
L163S,-0.396
L163T,-0.3164
L163N,-0.6565
L163Q,-0.8959
L163D,-1.3972
L163E,-1.1209
L163H,-1.0533
L163K,-0.8734
L163R,-0.9268
I164F,-0.2859
I164W,
I164Y,-0.76
I164P,-0.6611
I164M,0.0463
I164I,0.0
I164L,-0.1978
I164V,-0.0523
I164A,-0.6412
I164G,-0.8594
I164C,-0.3668
I164S,-0.3678
I164T,-0.1876
I164N,-0.259
I164Q,-0.2684
I164D,-1.4445
I164E,-0.6856
I164H,-1.0673
I164K,-1.1078
I164R,-1.1209
I165F,-0.2973
I165W,-0.6174
I165Y,-0.8089
I165P,-0.7768
I165M,-0.5381
I165I,0.0
I165L,-0.6482
I165V,0.0749
I165A,-0.5636
I165G,-0.7143
I165C,-0.3164
I165S,-0.7421
I165T,-0.2945
I165N,-0.4114
I165Q,-0.7646
I165D,-0.7084
I165E,-1.1209
I165H,-0.5622
I165K,-0.9434
I165R,-0.8959
C166F,-0.29
C166W,-0.0226
C166Y,-0.3089
C166P,-0.7415
C166M,-0.85
C166I,-1.1369
C166L,-0.5904
C166V,-1.3479
C166A,-1.3728
C166G,-0.4172
C166C,0.0
C166S,-0.4674
C166T,-0.9525
C166N,-0.9692
C166Q,-1.1209
C166D,-0.4419
C166E,-0.6412
C166H,-0.6527
C166K,-0.8003
C166R,-0.362
D167F,-0.7072
D167W,
D167Y,-0.0776
D167P,-0.7154
D167M,-0.0096
D167I,-1.0355
D167L,-0.6971
D167V,-0.2108
D167A,-0.7096
D167G,-0.3528
D167C,-0.3882
D167S,-0.7209
D167T,-0.6466
D167N,0.0835
D167Q,-0.5685
D167D,0.0
D167E,0.0304
D167H,-0.4347
D167K,-0.9633
D167R,-0.5051
D168F,-0.7166
D168W,
D168Y,-0.2696
D168P,-0.816
D168M,-0.7072
D168I,-1.1832
D168L,-1.0432
D168V,-0.1927
D168A,-1.0172
D168G,-0.2009
D168C,-0.5381
D168S,-1.2224
D168T,-1.1392
D168N,-0.3104
D168Q,-1.1832
D168D,0.0
D168E,-0.2988
D168H,-0.6478
D168K,-0.7065
D168R,-0.9984
G169F,
G169W,-0.8959
G169Y,-0.9388
G169P,-0.5622
G169M,-0.4419
G169I,-0.8657
G169L,-0.85
G169V,-0.3164
G169A,-0.5127
G169G,0.0
G169C,-0.1762
G169S,-0.1737
G169T,-0.85
G169N,-0.7853
G169Q,
G169D,-0.132
G169E,-1.5337
G169H,-1.1209
G169K,-0.7266
G169R,-0.8003
N170F,-0.6485
N170W,
N170Y,-0.3874
N170P,-0.9525
N170M,
N170I,-0.0553
N170L,-0.7572
N170V,-0.8173
N170A,-0.8389
N170G,-0.7572
N170C,-0.2335
N170S,-0.3052
N170T,-0.5139
N170N,0.0
N170Q,-0.5523
N170D,-0.2208
N170E,-0.9388
N170H,-0.6255
N170K,-0.1242
N170R,
Y171F,0.1992
Y171W,
Y171Y,0.0
Y171P,-0.716
Y171M,0.3717
Y171I,0.1359
Y171L,-0.1444
Y171V,0.1358
Y171A,-0.0963
Y171G,-1.1499
Y171C,0.0173
Y171S,-0.2942
Y171T,-0.4062
Y171N,-0.4411
Y171Q,-0.6075
Y171D,-0.6195
Y171E,-0.8641
Y171H,0.4498
Y171K,-0.6195
Y171R,-0.9197
P172F,-0.5066
P172W,
P172Y,
P172P,0.0
P172M,
P172I,-0.8035
P172L,-0.2884
P172V,-0.7366
P172A,-0.2232
P172G,-0.5741
P172C,-0.4281
P172S,-0.2903
P172T,-0.2715
P172N,-0.9993
P172Q,-0.1529
P172D,-1.3669
P172E,-0.4919
P172H,-0.6613
P172K,-1.0944
P172R,-0.7001
E173F,-1.8652
E173W,
E173Y,-2.2788
E173P,-0.6895
E173M,-0.5741
E173I,-0.7236
E173L,-1.3268
E173V,-0.269
E173A,-0.2534
E173G,-0.2239
E173C,-1.1499
E173S,-0.8511
E173T,-0.9796
E173N,-1.117
E173Q,-0.7551
E173D,-0.1132
E173E,0.0
E173H,-0.9932
E173K,-0.4939
E173R,-0.9062
I174F,0.0546
I174W,
I174Y,-0.7709
I174P,-0.9273
I174M,0.2633
I174I,0.0
I174L,0.0057
I174V,0.1764
I174A,0.3605
I174G,-0.6875
I174C,0.3842
I174S,0.4055
I174T,0.3939
I174N,-0.2487
I174Q,-0.3328
I174D,-1.7655
I174E,
I174H,-0.3243
I174K,-0.8641
I174R,-0.7282
W175F,-0.3925
W175W,0.0
W175Y,-0.1542
W175P,-1.1295
W175M,
W175I,-1.3669
W175L,-0.1916
W175V,-0.6875
W175A,-1.3669
W175G,-0.4599
W175C,-0.2504
W175S,-0.4142
W175T,-0.9713
W175N,-0.8641
W175Q,-0.6195
W175D,
W175E,-1.1086
W175H,
W175K,-1.0653
W175R,-0.1356
R176F,-0.5066
R176W,-0.6875
R176Y,-0.6948
R176P,-0.9570000000000001
R176M,-0.6338
R176I,-0.2123
R176L,-0.7672
R176V,-1.0428
R176A,-0.94
R176G,-0.1834
R176C,-0.8641
R176S,-0.3785
R176T,-0.6357
R176N,-0.7247
R176Q,-0.6712
R176D,-0.6701
R176E,-0.7207
R176H,-1.0454
R176K,-0.3986
R176R,0.0
D177F,-0.5948
D177W,
D177Y,-0.2544
D177P,-0.9197
D177M,-0.4281
D177I,-0.9062
D177L,-0.8641
D177V,-0.4948
D177A,-0.5019
D177G,-0.2367
D177C,-0.0466
D177S,-0.5302
D177T,-0.5373
D177N,-0.0376
D177Q,-0.8445
D177D,0.0
D177E,0.0352
D177H,-0.6875
D177K,-0.8445
D177R,-0.8831
C178F,-0.4855
C178W,0.0286
C178Y,-0.3763
C178P,-0.8405
C178M,-0.4215
C178I,-0.239
C178L,-0.2602
C178V,-0.0448
C178A,-0.0075
C178G,-0.2123
C178C,0.0
C178S,-0.1653
C178T,-0.2646
C178N,-0.7223
C178Q,-0.2228
C178D,-0.6613
C178E,-0.6613
C178H,-0.8831
C178K,-0.9341
C178R,-0.4195
A179F,-0.7474
A179W,-1.6066
A179Y,-0.5452
A179P,-0.7135
A179M,-0.1193
A179I,-0.2308
A179L,-0.4178
A179V,0.032
A179A,0.0
A179G,-0.2044
A179C,0.1636
A179S,0.049
A179T,0.0805
A179N,-0.4457
A179Q,-0.4363
A179D,-0.3267
A179E,-0.6613
A179H,-0.5741
A179K,-0.7366
A179R,-0.5596
M180F,0.1775
M180W,0.1035
M180Y,0.145
M180P,-1.1644
M180M,0.0
M180I,-0.0691
M180L,-0.2223
M180V,-0.0063
M180A,0.1044
M180G,0.0579
M180C,0.0363
M180S,0.0961
M180T,0.0073
M180N,0.0158
M180Q,0.0439
M180D,-0.8641
M180E,-0.5668
M180H,0.1077
M180K,-0.5505
M180R,-0.6411
K181F,-0.401
K181W,
K181Y,-0.3192
K181P,-0.9511
K181M,-0.1525
K181I,-0.7138
K181L,-0.1692
K181V,-0.8756
K181A,-0.0955
K181G,-0.1726
K181C,-0.1689
K181S,-0.1045
K181T,-0.4079
K181N,-0.1184
K181Q,-0.0078
K181D,-0.8756
K181E,-0.1947
K181H,-0.0245
K181K,0.0
K181R,0.0135
G182F,-0.7448
G182W,-1.1086
G182Y,-1.0352
G182P,-0.8345
G182M,-0.6875
G182I,-0.6613
G182L,-0.9159
G182V,-0.4648
G182A,-0.6681
G182G,0.0
G182C,-0.2288
G182S,-0.4819
G182T,-0.8014
G182N,-0.6895
G182Q,-0.8535
G182D,-0.3118
G182E,-1.0572
G182H,-0.6195
G182K,-0.8717
G182R,-0.7855
A183F,-0.4975
A183W,-0.6338
A183Y,-0.7366
A183P,-0.5584
A183M,-0.5244
A183I,-0.9588
A183L,-0.9545
A183V,-0.2695
A183A,0.0
A183G,-0.3977
A183C,-0.2041
A183S,-0.1223
A183T,-0.2649
A183N,-0.8427
A183Q,-1.0474
A183D,-0.6539
A183E,-0.1318
A183H,-0.5244
A183K,-0.6771
A183R,-0.6098
E184F,-0.7207
E184W,-1.4308
E184Y,-0.6948
E184P,-0.6028
E184M,-0.3831
E184I,-0.8035
E184L,-0.7483
E184V,-0.1929
E184A,-0.6759999999999999
E184G,-0.3457
E184C,-0.7366
E184S,-0.8301
E184T,-0.8885
E184N,-0.6875
E184Q,-0.2207
E184D,-0.0714
E184E,0.0
E184H,-0.5133
E184K,-0.4478
E184R,-0.6823
L185F,-0.1938
L185W,-0.6613
L185Y,-0.754
L185P,-0.6613
L185M,-0.0986
L185I,-0.1573
L185L,0.0
L185V,-0.2484
L185A,-0.7709
L185G,-0.7757
L185C,-0.353
L185S,-0.4671
L185T,-0.7907
L185N,-0.6408
L185Q,-1.3885
L185D,-0.9713
L185E,-0.8035
L185H,-0.5948
L185K,-0.7001
L185R,-0.6801
I186F,-0.0938
I186W,-1.2993
I186Y,-0.8804
I186P,-0.8256
I186M,0.1336
I186I,0.0
I186L,-0.2608
I186V,-0.0142
I186A,-0.8105
I186G,-1.1086
I186C,-0.4136
I186S,-0.7304
I186T,-0.3616
I186N,-0.4136
I186Q,-0.5304
I186D,-0.8964
I186E,-0.6338
I186H,-0.6286
I186K,-0.6169
I186R,-0.8997
V187F,-0.3192
V187W,-1.1499
V187Y,-0.7366
V187P,-1.0039
V187M,
V187I,0.0016
V187L,-0.3123
V187V,0.0
V187A,-0.3371
V187G,-0.8105
V187C,-0.2052
V187S,-0.7483
V187T,-0.6532
V187N,-0.8924
V187Q,-0.5066
V187D,-0.239
V187E,-1.0653
V187H,-0.7874
V187K,-0.7366
V187R,-0.818
R188F,-0.5741
R188W,
R188Y,-0.5635
R188P,-0.6765
R188M,-0.8035
R188I,-0.9545
R188L,-0.3818
R188V,-0.6613
R188A,-0.6965
R188G,-0.5426
R188C,-0.2716
R188S,-0.498
R188T,-0.5518
R188N,-0.5973
R188Q,-0.8114
R188D,-0.3859
R188E,-0.7076
R188H,-0.3696
R188K,-0.5911
R188R,0.0
C189F,-0.1925
C189W,-0.3831
C189Y,-0.2125
C189P,-0.1103
C189M,-0.469
C189I,-0.5741
C189L,-0.7366
C189V,-0.2748
C189A,-0.2505
C189G,-0.4472
C189C,0.0
C189S,-0.219
C189T,-0.0757
C189N,-0.5581
C189Q,-1.0352
C189D,-0.9016
C189E,-0.9713
C189H,-1.2022
C189K,-0.7125
C189R,-0.2689
Q190F,-0.8551
Q190W,
Q190Y,-0.4919
Q190P,-0.5889
Q190M,-0.5066
Q190I,-0.912
Q190L,-0.4062
Q190V,-0.5845
Q190A,-0.6613
Q190G,-1.0314
Q190C,-0.4975
Q190S,-0.5576
Q190T,-0.6967
Q190N,-0.7366
Q190Q,0.0
Q190D,-0.5384
Q190E,-0.5548
Q190H,-0.2228
Q190K,-0.5433
Q190R,-0.2249
G191F,-0.8641
G191W,
G191Y,-0.5244
G191P,-0.7366
G191M,-1.3669
G191I,-0.7125
G191L,-0.8924
G191V,-0.472
G191A,-0.463
G191G,0.0
G191C,-0.3941
G191S,-0.4466
G191T,-0.7313
G191N,-0.7757
G191Q,-0.7928
G191D,-0.1336
G191E,-0.5066
G191H,-0.5959
G191K,-1.9611
G191R,-0.6338
Y192F,-0.1637
Y192W,-0.6025
Y192Y,0.0
Y192P,-0.6708
Y192M,-0.2842
Y192I,-0.5557
Y192L,-0.7642
Y192V,-0.7709
Y192A,-0.6771
Y192G,-0.5401
Y192C,-0.2381
Y192S,-0.5677
Y192T,-0.7874
Y192N,-0.6207
Y192Q,-0.5014
Y192D,-0.6378
Y192E,-0.774
Y192H,0.3333
Y192K,-0.7928
Y192R,-0.5968
M193F,-0.7103
M193W,-0.7366
M193Y,-0.584
M193P,-0.4107
M193M,0.0
M193I,-0.1977
M193L,0.3579
M193V,-0.1804
M193A,-0.4342
M193G,-0.6771
M193C,0.1346
M193S,-0.5391
M193T,-0.3026
M193N,-0.3605
M193Q,-0.7236
M193D,-1.5787
M193E,-0.5169
M193H,-0.6613
M193K,-0.4461
M193R,-0.6993
Y194F,-0.2222
Y194W,0.2862
Y194Y,0.0
Y194P,-0.6522
Y194M,-0.469
Y194I,-0.9837
Y194L,-0.5988
Y194V,-0.7444
Y194A,-0.3146
Y194G,-0.6223
Y194C,-0.3328
Y194S,-0.2156
Y194T,-0.5396
Y194N,0.2643
Y194Q,-0.2288
Y194D,-0.8524
Y194E,-0.3986
Y194H,-0.4425
Y194K,-0.5224
Y194R,-0.4317
P195F,-0.3328
P195W,-0.2544
P195Y,-0.4342
P195P,0.0
P195M,-0.8035
P195I,-0.5024
P195L,-0.4411
P195V,-0.5885
P195A,-0.5132
P195G,-0.4
P195C,-0.7366
P195S,-0.4195
P195T,-0.3913
P195N,-0.7001
P195Q,-0.6048
P195D,-1.4308
P195E,-0.6875
P195H,-0.1619
P195K,-0.9713
P195R,-0.6779
A196F,0.4501
A196W,-0.0839
A196Y,0.3136
A196P,-0.4005
A196M,-0.1557
A196I,-0.6565
A196L,-0.4806
A196V,-0.4281
A196A,0.0
A196G,0.1426
A196C,-0.3711
A196S,-0.3169
A196T,-0.1805
A196N,-0.1534
A196Q,0.429
A196D,0.4131
A196E,0.2721
A196H,0.0369
A196K,-0.6613
A196R,-0.6402
K197F,0.386
K197W,-0.1947
K197Y,0.2122
K197P,-0.7095
K197M,0.2861
K197I,0.3686
K197L,0.369
K197V,0.3362
K197A,0.0002
K197G,-0.1914
K197C,0.1676
K197S,-0.053
K197T,-0.297
K197N,0.0976
K197Q,0.266
K197D,-0.0662
K197E,0.1186
K197H,0.0335
K197K,0.0
K197R,0.1666
D198F,-0.168
D198W,-0.2083
D198Y,-0.182
D198P,-0.0408
D198M,-0.1442
D198I,-0.027
D198L,-0.1326
D198V,-0.0759
D198A,-0.0724
D198G,-0.1068
D198C,-0.0747
D198S,-0.1518
D198T,-0.1012
D198N,-0.1158
D198Q,-0.057
D198D,0.0
D198E,0.1071
D198H,-0.1129
D198K,-0.1895
D198R,-0.205
Q199F,-0.6223
Q199W,-0.8118
Q199Y,-0.2018
Q199P,-0.1138
Q199M,0.0652
Q199I,0.4756
Q199L,0.1416
Q199V,0.4214
Q199A,-0.0654
Q199G,-0.21
Q199C,0.196
Q199S,-0.0285
Q199T,0.2072
Q199N,0.124
Q199Q,0.0
Q199D,-0.4431
Q199E,-0.1929
Q199H,0.06
Q199K,-0.1482
Q199R,-0.3411
Q200F,-0.5471
Q200W,-0.6256
Q200Y,-0.6763
Q200P,0.4075
Q200M,-0.1529
Q200I,-0.5741
Q200L,-0.5213
Q200V,-0.467
Q200A,0.4299
Q200G,0.1492
Q200C,0.1787
Q200S,0.232
Q200T,0.1093
Q200N,-0.3123
Q200Q,0.0
Q200D,-0.2755
Q200E,-0.3562
Q200H,0.083
Q200K,-0.5601
Q200R,-0.4617
V201F,0.3478
V201W,0.3876
V201Y,0.44
V201P,0.4412
V201M,0.2224
V201I,-0.0087
V201L,0.1724
V201V,0.0
V201A,0.3608
V201G,0.2391
V201C,0.1142
V201S,0.3157
V201T,0.2515
V201N,0.1493
V201Q,0.3394
V201D,0.3279
V201E,0.4096
V201H,0.3627
V201K,0.2847
V201R,0.2326
M202F,0.2958
M202W,0.4085
M202Y,0.31
M202P,0.4858
M202M,0.0
M202I,0.2847
M202L,0.0299
M202V,0.3995
M202A,0.3913
M202G,0.3696
M202C,0.3775
M202S,0.3934
M202T,0.3204
M202N,0.3492
M202Q,0.3636
M202D,0.3925
M202E,0.2377
M202H,0.4306
M202K,0.042
M202R,-0.2225
M203F,0.2995
M203W,0.4274
M203Y,0.0554
M203P,-0.8301
M203M,0.0
M203I,-0.0537
M203L,0.3855
M203V,-0.0451
M203A,-0.6036
M203G,-1.3131
M203C,-0.7448
M203S,-0.8831
M203T,-0.439
M203N,-1.0403
M203Q,-0.5329999999999999
M203D,-1.0428
M203E,-0.8831
M203H,-0.4253
M203K,-0.4841
M203R,-0.6548
A204F,-0.2755
A204W,
A204Y,-0.3165
A204P,0.1038
A204M,0.2249
A204I,0.2712
A204L,-0.1317
A204V,0.2455
A204A,0.0
A204G,-0.239
A204C,-0.0431
A204S,-0.2039
A204T,-0.0158
A204N,-0.469
A204Q,-0.0528
A204D,-0.2259
A204E,-0.0809
A204H,-0.0245
A204K,-0.8161
A204R,-0.703
K205F,
K205W,
K205Y,-0.4370000000000001
K205P,-0.3328
K205M,-0.2452
K205I,-0.4411
K205L,-0.6757
K205V,-0.4411
K205A,-0.3285
K205G,-0.0068
K205C,-0.3831
K205S,-0.1369
K205T,-0.3396
K205N,-0.1377
K205Q,-0.2211
K205D,-0.4855
K205E,-0.2393
K205H,0.1814
K205K,0.0
K205R,0.0268
A206F,-0.9911
A206W,
A206Y,-1.1146
A206P,-0.6507
A206M,-0.3859
A206I,0.0226
A206L,-0.4192
A206V,0.0304
A206A,0.0
A206G,-0.5
A206C,-0.0558
A206S,0.0799
A206T,0.1034
A206N,0.0697
A206Q,-0.3903
A206D,-0.6685
A206E,-0.6032
A206H,-1.0103
A206K,-0.8317
A206R,-0.7277
M207F,-1.5213
M207W,-1.6611
M207Y,-1.6066
M207P,-0.8964
M207M,0.0
M207I,-0.255
M207L,-0.3789
M207V,-0.1882
M207A,-0.8427
M207G,-1.1086
M207C,-0.8924
M207S,-0.703
M207T,-0.3109
M207N,-0.469
M207Q,-0.9089
M207D,-1.3669
M207E,-1.4918
M207H,-0.5014
M207K,-0.401
M207R,-0.6935
A208F,-0.7642
A208W,
A208Y,-1.0197
A208P,-0.6063
A208M,-0.6195
A208I,-0.9137
A208L,-0.7952
A208V,-0.3272
A208A,0.0
A208G,-0.3547
A208C,-1.0872
A208S,-0.2332
A208T,-0.578
A208N,-0.9993
A208Q,-0.7291
A208D,-0.5326
A208E,-0.8035
A208H,-1.0264
A208K,-0.7928
A208R,-0.6559
W209F,0.219
W209W,0.0
W209Y,0.3338
W209P,-0.8068
W209M,0.4622
W209I,-0.1925
W209L,0.2535
W209V,-0.2816
W209A,0.2089
W209G,-0.3103
W209C,0.1841
W209S,0.0196
W209T,-0.5185
W209N,0.0624
W209Q,-0.2111
W209D,-1.0197
W209E,-0.7757
W209H,-0.0196
W209K,-0.7366
W209R,-0.4993
A210F,
A210W,
A210Y,-0.8924
A210P,-0.7468
A210M,-0.0603
A210I,-0.0053
A210L,-0.4303
A210V,0.0142
A210A,0.0
A210G,-0.2348
A210C,0.2195
A210S,0.0402
A210T,0.0562
A210N,-0.1412
A210Q,-0.5587
A210D,-0.7001
A210E,-0.4643
A210H,-0.4569
A210K,-0.8405
A210R,-0.8778
N211F,-0.8035
N211W,-0.8035
N211Y,-0.2334
N211P,-0.7622
N211M,
N211I,-0.2083
N211L,-0.8146
N211V,-0.4342
N211A,-0.8723
N211G,-0.7366
N211C,-0.3647
N211S,-0.3004
N211T,-0.3748
N211N,0.0
N211Q,-0.193
N211D,-0.0792
N211E,-0.6338
N211H,-0.1429
N211K,-0.2823
N211R,-0.8219
N212F,0.4367
N212W,
N212Y,-0.2575
N212P,-1.0324
N212M,0.4424
N212I,0.394
N212L,0.5022
N212V,-0.0177
N212A,0.1006
N212G,0.0977
N212C,0.0
N212S,0.0056
N212T,-0.0035
N212N,0.0
N212Q,0.1625
N212D,-0.0228
N212E,0.3296
N212H,0.2046
N212K,-0.0909
N212R,0.3626
C213F,-0.1164
C213W,
C213Y,-0.3169
C213P,-0.7839
C213M,-0.0629
C213I,-0.0814
C213L,-0.1327
C213V,-0.0148
C213A,0.006
C213G,-0.2755
C213C,0.0
C213S,0.0109
C213T,0.0294
C213N,-0.946
C213Q,-0.8035
C213D,-1.0197
C213E,-0.7366
C213H,-0.8804
C213K,-0.6338
C213R,-0.297
Y214F,-0.0126
Y214W,-0.4519
Y214Y,0.0
Y214P,-0.774
Y214M,-1.6611
Y214I,-0.9137
Y214L,-0.8405
Y214V,-0.9197
Y214A,-0.6948
Y214G,-0.9911
Y214C,-0.3754
Y214S,-0.7207
Y214T,-0.7088
Y214N,-0.2747
Y214Q,-0.7684
Y214D,-0.5911
Y214E,-0.6828
Y214H,-0.2155
Y214K,-0.8641
Y214R,-0.8756
V215F,-0.3925
V215W,
V215Y,-0.7186
V215P,-0.8279
V215M,-1.3669
V215I,0.0345
V215L,-0.5463
V215V,0.0
V215A,-0.1474
V215G,-0.3964
V215C,-0.2217
V215S,-0.6708
V215T,-0.2997
V215N,-1.0504
V215Q,-0.8641
V215D,-0.2164
V215E,-0.5347
V215H,-0.7125
V215K,-0.6195
V215R,-0.8893
A216F,-0.9713
A216W,
A216Y,-0.782
A216P,-0.5741
A216M,-0.2699
A216I,-0.261
A216L,-0.045
A216V,-0.1297
A216A,0.0
A216G,-0.3925
A216C,0.0523
A216S,-0.4111
A216T,-0.3064
A216N,-0.8641
A216Q,-0.8243
A216D,-0.5858
A216E,-0.5646
A216H,-1.2993
A216K,-1.0653
A216R,-0.6048
V217F,-0.0781
V217W,-0.4097
V217Y,0.1435
V217P,-0.9016
V217M,0.1224
V217I,0.1788
V217L,-0.1001
V217V,0.0
V217A,-0.3795
V217G,-0.5379999999999999
V217C,-0.2445
V217S,-0.5872
V217T,-0.3617
V217N,-0.5334
V217Q,-0.4198
V217D,-0.5499
V217E,-0.4984
V217H,-0.3949
V217K,-0.5518
V217R,-0.9132
A218F,
A218W,
A218Y,-0.8035
A218P,-0.5309
A218M,
A218I,-0.9713
A218L,-1.2818
A218V,-0.1318
A218A,0.0
A218G,-0.4872
A218C,-0.0732
A218S,-0.1114
A218T,-0.3821
A218N,-0.5741
A218Q,-0.9713
A218D,-0.7076
A218E,-0.1062
A218H,-0.6875
A218K,-0.4975
A218R,-0.8092
N219F,-1.2639
N219W,-1.2993
N219Y,-0.3637
N219P,-0.8541
N219M,-1.2273
N219I,-0.5798
N219L,-0.9431
N219V,-0.7859
N219A,-0.6708
N219G,-0.6736
N219C,-0.715
N219S,-0.5544
N219T,-0.6771
N219N,0.0
N219Q,-0.6911
N219D,-0.4
N219E,-0.6107
N219H,-0.7727
N219K,-0.415
N219R,-0.8068
A220F,
A220W,
A220Y,-1.3669
A220P,-0.6919
A220M,-0.5066
A220I,-0.6141
A220L,-0.4616
A220V,-0.0585
A220A,0.0
A220G,-0.0709
A220C,-0.0429
A220S,-0.0424
A220T,-0.1341
A220N,-0.345
A220Q,-0.5224
A220D,-0.185
A220E,-0.4281
A220H,-0.6926
A220K,-0.6685
A220R,-0.7366
A221F,-0.7366
A221W,-1.1499
A221Y,-0.261
A221P,-0.6403
A221M,-0.6449
A221I,-0.414
A221L,-0.6357
A221V,-0.2064
A221A,0.0
A221G,-0.1523
A221C,-0.1702
A221S,0.024
A221T,-0.0762
A221N,-0.5835
A221Q,-0.2691
A221D,-0.6234
A221E,-0.2288
A221H,-0.5843
A221K,-0.3887
A221R,-0.3246
G222F,-1.3384
G222W,-2.008
G222Y,-0.7574
G222P,-0.8641
G222M,-0.7565
G222I,-0.7499
G222L,-0.6786
G222V,-0.7227
G222A,-0.1855
G222G,0.0
G222C,-0.2367
G222S,-0.1451
G222T,-0.4604
G222N,-0.7001
G222Q,-0.4948
G222D,-0.4849
G222E,-0.5866
G222H,-0.6816
G222K,-0.346
G222R,-0.5793
F223F,0.0
F223W,0.1911
F223Y,0.0713
F223P,-0.2895
F223M,0.0505
F223I,0.2996
F223L,0.2622
F223V,0.3251
F223A,-0.0867
F223G,-0.526
F223C,-0.055
F223S,-0.0327
F223T,0.2169
F223N,-0.0738
F223Q,0.2942
F223D,-0.6146
F223E,-0.495
F223H,0.1204
F223K,-0.4533
F223R,0.3077
D224F,-0.6408
D224W,-0.4819
D224Y,-0.5118
D224P,-0.7113
D224M,-1.5503
D224I,-0.774
D224L,-0.8161
D224V,-0.1959
D224A,-0.6071
D224G,-0.3648
D224C,-0.5066
D224S,-0.6704
D224T,-0.7592
D224N,-0.4215
D224Q,-0.6674
D224D,0.0
D224E,-0.3692
D224H,-0.6486
D224K,-0.6648
D224R,-0.7393
G225F,-1.0653
G225W,
G225Y,-0.5741
G225P,-0.7525
G225M,-0.3328
G225I,-0.7366
G225L,-0.6132
G225V,-0.1777
G225A,-0.248
G225G,0.0
G225C,-0.1704
G225S,-0.2222
G225T,-0.4281
G225N,-0.1708
G225Q,-0.0484
G225D,-0.1238
G225E,0.0073
G225H,-0.2306
G225K,-0.0805
G225R,-0.202
V226F,-0.3328
V226W,-0.6338
V226Y,-0.2944
V226P,-0.7199
V226M,-0.3711
V226I,0.0423
V226L,-0.4123
V226V,0.0
V226A,-0.0693
V226G,-0.3016
V226C,-0.055
V226S,-0.0781
V226T,-0.0852
V226N,-0.0792
V226Q,-0.3328
V226D,-0.6362
V226E,-0.4478
V226H,-0.215
V226K,-0.1683
V226R,-0.2827
Y227F,-0.0755
Y227W,
Y227Y,0.0
Y227P,-0.7792
Y227M,-0.5066
Y227I,-1.029
Y227L,-0.7174
Y227V,-0.5566
Y227A,-0.4558
Y227G,-0.7964
Y227C,-0.2301
Y227S,-0.4074
Y227T,-0.6613
Y227N,0.0142
Y227Q,-0.6809999999999999
Y227D,-0.4136
Y227E,-1.2273
Y227H,-0.3069
Y227K,-0.7076
Y227R,-1.1764
S228F,0.1856
S228W,
S228Y,0.1717
S228P,-0.5515
S228M,0.245
S228I,-0.0801
S228L,0.0484
S228V,0.0722
S228A,-0.053
S228G,-0.0522
S228C,0.0842
S228S,0.0
S228T,0.1243
S228N,0.1047
S228Q,-0.1801
S228D,-0.0627
S228E,-0.469
S228H,0.2539
S228K,0.329
S228R,-0.0177
Y229F,-0.0539
Y229W,-0.2666
Y229Y,0.0
Y229P,-0.6485
Y229M,-0.263
Y229I,-0.5741
Y229L,-0.2026
Y229V,-0.4814
Y229A,-0.5774
Y229G,-0.5934
Y229C,-0.1421
Y229S,-0.5393
Y229T,-0.4569
Y229N,-0.2267
Y229Q,-0.4347
Y229D,-0.4819
Y229E,-0.5621
Y229H,-0.2557
Y229K,-0.8812
Y229R,-0.7134
F230F,0.0
F230W,0.4215
F230Y,0.2958
F230P,-0.7659999999999999
F230M,-0.4123
F230I,-0.3062
F230L,-0.4446
F230V,-0.2154
F230A,-0.6991
F230G,-0.5948
F230C,-0.2101
F230S,-0.3152
F230T,-0.1877
F230N,-0.3879
F230Q,-0.7859
F230D,-0.6726
F230E,-0.6875
F230H,-0.1421
F230K,-0.7977
F230R,-0.7243
G231F,-0.8551
G231W,
G231Y,-0.5066
G231P,-0.7618
G231M,
G231I,
G231L,-0.6613
G231V,-0.3682
G231A,-0.4041
G231G,0.0
G231C,0.0861
G231S,-0.425
G231T,-0.8964
G231N,-0.8535
G231Q,-0.8924
G231D,-0.2269
G231E,-0.7001
G231H,-0.6048
G231K,-0.912
G231R,-0.6271
H232F,-0.1592
H232W,-0.4449
H232Y,-0.2288
H232P,-0.6659999999999999
H232M,-0.2719
H232I,-0.4062
H232L,-0.1551
H232V,-0.6256
H232A,0.1653
H232G,0.3555
H232C,-0.2719
H232S,0.0446
H232T,-0.0846
H232N,-0.0029
H232Q,0.1218
H232D,-0.3421
H232E,0.0655
H232H,0.0
H232K,-0.0572
H232R,-0.0243
S233F,-0.9303
S233W,-0.2434
S233Y,-0.5741
S233P,-0.8051
S233M,-0.8641
S233I,-0.5107
S233L,-0.6613
S233V,-0.5449
S233A,-0.602
S233G,-0.1336
S233C,-0.3775
S233S,0.0
S233T,-0.6697
S233N,-0.6324
S233Q,-0.8641
S233D,-0.6355
S233E,-0.7934
S233H,-0.7997
S233K,-0.6613
S233R,-0.4958
A234F,-0.0246
A234W,-0.5499
A234Y,-0.0972
A234P,-0.7337
A234M,0.2067
A234I,-0.0095
A234L,0.0409
A234V,0.144
A234A,0.0
A234G,-0.1195
A234C,0.1176
A234S,0.0184
A234T,0.1268
A234N,-0.0225
A234Q,0.1033
A234D,-0.3298
A234E,-0.096
A234H,-0.0265
A234K,-0.129
A234R,-0.0042
I235F,-0.442
I235W,-0.5415
I235Y,-0.8768
I235P,-0.7116
I235M,-0.1421
I235I,0.0
I235L,-0.0216
I235V,-0.0633
I235A,-0.7271
I235G,-0.7693
I235C,-0.5441
I235S,-0.6759
I235T,-0.5036
I235N,-0.4954
I235Q,-0.7964
I235D,-0.7236
I235E,-0.5875
I235H,-0.7366
I235K,-1.588
I235R,-0.6114
I236F,-0.047
I236W,-0.4062
I236Y,-0.0315
I236P,-0.9148
I236M,-0.1545
I236I,0.0
I236L,-0.0312
I236V,-0.0008
I236A,-0.6666
I236G,-0.8125
I236C,-0.4358
I236S,-0.6338
I236T,-0.5257
I236N,-0.3423
I236Q,-0.5581
I236D,-0.8893
I236E,-0.7366
I236H,-0.1463
I236K,-0.9197
I236R,-0.769
G237F,-0.6613
G237W,-0.4919
G237Y,-0.4919
G237P,-0.7839
G237M,-0.1637
G237I,-1.0653
G237L,-0.5146
G237V,-0.469
G237A,0.0516
G237G,0.0
G237C,-0.0008
G237S,-0.0504
G237T,-0.1915
G237N,0.1054
G237Q,0.0334
G237D,-0.254
G237E,-0.6223
G237H,-0.6496
G237K,-1.1613
G237R,-0.7390000000000001
F238F,0.0
F238W,-0.5066
F238Y,-0.0637
F238P,0.0267
F238M,-0.0225
F238I,0.0366
F238L,-0.0544
F238V,-0.1357
F238A,-0.1547
F238G,-0.3328
F238C,0.0177
F238S,-0.1012
F238T,-0.1648
F238N,-0.0819
F238Q,-0.1758
F238D,-0.7125
F238E,-0.4215
F238H,0.0432
F238K,-0.5395
F238R,-1.0504
D239F,-1.0944
D239W,
D239Y,-0.4062
D239P,-0.7454
D239M,
D239I,-0.9713
D239L,-0.8701
D239V,-0.185
D239A,-0.5544
D239G,-0.1783
D239C,-0.1823
D239S,-0.6128
D239T,-0.7190000000000001
D239N,-0.5287
D239Q,-1.1499
D239D,0.0
D239E,-0.1109
D239H,-0.5284
D239K,-0.6075
D239R,-0.95
G240F,-0.4919
G240W,-0.8035
G240Y,-1.0039
G240P,-0.8354
G240M,-0.6613
G240I,-0.8378
G240L,-0.6655
G240V,-0.2324
G240A,-0.4191
G240G,0.0
G240C,-0.2169
G240S,-0.3151
G240T,-1.0653
G240N,-0.7236
G240Q,-0.7661
G240D,-0.1669
G240E,-0.5741
G240H,-0.8317
G240K,-0.7874
G240R,-0.7111
R241F,-0.166
R241W,-0.2272
R241Y,-0.1627
R241P,-0.6491
R241M,0.1127
R241I,-0.0395
R241L,0.0268
R241V,0.0605
R241A,0.0636
R241G,0.0166
R241C,0.0797
R241S,0.0983
R241T,0.1368
R241N,0.105
R241Q,0.1574
R241D,0.0573
R241E,-0.3499
R241H,-0.1063
R241K,0.0267
R241R,0.0
T242F,-0.0871
T242W,-0.2842
T242Y,-0.0814
T242P,0.0967
T242M,0.1189
T242I,0.0045
T242L,0.0871
T242V,-0.0145
T242A,0.0912
T242G,0.0533
T242C,-0.0245
T242S,0.0988
T242T,0.0
T242N,-0.0825
T242Q,-0.0387
T242D,-0.1364
T242E,-0.1755
T242H,-0.2068
T242K,-0.0545
T242R,-0.1724
L243F,0.0787
L243W,-0.6195
L243Y,-0.1325
L243P,-0.3244
L243M,0.0181
L243I,0.2003
L243L,0.0
L243V,0.1832
L243A,-0.5361
L243G,-1.6611
L243C,-0.152
L243S,-0.5875
L243T,-0.422
L243N,-0.6685
L243Q,-0.2973
L243D,-0.7709
L243E,-0.2719
L243H,-0.1761
L243K,-0.8427
L243R,-0.6496
G244F,-0.6522
G244W,
G244Y,-0.9570000000000001
G244P,-0.6678
G244M,-0.8641
G244I,-0.5401
G244L,-0.723
G244V,-0.3801
G244A,0.0211
G244G,0.0
G244C,-0.0341
G244S,-0.1211
G244T,-0.5041
G244N,-0.5302
G244Q,-0.2802
G244D,-0.068
G244E,-0.4449
G244H,-0.8140000000000001
G244K,-0.8641
G244R,-0.469
E245F,-0.2009
E245W,-0.2876
E245Y,-0.1637
E245P,-0.6256
E245M,0.0017
E245I,0.1265
E245L,0.0711
E245V,0.0071
E245A,-0.1399
E245G,-0.1932
E245C,-0.0773
E245S,-0.204
E245T,-0.0301
E245N,-0.0887
E245Q,-0.0478
E245D,-0.0517
E245E,0.0
E245H,-0.1421
E245K,-0.216
E245R,-0.1641
C246F,-0.2519
C246W,-0.0011
C246Y,-0.5322
C246P,-0.5678
C246M,0.0898
C246I,0.1565
C246L,-0.0119
C246V,0.1012
C246A,0.2576
C246G,0.225
C246C,0.0
C246S,0.2372
C246T,0.1083
C246N,-0.1112
C246Q,-0.8641
C246D,-0.6107
C246E,-0.7366
C246H,-0.7090000000000001
C246K,-1.1086
C246R,-0.4735
G247F,0.0646
G247W,-0.2677
G247Y,0.0339
G247P,-0.1686
G247M,0.2834
G247I,-0.8161
G247L,0.0158
G247V,-0.2378
G247A,0.1484
G247G,0.0
G247C,0.0446
G247S,0.0331
G247T,0.2702
G247N,0.1565
G247Q,0.2111
G247D,0.175
G247E,0.1543
G247H,0.2317
G247K,0.2255
G247R,0.2779
E248F,0.2964
E248W,0.1486
E248Y,0.2584
E248P,0.2554
E248M,0.284
E248I,0.2629
E248L,0.1684
E248V,0.2087
E248A,0.3396
E248G,0.2662
E248C,0.1631
E248S,0.257
E248T,0.1912
E248N,0.3242
E248Q,0.2959
E248D,0.2555
E248E,0.0
E248H,0.2549
E248K,0.2798
E248R,0.2341
E249F,0.2748
E249W,0.1698
E249Y,0.3720000000000001
E249P,-0.0255
E249M,0.4429999999999999
E249I,0.078
E249L,0.2801
E249V,0.2225
E249A,0.3043
E249G,0.2688
E249C,0.1826
E249S,0.3113
E249T,0.2802
E249N,0.26
E249Q,0.3181
E249D,0.2394
E249E,0.0
E249H,0.3284
E249K,0.3231
E249R,0.3583
E250F,-0.0809
E250W,-0.1094
E250Y,-0.0732
E250P,0.1698
E250M,0.0387
E250I,0.0694
E250L,-0.0261
E250V,0.1551
E250A,0.1348
E250G,0.0565
E250C,0.0319
E250S,0.0469
E250T,0.1364
E250N,-0.0589
E250Q,0.1554
E250D,-0.062
E250E,0.0
E250H,0.0283
E250K,0.0525
E250R,-0.0591
M251F,0.0521
M251W,-0.0484
M251Y,0.0321
M251P,-0.0212
M251M,0.0
M251I,-0.1244
M251L,0.0416
M251V,-0.0832
M251A,-0.02
M251G,-0.1167
M251C,-0.1588
M251S,0.0315
M251T,-0.1001
M251N,0.0429
M251Q,-0.0213
M251D,-0.1421
M251E,-0.0038
M251H,0.0366
M251K,-0.0575
M251R,0.0127
G252F,-0.7859
G252W,-0.9713
G252Y,-0.5275
G252P,-0.7591
G252M,0.3487
G252I,-0.4247
G252L,-0.1768
G252V,-0.0373
G252A,0.2958
G252G,0.0
G252C,0.1162
G252S,0.0512
G252T,0.2103
G252N,0.1647
G252Q,0.3492
G252D,-0.138
G252E,-0.2969
G252H,0.2431
G252K,0.3226
G252R,0.2339
I253F,-0.063
I253W,-0.3735
I253Y,0.2587
I253P,-0.8906
I253M,0.1029
I253I,0.0
I253L,0.1244
I253V,0.1056
I253A,0.1014
I253G,-0.3568
I253C,0.0131
I253S,-0.0905
I253T,-0.052
I253N,-0.253
I253Q,-0.2288
I253D,-0.6745
I253E,-0.6132
I253H,-0.2434
I253K,-0.4434
I253R,-0.442
Q254F,-0.4855
Q254W,-0.4449
Q254Y,-0.0783
Q254P,-0.6975
Q254M,-0.0005
Q254I,-0.3508
Q254L,-0.1031
Q254V,-0.101
Q254A,-0.4281
Q254G,-0.285
Q254C,-0.1421
Q254S,0.1845
Q254T,0.1355
Q254N,0.2227
Q254Q,0.0
Q254D,-0.0361
Q254E,0.364
Q254H,0.0309
Q254K,-0.3874
Q254R,-0.4699
Y255F,0.0477
Y255W,-0.8035
Y255Y,0.0
Y255P,-0.9016
Y255M,-0.0857
Y255I,0.0484
Y255L,0.0967
Y255V,-0.0135
Y255A,-0.3925
Y255G,-0.6685
Y255C,-0.0872
Y255S,-0.5106
Y255T,-0.2439
Y255N,-0.4741
Y255Q,-0.5066
Y255D,-0.6539
Y255E,-0.6613
Y255H,-0.302
Y255K,-0.6771
Y255R,-0.6394
A256F,-0.4084
A256W,-0.945
A256Y,-0.4214
A256P,-0.4785
A256M,-0.4964
A256I,-0.2505
A256L,-0.3908
A256V,0.0838
A256A,0.0
A256G,-0.0678
A256C,-0.1
A256S,-0.0118
A256T,0.0072
A256N,-0.4923
A256Q,-0.3404
A256D,-0.1666
A256E,-0.381
A256H,-0.3404
A256K,-1.1069
A256R,-0.2574
Q257F,-0.4309
Q257W,-0.4506
Q257Y,-0.5459
Q257P,0.0669
Q257M,0.0937
Q257I,-0.0159
Q257L,-0.0574
Q257V,0.0111
Q257A,0.0175
Q257G,-0.0903
Q257C,0.0495
Q257S,0.0514
Q257T,0.0662
Q257N,0.0227
Q257Q,0.0
Q257D,-0.5535
Q257E,-0.0275
Q257H,0.0073
Q257K,-0.0037
Q257R,-0.3594
L258F,-0.1262
L258W,-0.2988
L258Y,-0.5217
L258P,-0.6064
L258M,-0.105
L258I,-0.0964
L258L,0.0
L258V,-0.0514
L258A,-0.8156
L258G,-0.3153
L258C,-0.2017
L258S,-0.1955
L258T,-0.5239
L258N,-0.2359
L258Q,-0.4425
L258D,-0.7329
L258E,-1.4469
L258H,-0.4463
L258K,-0.4309
L258R,-0.6108
S259F,-0.2689
S259W,
S259Y,-0.4048
S259P,-0.1533
S259M,-0.6568
S259I,-0.6031
S259L,-0.5298
S259V,-0.6702
S259A,-0.0804
S259G,-0.1393
S259C,-0.0143
S259S,0.0
S259T,-0.1272
S259N,-0.245
S259Q,-0.1769
S259D,-0.1208
S259E,-0.265
S259H,-0.4594
S259K,-0.5251
S259R,-0.3314
L260F,-0.3404
L260W,-0.2969
L260Y,-0.6702
L260P,-0.1155
L260M,-0.0232
L260I,-0.0952
L260L,0.0
L260V,-0.1582
L260A,-0.2105
L260G,-0.3153
L260C,-0.0891
L260S,-0.2997
L260T,-0.1815
L260N,-0.3016
L260Q,-0.189
L260D,-0.6954
L260E,-0.6329
L260H,-0.2817
L260K,-0.104
L260R,-0.1629
S261F,-0.1202
S261W,-0.0411
S261Y,-0.3384
S261P,-0.058
S261M,-0.0898
S261I,-0.1833
S261L,-0.1402
S261V,-0.0906
S261A,-0.0579
S261G,-0.0647
S261C,-0.1294
S261S,0.0
S261T,-0.0612
S261N,-0.0688
S261Q,-0.0438
S261D,-0.0202
S261E,-0.0495
S261H,-0.1366
S261K,-0.0364
S261R,-0.0472
Q262F,-0.1435
Q262W,
Q262Y,-0.0678
Q262P,-0.2802
Q262M,
Q262I,-0.121
Q262L,-0.0445
Q262V,-0.1229
Q262A,-0.0166
Q262G,-0.0518
Q262C,0.0325
Q262S,-0.0198
Q262T,-0.1219
Q262N,-0.071
Q262Q,0.0
Q262D,-0.0411
Q262E,-0.1524
Q262H,-0.0398
Q262K,-0.2574
Q262R,-0.4017
I263F,-0.1677
I263W,
I263Y,-0.4633
I263P,-0.5202
I263M,-0.0118
I263I,0.0
I263L,-0.0515
I263V,-0.0771
I263A,-0.2792
I263G,-0.358
I263C,-0.1153
I263S,-0.3571
I263T,-0.4055
I263N,-0.4463
I263Q,-0.0903
I263D,-0.5711
I263E,-0.6409
I263H,-0.3288
I263K,-0.4506
I263R,-0.4923
R264F,-0.4241
R264W,-0.6811
R264Y,-0.4756
R264P,-0.451
R264M,
R264I,-0.4876
R264L,-0.1738
R264V,-0.5881
R264A,-0.2065
R264G,-0.3478
R264C,-0.0678
R264S,-0.1332
R264T,-0.417
R264N,-0.1383
R264Q,-0.1715
R264D,-0.381
R264E,-0.2574
R264H,-0.1825
R264K,-0.1587
R264R,0.0
D265F,0.0184
D265W,0.0325
D265Y,0.004
D265P,-0.5258
D265M,0.0996
D265I,0.003
D265L,0.0289
D265V,0.053
D265A,0.0937
D265G,-0.1135
D265C,-0.0348
D265S,-0.036
D265T,0.0524
D265N,-0.0014
D265Q,0.0949
D265D,0.0
D265E,0.0844
D265H,0.0905
D265K,-0.0396
D265R,-0.1131
A266F,0.0315
A266W,
A266Y,-0.2866
A266P,-0.5948
A266M,-0.0678
A266I,-0.0544
A266L,0.0381
A266V,0.021
A266A,0.0
A266G,-0.0777
A266C,0.1113
A266S,0.0368
A266T,0.053
A266N,-0.2006
A266Q,0.0013
A266D,-0.1055
A266E,0.004
A266H,-0.0262
A266K,0.0123
A266R,-0.3536
R267F,-0.381
R267W,0.0436
R267Y,-0.2632
R267P,-0.3865
R267M,
R267I,-0.2205
R267L,-0.2087
R267V,-0.4048
R267A,-0.2527
R267G,-0.4506
R267C,-0.191
R267S,-0.2936
R267T,-0.4206
R267N,-0.3117
R267Q,-0.1543
R267D,-0.7697
R267E,-0.4241
R267H,-0.0798
R267K,-0.0734
R267R,0.0
A268F,0.0271
A268W,
A268Y,-0.1355
A268P,-0.2728
A268M,-0.1079
A268I,-0.0428
A268L,-0.0414
A268V,0.0349
A268A,0.0
A268G,0.0549
A268C,-0.0548
A268S,-0.0236
A268T,0.0111
A268N,-0.0763
A268Q,0.0325
A268D,0.004
A268E,-0.0303
A268H,-0.063
A268K,0.0084
A268R,0.0346
N269F,0.0595
N269W,0.0501
N269Y,0.0165
N269P,-0.54
N269M,-0.0373
N269I,0.0824
N269L,0.0921
N269V,0.0473
N269A,-0.0217
N269G,0.0818
N269C,-0.0565
N269S,0.0037
N269T,-0.0678
N269N,0.0
N269Q,0.0713
N269D,0.1452
N269E,0.2692
N269H,-0.0159
N269K,-0.0332
N269R,-0.039
D270F,-0.1567
D270W,0.2279
D270Y,0.039
D270P,-0.6379
D270M,0.1306
D270I,
D270L,-0.7815
D270V,-0.0192
D270A,0.0594
D270G,0.0888
D270C,-0.1474
D270S,0.1118
D270T,-0.5742
D270N,0.0705
D270Q,0.0241
D270D,0.0
D270E,0.0961
D270H,0.1213
D270K,-0.606
D270R,-0.4042
Q271F,0.1626
Q271W,0.1153
Q271Y,0.2344
Q271P,0.1816
Q271M,-0.0294
Q271I,0.2278
Q271L,0.1686
Q271V,0.1725
Q271A,0.1621
Q271G,0.0996
Q271C,0.1251
Q271S,0.217
Q271T,0.1525
Q271N,0.1035
Q271Q,0.0
Q271D,0.2521
Q271E,0.223
Q271H,0.0859
Q271K,0.1944
Q271R,0.1505
S272F,0.0426
S272W,
S272Y,-0.381
S272P,-0.381
S272M,
S272I,-0.1025
S272L,-0.0306
S272V,-0.1181
S272A,-0.0101
S272G,0.064
S272C,0.181
S272S,0.0
S272T,0.0063
S272N,0.0947
S272Q,0.1319
S272D,0.2064
S272E,-0.5106
S272H,0.1685
S272K,-0.485
S272R,-0.2251
Q273F,-0.2492
Q273W,
Q273Y,0.2831
Q273P,0.1824
Q273M,0.1744
Q273I,0.1381
Q273L,0.1756
Q273V,0.2692
Q273A,0.2282
Q273G,0.2517
Q273C,0.2364
Q273S,0.2208
Q273T,0.1941
Q273N,0.2445
Q273Q,0.0
Q273D,0.2344
Q273E,-0.246
Q273H,0.1012
Q273K,0.2388
Q273R,0.1431
N274F,-0.1376
N274W,
N274Y,-0.3192
N274P,-0.4717
N274M,0.2627
N274I,0.1656
N274L,-0.0368
N274V,0.1695
N274A,0.0907
N274G,0.2766
N274C,0.1376
N274S,0.1036
N274T,0.2
N274N,0.0
N274Q,0.1467
N274D,-0.1228
N274E,-0.3019
N274H,0.0438
N274K,-0.2083
N274R,-0.0977
H275F,0.1992
H275W,-0.2051
H275Y,0.1718
H275P,0.1544
H275M,0.3225
H275I,-0.4284
H275L,0.0747
H275V,0.2619
H275A,0.176
H275G,-0.0788
H275C,0.1602
H275S,0.1457
H275T,0.2334
H275N,0.1966
H275Q,0.1004
H275D,-0.3694
H275E,-0.3267
H275H,0.0
H275K,-0.1692
H275R,-0.3983
L276F,-0.0712
L276W,-0.2475
L276Y,-0.3417
L276P,-0.0581
L276M,0.0214
L276I,-0.0678
L276L,0.0
L276V,0.0197
L276A,0.0858
L276G,0.061
L276C,0.0868
L276S,-0.0314
L276T,0.0053
L276N,0.0608
L276Q,-0.0439
L276D,-0.5217
L276E,-0.4861
L276H,-0.0612
L276K,-0.6654
L276R,-0.1658
F277F,0.0
F277W,0.08900000000000001
F277Y,0.0206
F277P,-0.4352
F277M,0.2167
F277I,0.065
F277L,0.0157
F277V,0.1052
F277A,0.0081
F277G,-0.1518
F277C,0.011
F277S,0.1666
F277T,0.2187
F277N,0.1956
F277Q,0.1119
F277D,-0.0566
F277E,-0.2539
F277H,0.1454
F277K,-0.2246
F277R,-0.003
K278F,-0.4923
K278W,-0.3194
K278Y,-0.4194
K278P,-0.4848
K278M,-0.3031
K278I,-0.0835
K278L,-0.5031
K278V,-0.4923
K278A,-0.4495
K278G,-0.2851
K278C,-0.4756
K278S,-0.4607
K278T,-0.4847
K278N,-0.3204
K278Q,-0.3048
K278D,-0.5902
K278E,-0.3111
K278H,-0.4271
K278K,0.0
K278R,-0.08800000000000001
I279F,-0.0819
I279W,-1.034
I279Y,-0.5173
I279P,-0.3612
I279M,0.0433
I279I,0.0
I279L,-0.0946
I279V,-0.0217
I279A,-0.0378
I279G,-0.5907
I279C,0.0123
I279S,-0.2898
I279T,-0.1895
I279N,-0.3548
I279Q,-0.2734
I279D,-0.5489
I279E,-0.4538
I279H,-0.2069
I279K,-0.5577
I279R,-0.4828
L280F,-0.098
L280W,-0.2944
L280Y,-0.4348
L280P,-0.5265
L280M,-0.0133
L280I,-0.0453
L280L,0.0
L280V,-0.0314
L280A,-0.1696
L280G,-0.3941
L280C,-0.0321
L280S,-0.2347
L280T,-0.1099
L280N,-0.1623
L280Q,-0.4574
L280D,-0.6979
L280E,-0.4402
L280H,-0.2915
L280K,-0.5493
L280R,-0.4756
H281F,-0.1477
H281W,-0.4756
H281Y,-0.1835
H281P,-0.4481
H281M,-0.3959
H281I,-0.5211
H281L,-0.4424
H281V,-0.4278
H281A,-0.0198
H281G,-0.4676
H281C,-0.0963
H281S,-0.0139
H281T,-0.1071
H281N,0.1813
H281Q,-0.2574
H281D,-0.1484
H281E,-0.397
H281H,0.0
H281K,-0.4651
H281R,-0.283
R282F,-0.3885
R282W,-0.5031
R282Y,-0.386
R282P,-0.429
R282M,-0.1757
R282I,-0.1231
R282L,-0.1869
R282V,-0.4039
R282A,-0.3386
R282G,-0.4205
R282C,-0.2637
R282S,-0.2875
R282T,-0.4525
R282N,-0.428
R282Q,-0.3108
R282D,-0.6039
R282E,-0.6589
R282H,-0.4525
R282K,-0.3375
R282R,0.0
G283F,-0.5455
G283W,-0.7329
G283Y,-0.5677
G283P,-0.5967
G283M,-0.4309
G283I,-0.4352
G283L,-0.4196
G283V,-0.3675
G283A,-0.0365
G283G,0.0
G283C,-0.2005
G283S,-0.3427
G283T,-0.4414
G283N,-0.5907
G283Q,-0.2374
G283D,-0.3655
G283E,-0.7093
G283H,-0.3643
G283K,-0.5769
G283R,-0.4608
Y284F,0.0568
Y284W,0.2388
Y284Y,0.0
Y284P,0.22
Y284M,0.2364
Y284I,0.1378
Y284L,0.1824
Y284V,0.1967
Y284A,0.2084
Y284G,0.1935
Y284C,0.2018
Y284S,0.1905
Y284T,0.1979
Y284N,0.1648
Y284Q,0.1967
Y284D,0.1813
Y284E,0.1344
Y284H,0.0852
Y284K,0.2104
Y284R,0.2212
S285F,-0.0163
S285W,-0.1537
S285Y,-0.0454
S285P,-0.0134
S285M,0.0501
S285I,0.1313
S285L,0.0461
S285V,0.0436
S285A,0.0059
S285G,-0.0009
S285C,0.0542
S285S,0.0
S285T,-0.0389
S285N,0.0483
S285Q,0.125
S285D,-0.0475
S285E,-0.0453
S285H,-0.0436
S285K,0.1638
S285R,-0.0022
G286F,-0.1209
G286W,-0.1994
G286Y,-0.0753
G286P,-0.0548
G286M,0.1203
G286I,0.0473
G286L,0.0526
G286V,0.0825
G286A,0.0343
G286G,0.0
G286C,0.083
G286S,0.0505
G286T,0.0902
G286N,-0.0254
G286Q,0.1134
G286D,-0.0882
G286E,0.0299
G286H,0.0423
G286K,0.0949
G286R,0.0917
L287F,-0.0242
L287W,-0.0455
L287Y,-0.1246
L287P,0.0207
L287M,-0.042
L287I,-0.1248
L287L,0.0
L287V,-0.1518
L287A,-0.0376
L287G,-0.0026
L287C,-0.0581
L287S,-0.013
L287T,-0.0165
L287N,0.0634
L287Q,0.003
L287D,0.0768
L287E,0.0749
L287H,-0.0229
L287K,-0.0023
L287R,-0.0381
Q288F,-0.08199999999999999
Q288W,0.1893
Q288Y,0.1091
Q288P,0.0898
Q288M,-0.0562
Q288I,-0.0267
Q288L,-0.0999
Q288V,0.0139
Q288A,0.0654
Q288G,0.0785
Q288C,0.0466
Q288S,0.0657
Q288T,0.0379
Q288N,0.1283
Q288Q,0.0
Q288D,0.1013
Q288E,0.0841
Q288H,0.039
Q288K,0.119
Q288R,0.0646
A289F,0.0085
A289W,0.0754
A289Y,-0.036
A289P,0.0342
A289M,-0.0551
A289I,-0.042
A289L,-0.0259
A289V,-0.0542
A289A,0.0
A289G,0.0007
A289C,-0.0357
A289S,-0.0339
A289T,-0.0261
A289N,-0.0755
A289Q,-0.0435
A289D,-0.0272
A289E,-0.011
A289H,-0.0291
A289K,-0.05599999999999999
A289R,0.0145
S290F,0.0787
S290W,-0.0106
S290Y,0.0177
S290P,0.0652
S290M,0.0102
S290I,0.0141
S290L,0.0259
S290V,0.0434
S290A,-0.0419
S290G,0.0159
S290C,0.0713
S290S,0.0
S290T,0.0397
S290N,0.0173
S290Q,0.0732
S290D,0.0791
S290E,0.1076
S290H,0.0332
S290K,0.0159
S290R,-0.0128
G291F,-0.0169
G291W,-0.0204
G291Y,-0.0716
G291P,0.0309
G291M,-0.1079
G291I,0.031
G291L,-0.0488
G291V,0.0189
G291A,-0.0355
G291G,0.0
G291C,-0.0033
G291S,-0.0349
G291T,-0.0328
G291N,-0.0121
G291Q,-0.0421
G291D,-0.0178
G291E,-0.1118
G291H,-0.0355
G291K,-0.0771
G291R,-0.0508
D292F,0.044
D292W,0.1113
D292Y,0.0332
D292P,0.0095
D292M,0.023
D292I,-0.0642
D292L,0.0415
D292V,0.0197
D292A,-0.0372
D292G,0.0089
D292C,0.0268
D292S,-0.011
D292T,-0.0528
D292N,-0.0312
D292Q,0.0746
D292D,0.0
D292E,0.0208
D292H,0.0452
D292K,-0.0314
D292R,-0.0175
G293F,-0.0521
G293W,0.0574
G293Y,-0.0197
G293P,-0.0065
G293M,0.014
G293I,-0.023
G293L,0.0223
G293V,-0.009000000000000001
G293A,0.0543
G293G,0.0
G293C,0.0194
G293S,0.0205
G293T,0.0117
G293N,0.0816
G293Q,0.0522
G293D,0.0565
G293E,-0.0604
G293H,0.0143
G293K,-0.0189
G293R,-0.0332
D294F,-0.121
D294W,-0.3031
D294Y,-0.1181
D294P,-0.033
D294M,-0.1404
D294I,-0.1318
D294L,-0.0976
D294V,-0.0434
D294A,-0.0108
D294G,-0.0197
D294C,-0.0856
D294S,-0.0474
D294T,-0.0627
D294N,-0.0517
D294Q,-0.1278
D294D,0.0
D294E,0.0223
D294H,0.0353
D294K,-0.1025
D294R,-0.0467
R295F,0.0372
R295W,0.0928
R295Y,0.0456
R295P,-0.0147
R295M,-0.0168
R295I,-0.0202
R295L,-0.0048
R295V,-0.0023
R295A,-0.0245
R295G,0.0309
R295C,-0.0532
R295S,0.0228
R295T,-0.031
R295N,-0.0399
R295Q,0.047
R295D,0.0976
R295E,0.0257
R295H,0.0015
R295K,-0.0277
R295R,0.0
G296F,-0.0482
G296W,-0.0166
G296Y,0.0204
G296P,-0.1263
G296M,-0.0678
G296I,-0.1588
G296L,-0.2354
G296V,-0.1071
G296A,-0.0869
G296G,0.0
G296C,-0.0664
G296S,0.0127
G296T,-0.1656
G296N,-0.2574
G296Q,-0.1487
G296D,-0.1176
G296E,-0.2036
G296H,-0.1282
G296K,-0.4425
G296R,-0.3964
L297F,-0.0678
L297W,-0.0972
L297Y,-0.027
L297P,-0.337
L297M,-0.133
L297I,0.0129
L297L,0.0
L297V,-0.1361
L297A,-0.0726
L297G,-0.1483
L297C,-0.1435
L297S,-0.0648
L297T,-0.0725
L297N,-0.0983
L297Q,-0.06
L297D,-0.1121
L297E,-0.0033
L297H,-0.0064
L297K,-0.1193
L297R,-0.048
A298F,-0.1052
A298W,-0.1848
A298Y,-0.0325
A298P,-0.0832
A298M,-0.131
A298I,-0.0442
A298L,-0.062
A298V,-0.0328
A298A,0.0
A298G,-0.0424
A298C,-0.0002
A298S,-0.0722
A298T,-0.0299
A298N,-0.1619
A298Q,-0.0284
A298D,-0.1153
A298E,0.0223
A298H,-0.0878
A298K,-0.0389
A298R,-0.1482
E299F,-0.0289
E299W,-0.1262
E299Y,-0.0612
E299P,-0.1297
E299M,0.004
E299I,-0.1226
E299L,-0.1311
E299V,-0.034
E299A,-0.0574
E299G,-0.1064
E299C,0.0025
E299S,-0.0515
E299T,-0.0843
E299N,-0.1015
E299Q,0.0151
E299D,-0.0544
E299E,0.0
E299H,-0.0983
E299K,-0.034
E299R,-0.0531
C300F,-0.1706
C300W,-0.1796
C300Y,-0.2038
C300P,-0.4166
C300M,-0.1907
C300I,-0.0445
C300L,-0.2733
C300V,-0.2208
C300A,-0.4428
C300G,-0.3282
C300C,0.0
C300S,-0.3552
C300T,-0.357
C300N,-0.1716
C300Q,-0.3863
C300D,-0.4117
C300E,-1.0302
C300H,-0.3678
C300K,-0.5769
C300R,-0.3322
P301F,-0.4678
P301W,-0.4756
P301Y,-0.8684
P301P,0.0
P301M,-0.3031
P301I,-0.2088
P301L,-0.3088
P301V,-0.2174
P301A,-0.1193
P301G,-0.4793
P301C,-0.1695
P301S,-0.1596
P301T,-0.1104
P301N,-0.2959
P301Q,-0.1092
P301D,-0.3117
P301E,-0.2574
P301H,-0.3773
P301K,-0.1262
P301R,-0.4543
F302F,0.0
F302W,-0.3241
F302Y,-0.1076
F302P,-0.4361
F302M,-0.0769
F302I,-0.234
F302L,0.099
F302V,-0.0692
F302A,-0.1262
F302G,-0.6205
F302C,0.0421
F302S,-0.3014
F302T,-0.3772
F302N,-0.5955
F302Q,-0.5486
F302D,-0.3472
F302E,-0.3959
F302H,-0.3683
F302K,-1.2036
F302R,-0.3842
E303F,-0.1541
E303W,-0.0361
E303Y,-0.075
E303P,-0.1163
E303M,-0.0678
E303I,-0.0954
E303L,-0.1654
E303V,-0.096
E303A,-0.0608
E303G,0.04
E303C,-0.1996
E303S,-0.0929
E303T,-0.0768
E303N,-0.0554
E303Q,-0.0374
E303D,-0.0087
E303E,0.0
E303H,-0.0393
E303K,-0.0556
E303R,-0.1134
F304F,0.0
F304W,-0.1623
F304Y,0.0289
F304P,-0.4435
F304M,-0.5445
F304I,-0.3361
F304L,-0.2924
F304V,-0.1435
F304A,-0.6205
F304G,-0.4376
F304C,-0.2607
F304S,-0.2306
F304T,-0.2661
F304N,-0.5373
F304Q,-0.4833
F304D,-0.3666
F304E,
F304H,-0.4479
F304K,-0.5535
F304R,-0.419
Y305F,-0.0613
Y305W,-0.344
Y305Y,0.0
Y305P,-0.4446
Y305M,
Y305I,-0.4861
Y305L,-0.3051
Y305V,-0.5711
Y305A,-0.5258
Y305G,-0.6716
Y305C,0.0027
Y305S,-0.3858
Y305T,-0.3396
Y305N,-0.4073
Y305Q,-0.4084
Y305D,-0.3646
Y305E,-0.4463
Y305H,-0.3146
Y305K,-0.7413
Y305R,-0.3296
R306F,-0.1192
R306W,
R306Y,-0.0966
R306P,-0.4112
R306M,0.004
R306I,-0.1262
R306L,-0.1372
R306V,-0.1471
R306A,-0.1065
R306G,-0.1435
R306C,-0.0149
R306S,-0.1059
R306T,-0.0195
R306N,-0.0779
R306Q,-0.1532
R306D,-0.1165
R306E,-0.0589
R306H,-0.0822
R306K,-0.0597
R306R,0.0
T307F,-0.0804
T307W,
T307Y,-0.0649
T307P,-0.3557
T307M,-0.1221
T307I,-0.0289
T307L,-0.076
T307V,-0.0275
T307A,-0.0585
T307G,-0.043
T307C,0.0921
T307S,-0.0582
T307T,0.0
T307N,-0.0678
T307Q,-0.1202
T307D,-0.0509
T307E,0.04
T307H,-0.09699999999999999
T307K,0.0061
T307R,-0.0107
W308F,
W308W,0.0
W308Y,-0.2574
W308P,-0.3764
W308M,
W308I,-0.5711
W308L,-0.0848
W308V,-0.4964
W308A,-0.3941
W308G,-0.1435
W308C,-0.1716
W308S,-0.3495
W308T,-0.4345
W308N,-0.2922
W308Q,-0.3504
W308D,-0.2574
W308E,-0.7495
W308H,
W308K,-0.5315
W308R,-0.2029
V309F,-0.2704
V309W,
V309Y,-0.4214
V309P,-0.4134
V309M,-0.0219
V309I,-0.1775
V309L,-0.0712
V309V,0.0
V309A,-0.0479
V309G,-0.214
V309C,-0.0638
V309S,-0.1238
V309T,-0.05
V309N,-0.3146
V309Q,-0.3854
V309D,-0.2521
V309E,-0.5535
V309H,-0.2334
V309K,
V309R,-0.4233
T310F,-0.0541
T310W,
T310Y,-0.1533
T310P,-0.3543
T310M,
T310I,-0.0775
T310L,-0.0482
T310V,-0.1757
T310A,-0.0678
T310G,-0.0422
T310C,-0.049
T310S,0.0208
T310T,0.0
T310N,0.0478
T310Q,-0.105
T310D,-0.213
T310E,-0.1126
T310H,-0.0203
T310K,-0.1113
T310R,-0.085
D311F,-0.1616
D311W,-0.1496
D311Y,0.0442
D311P,-0.4528
D311M,-0.2574
D311I,-0.2574
D311L,-0.1268
D311V,-0.0195
D311A,-0.1246
D311G,-0.1739
D311C,-0.0678
D311S,-0.0793
D311T,-0.0958
D311N,-0.0337
D311Q,-0.071
D311D,0.0
D311E,-0.0678
D311H,-0.0421
D311K,-0.0678
D311R,-0.0414
A312F,-0.0204
A312W,0.0076
A312Y,-0.0059
A312P,-0.0273
A312M,-0.0436
A312I,-0.0644
A312L,-0.0799
A312V,-0.0398
A312A,0.0
A312G,-0.08
A312C,-0.1672
A312S,-0.0285
A312T,-0.0413
A312N,-0.1561
A312Q,-0.1454
A312D,-0.0708
A312E,0.0247
A312H,-0.0422
A312K,0.0058
A312R,-0.0327
E313F,-0.1202
E313W,
E313Y,-0.0739
E313P,-0.061
E313M,-0.1249
E313I,-0.2213
E313L,-0.0858
E313V,-0.0678
E313A,-0.0418
E313G,-0.084
E313C,-0.0885
E313S,-0.102
E313T,-0.1346
E313N,-0.2269
E313Q,-0.0161
E313D,-0.0845
E313E,0.0
E313H,-0.0393
E313K,-0.0939
E313R,-0.1822
K314F,-0.0865
K314W,
K314Y,0.0279
K314P,-0.2905
K314M,-0.1189
K314I,0.0325
K314L,-0.0605
K314V,0.0084
K314A,0.0076
K314G,0.0228
K314C,0.1062
K314S,-0.0099
K314T,-0.0212
K314N,0.0205
K314Q,-0.0233
K314D,-0.0403
K314E,-0.0208
K314H,0.0005
K314K,0.0
K314R,0.0063
A315F,-0.2152
A315W,
A315Y,-0.3507
A315P,-0.3498
A315M,-0.1805
A315I,-0.1015
A315L,-0.0496
A315V,-0.0085
A315A,0.0
A315G,-0.1119
A315C,-0.0355
A315S,-0.0427
A315T,-0.0476
A315N,-0.2178
A315Q,-0.0897
A315D,-0.5059
A315E,-0.1153
A315H,-0.2833
A315K,-0.3241
A315R,-0.3562
R316F,-0.1853
R316W,-0.3308
R316Y,-0.1632
R316P,-0.387
R316M,0.023
R316I,-0.0428
R316L,-0.0425
R316V,0.0095
R316A,-0.0108
R316G,-0.0766
R316C,-0.109
R316S,-0.029
R316T,-0.0538
R316N,-0.2261
R316Q,-0.012
R316D,-0.4876
R316E,-0.2382
R316H,-0.2936
R316K,-0.0101
R316R,0.0
E317F,0.0147
E317W,-0.1161
E317Y,0.0226
E317P,-0.4357
E317M,-0.0903
E317I,-0.01
E317L,-0.0129
E317V,-0.0564
E317A,-0.0912
E317G,-0.0417
E317C,0.0059
E317S,-0.0662
E317T,-0.03700000000000001
E317N,-0.0791
E317Q,-0.0401
E317D,-0.023
E317E,0.0
E317H,-0.0443
E317K,-0.0509
E317R,-0.0343
N318F,-0.0208
N318W,-0.0678
N318Y,-0.057
N318P,-0.3688
N318M,-0.1198
N318I,-0.0678
N318L,-0.051
N318V,-0.0237
N318A,-0.0268
N318G,0.0313
N318C,-0.0293
N318S,-0.0379
N318T,-0.0109
N318N,0.0
N318Q,-0.0023
N318D,-0.0354
N318E,-0.0373
N318H,-0.0528
N318K,-0.0644
N318R,-0.0028
V319F,0.2375
V319W,0.1433
V319Y,0.2316
V319P,-0.4782
V319M,0.0615
V319I,-0.0416
V319L,-0.0262
V319V,0.0
V319A,0.0008
V319G,-0.0611
V319C,-0.0122
V319S,-0.0216
V319T,-0.0269
V319N,-0.0219
V319Q,0.229
V319D,-0.1816
V319E,-0.2391
V319H,0.1791
V319K,-0.2988
V319R,-0.4556
E320F,0.1074
E320W,0.0844
E320Y,0.0531
E320P,-0.3626
E320M,0.0264
E320I,0.1196
E320L,0.1362
E320V,0.1252
E320A,0.0203
E320G,0.0958
E320C,0.0723
E320S,0.0158
E320T,-0.0391
E320N,-0.0094
E320Q,0.0186
E320D,0.0738
E320E,0.0
E320H,0.0092
E320K,0.0096
E320R,0.1115
R321F,-0.0562
R321W,-0.038
R321Y,0.0288
R321P,-0.028
R321M,-0.0118
R321I,0.0648
R321L,-0.0143
R321V,-0.0254
R321A,0.0205
R321G,-0.0002
R321C,-0.0102
R321S,-0.0121
R321T,-0.0369
R321N,-0.0678
R321Q,-0.0503
R321D,0.0424
R321E,-0.1915
R321H,-0.0156
R321K,-0.034
R321R,0.0
L322F,-0.01
L322W,-0.16
L322Y,0.004
L322P,-0.1488
L322M,-0.0907
L322I,-0.0209
L322L,0.0
L322V,0.0201
L322A,0.0038
L322G,0.0267
L322C,-0.07
L322S,-0.0565
L322T,0.02
L322N,0.0369
L322Q,0.0178
L322D,-0.0396
L322E,-0.0278
L322H,-0.0385
L322K,-0.0025
L322R,-0.0346
T323F,0.1779
T323W,0.267
T323Y,0.1792
T323P,-0.0226
T323M,-0.0085
T323I,0.1588
T323L,0.2115
T323V,0.174
T323A,0.0968
T323G,0.1664
T323C,0.0164
T323S,0.0609
T323T,0.0
T323N,0.2197
T323Q,0.1668
T323D,0.0869
T323E,0.1567
T323H,0.2368
T323K,0.1752
T323R,0.1859
R324F,0.1968
R324W,0.0996
R324Y,0.18
R324P,0.2561
R324M,0.2269
R324I,0.2548
R324L,0.1674
R324V,0.0884
R324A,0.1945
R324G,0.195
R324C,0.1539
R324S,0.2009
R324T,0.2106
R324N,0.1715
R324Q,0.1861
R324D,0.1955
R324E,0.0957
R324H,0.1941
R324K,
R324R,0.0
S325F,0.0024
S325W,-0.0772
S325Y,0.0287
S325P,-0.0275
S325M,
S325I,-0.0611
S325L,-0.0697
S325V,0.0239
S325A,0.0272
S325G,0.019
S325C,-0.0018
S325S,0.0
S325T,-0.0107
S325N,-0.0678
S325Q,-0.0034
S325D,0.0343
S325E,0.0658
S325H,-0.0316
S325K,0.0702
S325R,-0.1322
T326F,0.0567
T326W,-0.0057
T326Y,-0.0436
T326P,0.1656
T326M,0.0586
T326I,0.1287
T326L,0.0157
T326V,0.1148
T326A,0.1014
T326G,0.1726
T326C,0.1344
T326S,0.0233
T326T,0.0
T326N,0.049
T326Q,0.0315
T326D,0.2105
T326E,0.0886
T326H,-0.0076
T326K,0.0005
T326R,0.0238
T327F,0.2095
T327W,0.108
T327Y,0.1467
T327P,0.1031
T327M,0.1126
T327I,0.1114
T327L,0.0968
T327V,0.0052
T327A,0.0452
T327G,0.1572
T327C,0.0947
T327S,0.0262
T327T,0.0
T327N,0.1578
T327Q,0.209
T327D,0.1755
T327E,0.2338
T327H,0.19
T327K,0.1521
T327R,0.197
G328F,0.1309
G328W,0.0325
G328Y,0.0603
G328P,0.2202
G328M,0.1149
G328I,0.1306
G328L,0.1086
G328V,0.1453
G328A,0.0825
G328G,0.0
G328C,0.131
G328S,0.0874
G328T,0.1066
G328N,0.1333
G328Q,0.0781
G328D,0.0884
G328E,0.1007
G328H,0.081
G328K,0.135
G328R,0.107
V329F,0.2085
V329W,0.245
V329Y,0.2208
V329P,0.2327
V329M,0.1924
V329I,0.1871
V329L,0.2347
V329V,0.0
V329A,0.1283
V329G,0.1182
V329C,-0.099
V329S,0.1104
V329T,-0.008
V329N,0.1939
V329Q,0.2732
V329D,0.158
V329E,0.1571
V329H,0.2368
V329K,0.2247
V329R,0.2006
A330F,0.0872
A330W,0.02
A330Y,0.0778
A330P,0.0412
A330M,0.0564
A330I,0.0849
A330L,0.0444
A330V,0.0769
A330A,0.0
A330G,0.0605
A330C,0.0867
A330S,0.0052
A330T,0.0774
A330N,0.0954
A330Q,0.0017
A330D,0.0623
A330E,-0.0401
A330H,0.0868
A330K,0.0247
A330R,-0.0135
Q331F,0.0626
Q331W,0.1845
Q331Y,0.0924
Q331P,0.1559
Q331M,0.0777
Q331I,0.0925
Q331L,0.1074
Q331V,-0.0164
Q331A,-0.0021
Q331G,0.1324
Q331C,0.0522
Q331S,0.0292
Q331T,0.0349
Q331N,0.1043
Q331Q,0.0
Q331D,0.0778
Q331E,-0.0547
Q331H,0.0503
Q331K,0.128
Q331R,0.1623
C332F,0.15
C332W,0.1683
C332Y,0.1856
C332P,0.2237
C332M,0.2587
C332I,0.1703
C332L,0.2218
C332V,0.1105
C332A,0.1916
C332G,0.1665
C332C,0.0
C332S,0.1787
C332T,0.2662
C332N,0.1698
C332Q,0.186
C332D,0.1857
C332E,0.2087
C332H,0.1998
C332K,0.2026
C332R,0.2029
P333F,0.0858
P333W,0.2087
P333Y,0.1091
P333P,0.0
P333M,-0.0734
P333I,-0.4113
P333L,-0.1248
P333V,-0.0435
P333A,0.1514
P333G,0.1962
P333C,-0.1106
P333S,0.1528
P333T,0.127
P333N,0.1829
P333Q,0.043
P333D,0.238
P333E,0.2255
P333H,0.155
P333K,0.0544
P333R,-0.0159
V334F,0.0274
V334W,0.0714
V334Y,0.04
V334P,0.2138
V334M,0.1701
V334I,0.0535
V334L,0.1251
V334V,0.0
V334A,0.1446
V334G,0.1838
V334C,0.0472
V334S,0.1672
V334T,0.1582
V334N,0.1393
V334Q,0.1739
V334D,0.1785
V334E,0.1957
V334H,0.144
V334K,0.257
V334R,0.1724
G335F,0.0778
G335W,0.2126
G335Y,0.0756
G335P,0.092
G335M,0.1017
G335I,0.0819
G335L,0.0828
G335V,0.0725
G335A,0.0744
G335G,0.0
G335C,0.1538
G335S,0.0485
G335T,0.0622
G335N,0.0256
G335Q,0.0515
G335D,0.0728
G335E,0.129
G335H,0.0433
G335K,0.0532
G335R,0.0712
R336F,-0.0443
R336W,0.0325
R336Y,-0.0332
R336P,0.0492
R336M,-0.0551
R336I,-0.0692
R336L,0.0031
R336V,-0.0521
R336A,-0.0557
R336G,0.0124
R336C,-0.0501
R336S,-0.0632
R336T,-0.067
R336N,-0.0861
R336Q,-0.027
R336D,-0.0484
R336E,-0.0525
R336H,-0.0169
R336K,0.0177
R336R,0.0
L337F,0.1619
L337W,-0.038
L337Y,0.0996
L337P,0.1024
L337M,0.0255
L337I,0.1428
L337L,0.0
L337V,0.0702
L337A,0.0996
L337G,0.2262
L337C,0.0234
L337S,0.0911
L337T,0.1794
L337N,0.0547
L337Q,0.1298
L337D,0.1379
L337E,0.1717
L337H,0.1095
L337K,0.2234
L337R,0.0833
P338F,0.08900000000000001
P338W,
P338Y,-0.0219
P338P,0.0
P338M,0.0996
P338I,0.0277
P338L,0.0453
P338V,0.07400000000000001
P338A,0.0525
P338G,0.1084
P338C,0.0587
P338S,0.0579
P338T,0.1048
P338N,0.0025
P338Q,0.0293
P338D,0.1285
P338E,0.0515
P338H,0.0887
P338K,0.1086
P338R,0.0542
Y339F,-0.0232
Y339W,0.1082
Y339Y,0.0
Y339P,0.1527
Y339M,-0.0067
Y339I,-0.0389
Y339L,0.0392
Y339V,-0.012
Y339A,0.1132
Y339G,0.122
Y339C,0.0099
Y339S,0.0934
Y339T,0.0089
Y339N,0.0612
Y339Q,0.114
Y339D,0.1201
Y339E,0.1233
Y339H,-0.0007
Y339K,0.1421
Y339R,0.0747
E340F,0.0049
E340W,0.0954
E340Y,0.0129
E340P,-0.0279
E340M,0.0115
E340I,-0.0365
E340L,0.024
E340V,0.0077
E340A,-0.0045
E340G,0.0086
E340C,0.0151
E340S,0.0278
E340T,0.0556
E340N,-0.0153
E340Q,-0.0192
E340D,0.0444
E340E,0.0
E340H,0.033
E340K,-0.0225
E340R,-0.0089
G341F,-0.0703
G341W,0.0666
G341Y,-0.0243
G341P,-0.1164
G341M,-0.1255
G341I,-0.0951
G341L,-0.0318
G341V,-0.0471
G341A,-0.0334
G341G,0.0
G341C,-0.04099999999999999
G341S,-0.0722
G341T,-0.0547
G341N,-0.0635
G341Q,-0.0926
G341D,0.0331
G341E,-0.0263
G341H,-0.0578
G341K,-0.1361
G341R,-0.0193
