mutant,fitness
E40C,-0.009929381
E40D,0.9978047609999999
E40F,-1.218224406
E40G,-0.8181518320000001
E40H,-1.258559465
E40I,-0.66966635
E40K,-0.729710698
E40L,-0.449565917
E40M,-0.160478964
E40N,-0.646291435
E40P,-2.157142639
E40Q,-0.596054733
E40R,-1.680251241
E40S,-0.805855691
E40T,-1.732207656
E40V,-0.884286523
E40W,1.033471823
E40Y,-0.430142462
R41A,-1.132650137
R41C,-0.9731245040000001
R41D,-0.7917944790000001
R41E,-0.975263298
R41F,-1.344849467
R41G,-1.003419995
R41H,-0.652402818
R41I,-1.130075336
R41K,0.413851768
R41L,-1.110912561
R41M,-0.545888841
R41N,-0.688940585
R41P,-1.057359934
R41Q,-0.568405449
R41S,-0.530176222
R41T,-0.724739373
R41V,-1.370809317
R41W,-0.477670491
R41Y,-0.956365108
V42A,-1.056329131
V42C,-0.256690443
V42D,-0.8755684490000001
V42E,-1.151116729
V42F,-0.935534775
V42G,-0.8717991709999999
V42H,-0.891834378
V42I,1.156437993
V42K,-0.9908526540000001
V42L,1.009625673
V42M,0.056923635
V42N,-0.988863409
V42P,0.008373014
V42Q,-0.901512682
V42R,-1.085611939
V42S,-1.155938268
V42T,-0.478556901
V42W,-0.902518094
V42Y,-1.139117122
K43A,-0.884341776
K43C,-0.91597414
K43D,-0.9252756240000001
K43E,-0.938726068
K43F,-1.235971928
K43G,-0.943048716
K43H,-0.706777573
K43I,-0.8535099629999999
K43L,-1.136755466
K43M,-0.9303816559999999
K43N,-1.144572973
K43P,-1.025356531
K43Q,-0.86599052
K43R,-1.017871976
K43S,-0.647829413
K43T,-0.794175625
K43V,-1.086932898
K43W,-1.20147562
K43Y,-1.241358876
I44A,-0.8975017670000001
I44C,-0.97315681
I44D,-1.061519742
I44E,-0.812898695
I44F,-0.8345780970000001
I44G,-1.083645105
I44H,-1.189042926
I44K,-0.996991217
I44L,-0.324121535
I44M,-0.769650638
I44N,-0.862208605
I44P,-0.9484636190000001
I44Q,-0.896246076
I44R,-1.083163381
I44S,-1.153981566
I44T,-0.9146085979999999
I44V,-0.290863544
I44W,-1.338832021
I44Y,-0.9587013129999999
I45A,-1.038385868
I45C,-0.853918552
I45D,-1.038936257
I45E,-1.028322816
I45F,-0.964230776
I45G,-1.009388208
I45H,-1.13505137
I45K,-0.95151943
I45L,-0.34548077
I45M,-0.927678943
I45N,-0.6162486079999999
I45P,-0.869490027
I45Q,-0.78740865
I45R,-0.902702928
I45S,-1.146590948
I45T,-1.002875924
I45V,-0.358551741
I45W,-0.438444436
I45Y,-0.999697745
A46C,0.580124736
A46D,-0.8745787140000001
A46E,-1.066724777
A46F,-1.093435407
A46G,0.030005988
A46H,-0.8017436859999999
A46I,-0.19761534
A46K,-0.887337685
A46L,0.233069167
A46M,-0.022573508
A46N,-0.9442253709999999
A46P,-0.413030535
A46Q,-0.745582223
A46R,-0.8303979640000001
A46S,-0.8103845120000001
A46T,-0.509687841
A46V,0.471495718
A46W,-0.7442941670000001
A46Y,-0.960280061
E47A,-1.007393956
E47C,-0.963122308
E47D,-1.053358674
E47F,-0.975973368
E47G,-1.026167393
E47H,-1.088628054
E47I,-1.025178313
E47K,-1.020845652
E47L,-1.151438713
E47M,-0.991333127
E47N,-1.023775697
E47P,-1.082682967
E47Q,-0.841320395
E47R,-0.91592598
E47S,-1.070534825
E47T,-0.967746854
E47V,-0.959357798
E47W,-0.717023492
E47Y,-0.976090908
F48A,-0.72318548
F48C,-0.298726171
F48D,-0.9854317309999999
F48E,-1.133632064
F48G,-0.725106239
F48H,0.587230265
F48I,1.06533277
F48K,-0.8467623590000001
F48L,0.868065715
F48M,0.340091139
F48N,-0.8054175379999999
F48P,-0.9666552540000001
F48Q,-0.8697344659999999
F48R,-0.9080748559999999
F48S,-0.761226416
F48T,-0.827408433
F48V,1.115826726
F48W,0.294750661
F48Y,1.299350262
K49A,-0.993314087
K49C,-0.9287984970000001
K49D,-1.039273262
K49E,-1.024184108
K49F,-0.895199835
K49G,-0.950077057
K49H,-0.911107659
K49I,-1.053772092
K49L,-0.9199568029999999
K49M,-1.317671299
K49N,-1.050311804
K49P,-1.161779284
K49Q,-1.012087941
K49R,-0.913043559
K49S,-0.942723513
K49T,-0.828599513
K49V,-0.968289673
K49W,-0.955484867
K49Y,-1.190891981
L74A,-0.026664214
L74C,0.336817294
L74D,-0.001172598
L74E,0.274179399
L74F,0.5521707539999999
L74G,0.081794329
L74H,0.394222528
L74I,0.092463188
L74K,0.138201281
L74M,-0.049791422
L74N,0.225077659
L74P,-0.806271017
L74Q,0.215397239
L74R,-0.178279966
L74S,0.22873269
L74T,0.272457212
L74V,0.302023828
L74W,-0.291307986
L74Y,0.526091099
A75C,0.135722697
A75D,-0.813206255
A75E,-1.080279589
A75F,0.033498496
A75G,0.015328443
A75H,-1.233296037
A75I,-0.006225881
A75K,-1.112099528
A75L,-0.535945296
A75M,-0.966886103
A75N,-1.042836308
A75P,-0.23714897
A75Q,-1.488708496
A75R,-1.257638454
A75S,-0.520264149
A75T,0.113735713
A75V,0.290414751
A75W,-0.962711275
A75Y,-0.613337874
D76A,-0.870353341
D76C,-0.75179857
D76E,-0.8601014020000001
D76F,-1.01204896
D76G,-0.8111316559999999
D76H,-1.030245304
D76I,-0.841489851
D76K,-1.0906955
D76L,-1.0612216
D76M,-1.13482511
D76N,-0.956495225
D76P,-0.429059327
D76Q,-1.051864505
D76R,-1.109776735
D76S,-1.02883172
D76T,-1.06897366
D76V,-0.715269387
D76W,-0.981553793
D76Y,-1.021164298
A77C,0.383745998
A77D,-0.3390700820000001
A77E,-0.481236726
A77F,0.194472462
A77G,0.793762922
A77H,0.483619511
A77I,-0.457728297
A77K,-0.912617803
A77L,-0.434851289
A77M,-0.679244697
A77N,0.08981745699999999
A77P,-0.787505329
A77Q,-0.449471325
A77R,-0.141783342
A77S,0.303829253
A77T,-0.174618587
A77V,0.323103786
A77W,0.256945461
A77Y,0.368520528
I78A,0.313441396
I78C,0.585281432
I78D,-0.899959505
I78E,-0.531501532
I78F,-0.063952781
I78G,0.547538936
I78H,0.024219988
I78K,-0.615603566
I78L,-0.461096734
I78M,-0.060514085
I78N,-0.073712915
I78P,-0.509372056
I78Q,0.11089167
I78R,-0.870353818
I78S,0.567912519
I78T,0.7023611670000001
I78V,0.59750402
I78W,-0.22814168
I78Y,-0.477634043
S79A,-1.00811708
S79C,-1.009974718
S79D,-1.011630297
S79E,-1.146899939
S79F,-0.8805983070000001
S79G,-0.95713979
S79H,-0.99776423
S79I,-1.016565084
S79K,-1.145211577
S79L,-0.960245073
S79M,-0.995697796
S79N,-0.979564786
S79P,-1.00191462
S79Q,-1.035165668
S79R,-0.925643384
S79T,-1.017232418
S79V,-1.112748623
S79W,-1.017621636
S79Y,-1.08336556
I80A,-1.042703271
I80C,-0.435265929
I80D,-0.9991357329999999
I80E,-1.011325955
I80F,-0.727357745
I80G,-0.8791157009999999
I80H,-1.00920558
I80K,-1.094679356
I80L,-0.808030844
I80M,-0.7878972890000001
I80N,-1.050939918
I80P,-0.9891050459999999
I80Q,-1.159846544
I80R,-0.886404335
I80S,-0.92951721
I80T,-0.803580821
I80V,0.131344885
I80W,-0.975185394
I80Y,-1.02299118
L81A,-0.8319963220000001
L81C,-0.332415253
L81D,-0.9040796759999999
L81E,-0.717759073
L81F,-0.917468607
L81G,-0.751232445
L81H,-0.915688396
L81I,0.450727999
L81K,-0.927336752
L81M,-0.71735847
L81N,-0.76162523
L81P,-0.8373326059999999
L81Q,-1.080977559
L81R,-0.889026284
L81S,-0.8950569629999999
L81T,-0.341618568
L81V,1.006439209
L81W,-0.8784678579999999
L81Y,-0.887664914
T82A,-0.508463562
T82C,-0.115414396
T82D,-0.7525013690000001
T82E,-0.589542449
T82F,-0.960733712
T82G,0.364405513
T82H,-0.7396870259999999
T82I,-0.959638953
T82K,-0.807463765
T82L,-0.8724735379999999
T82M,-0.8802028890000001
T82N,-0.299248546
T82P,-0.9140411620000001
T82Q,-0.601471186
T82R,-0.8764155509999999
T82S,-0.004150625
T82V,-0.838403404
T82W,-0.9812064770000001
T82Y,-0.987828255
E83A,-0.33397308
E83C,-0.456427932
E83D,0.238232449
E83F,-1.053005099
E83G,-0.9464185829999999
E83H,-0.5579562779999999
E83I,-0.971614003
E83K,-0.710487843
E83L,-0.962712288
E83M,-0.8852468729999999
E83N,-0.9609720709999999
E83P,-0.030400837
E83Q,-0.8316861390000001
E83R,-0.8670241240000001
E83S,-0.78365618
E83T,-0.366189867
E83V,-0.6800016759999999
E83W,-0.9763041140000001
E83Y,-0.859619737
S102A,0.062603891
S102C,-0.041255597
S102D,-0.173501357
S102E,-0.227611691
S102F,-0.531566679
S102G,-0.079143159
S102H,-0.010117467
S102I,-0.485303998
S102K,-0.035695855
S102L,-0.370097309
S102M,-0.352358043
S102N,-0.028755922
S102P,0.08799383
S102Q,-0.102672145
S102R,0.016611802
S102T,0.014461725
S102V,-0.367135733
S102W,-0.6471355560000001
S102Y,-0.39338842
R103A,0.330557674
R103C,0.057931725
R103D,-0.670951843
R103E,-0.329628915
R103F,0.316350907
R103G,0.576805234
R103H,0.286031574
R103I,-0.335694909
R103K,0.67376101
R103L,0.17034395
R103M,0.265844166
R103N,-0.190657392
R103P,-0.352682561
R103Q,0.182187021
R103S,0.268516541
R103T,0.110538647
R103V,-0.035492726
R103W,0.109602489
R103Y,0.07707122
P104A,-0.031122409
P104C,0.079919182
P104D,-0.661009133
P104E,-0.630001843
P104F,-0.218661532
P104G,-0.029262874
P104H,-0.159141093
P104I,-0.379503489
P104K,-0.041434631
P104L,-0.368881553
P104M,-0.271649122
P104N,0.074836709
P104Q,-0.134100884
P104R,-0.234271839
P104S,-0.077087648
P104T,-0.016106416
P104V,-0.192753121
P104W,0.0
P104Y,-0.476222575
I105A,0.042178147
I105C,0.061294202
I105D,-1.029215693
I105E,-0.753350973
I105F,0.305305392
I105G,-0.559696376
I105H,-0.522775888
I105K,-0.289544731
I105L,0.106845088
I105M,0.478202552
I105N,-0.705563068
I105P,-0.983980656
I105Q,-0.133841157
I105R,-0.378762186
I105S,-0.251653403
I105T,0.0
I105V,0.315551519
I105W,-1.231133461
I105Y,-0.180667803
L106A,-0.9732731579999999
L106C,-0.943379283
L106D,-1.048196435
L106E,-0.9740855690000001
L106F,-0.8805798890000001
L106G,-1.047737122
L106H,-1.016484618
L106I,-0.369434744
L106K,-1.061357141
L106M,-0.292948395
L106N,-0.9473884109999999
L106P,-0.931881845
L106Q,-0.898576975
L106R,-0.960693955
L106S,-1.014808774
L106T,-1.008006454
L106V,-0.836734295
L106W,-1.052223325
L106Y,-1.027462363
A107C,-0.269321382
A107D,-0.587501764
A107E,-0.781406224
A107F,-0.948234737
A107G,0.5174164179999999
A107H,-0.862294137
A107I,-0.860304594
A107K,-0.490431637
A107L,-0.921319723
A107M,0.198461086
A107N,-0.657400906
A107P,-0.614617586
A107Q,-0.497093946
A107R,-0.326477528
A107S,-0.09927094
A107T,-0.6844530109999999
A107V,-0.735532403
A107W,-1.017243266
A107Y,-0.978466272
K108A,-1.067942142
K108C,-1.145133972
K108D,-1.120586276
K108E,-0.9338105320000001
K108F,-0.980656922
K108G,-1.002818584
K108H,-1.028627515
K108I,-0.948452711
K108L,-0.985699236
K108M,-1.008655429
K108N,-1.028636575
K108P,-1.002993107
K108Q,-0.980935514
K108R,-1.001052022
K108S,-1.013125062
K108T,-1.026944518
K108V,-1.040982962
K108W,-0.9717160459999999
K108Y,-0.989238918
D109A,-0.571200013
D109C,-0.9912902709999999
D109E,-0.8592453000000001
D109F,-1.079697728
D109G,0.161881164
D109H,-0.915955782
D109I,-1.005340457
D109K,-0.9357774259999999
D109L,-1.033251762
D109M,-1.060890317
D109N,-0.247163162
D109P,-0.9682530159999999
D109Q,-0.712815523
D109R,-0.9799510840000001
D109S,-0.697594345
D109T,-0.9163976909999999
D109V,-1.025812507
D109W,-0.948243022
D109Y,-0.989636242
F110A,-0.402174503
F110C,-0.483442366
F110D,-0.9698461290000001
F110E,-0.8255933520000001
F110G,-0.8380022640000001
F110H,-0.652705073
F110I,-0.311849952
F110K,-0.909096122
F110L,-0.6322929860000001
F110M,-0.053980947
F110N,-0.7676020259999999
F110P,-0.997856319
F110Q,-0.845261157
F110R,-0.9590941070000001
F110S,-0.649720252
F110T,-0.634511948
F110V,-0.354161918
F110W,-0.938200295
F110Y,0.570715427
Y111A,-0.519061506
Y111C,0.98933965
Y111D,-0.931287467
Y111E,-0.8501134509999999
Y111F,1.008729935
Y111G,-0.8597161170000001
Y111H,0.404807121
Y111I,1.081028462
Y111K,-0.84772718
Y111L,0.085521624
Y111M,0.8440596459999999
Y111N,-0.357845098
Y111P,-0.7182272670000001
Y111Q,-0.932252407
Y111R,-0.810931504
Y111S,-0.524299741
Y111T,0.472793877
Y111V,0.972842038
Y111W,-0.768379092
G124A,-1.044889569
G124C,-0.920500636
G124D,-1.033057451
G124E,-1.111898661
G124F,-1.289439082
G124H,-1.089154363
G124I,-1.401190042
G124K,-0.849440038
G124L,-1.595692992
G124M,-1.413535953
G124N,-0.8072543740000001
G124P,-1.632924914
G124Q,-1.147247553
G124R,-0.8458256129999999
G124S,-1.163597465
G124T,-1.603114724
G124V,-1.412813663
G124W,-1.552770853
G124Y,-1.469011664
A125C,-0.411736429
A125D,-1.134948611
A125E,-1.101332903
A125F,-1.415257692
A125G,-0.814584374
A125H,-1.30227387
A125I,-1.378289342
A125K,-1.769109368
A125L,-1.365009189
A125M,-0.940278947
A125N,-1.485384345
A125P,-1.151775599
A125Q,-1.237336874
A125R,-1.434007764
A125S,-0.418712705
A125T,-0.7741546029999999
A125V,-0.762991905
A125W,-1.210906386
A125Y,-1.495000124
D126A,0.42276451
D126C,0.081260607
D126E,0.19255726
D126F,-0.659586191
D126G,0.640053451
D126H,0.278288335
D126I,-0.7508140209999999
D126K,0.917193532
D126L,-0.539828062
D126M,-0.067790486
D126N,0.772933543
D126P,-1.051527143
D126Q,0.821486712
D126R,0.803655624
D126S,0.784822583
D126T,0.672585726
D126V,-0.438422054
D126W,-0.781734645
D126Y,-0.6618766189999999
A127C,0.613529384
A127D,-0.8976305720000001
A127E,-0.812365413
A127F,0.210081428
A127G,-0.006053640999999999
A127H,0.027170694
A127I,0.703226864
A127K,-0.242818028
A127L,0.419066131
A127M,0.647049546
A127N,-0.387120336
A127P,-0.985731602
A127Q,-0.084226027
A127R,-1.044570684
A127S,0.235470995
A127T,0.280964494
A127V,0.8275504109999999
A127W,0.650950193
A127Y,0.297750831
I128A,-0.702664673
I128C,-0.132735461
I128D,-1.062920094
I128E,-1.025047779
I128F,-1.188676476
I128G,-0.781884134
I128H,-0.962784827
I128K,-1.072926164
I128L,-0.7582109570000001
I128M,-0.742002726
I128N,-0.606564462
I128P,-0.638373077
I128Q,-0.226821825
I128R,-1.189436674
I128S,-0.861345053
I128T,-0.6714331509999999
I128V,-0.232866377
I128W,-1.518878698
I128Y,-1.222787619
L129A,-1.157647371
L129C,-1.253448844
L129D,-1.171223044
L129E,-1.07819581
L129F,-1.135317326
L129G,-1.19387877
L129H,-1.162977576
L129I,0.049750675
L129K,-1.080543399
L129M,-0.628665924
L129N,-1.185934663
L129P,-1.152708292
L129Q,-1.165074468
L129R,-1.149481654
L129S,-1.236750007
L129T,-1.134544134
L129V,-1.098913193
L129W,-1.169860244
L129Y,-1.052760363
I130A,-1.141229987
I130C,-1.053351521
I130D,-1.321465969
I130E,-1.090601802
I130F,-1.168740273
I130G,-1.188843727
I130H,-1.184167981
I130K,-1.158059001
I130L,-0.106323428
I130M,-1.00105381
I130N,-1.064114571
I130P,-1.157266974
I130Q,-1.167002439
I130R,-1.193791747
I130S,-1.205256701
I130T,-1.07680285
I130V,0.23272197
I130W,-1.306941271
I130Y,-1.049332261
I131A,-1.254516244
I131C,-1.186538219
I131D,-1.150108576
I131E,-1.098278761
I131F,-1.064537287
I131G,-1.163778782
I131H,-1.113923907
I131K,-1.080431342
I131L,-1.176671386
I131M,0.0
I131N,-1.087474823
I131P,-1.267398953
I131Q,-1.202026367
I131R,-1.116959333
I131S,-1.193058252
I131T,-1.218290687
I131V,0.23905243
I131W,-1.110036731
I131Y,-1.23316133
A132C,-0.39196986
A132D,-1.063043237
A132E,-1.154722214
A132F,-1.164479971
A132G,-1.092091799
A132H,-1.276684761
A132I,-1.093075275
A132K,-1.129798055
A132L,-1.104338527
A132M,-1.245956659
A132N,-1.225550056
A132P,-1.184648037
A132Q,-1.237287283
A132R,-1.140948534
A132S,-0.478402764
A132T,-0.653417766
A132V,-0.210712716
A132W,-1.236326337
A132Y,-1.195108533
R133A,-1.038045168
R133C,0.157111466
R133D,-0.614383519
R133E,-1.052473783
R133F,-0.272627205
R133G,-0.324332595
R133H,-0.138665766
R133I,-0.172285542
R133K,0.67699796
R133L,-1.105036378
R133M,-0.232608825
R133N,-0.339647442
R133P,-1.098506689
R133Q,-0.504004359
R133S,0.063175671
R133T,-0.875787497
R133V,-0.6299327020000001
R133W,-0.828757465
R133Y,-0.464616686
L150A,0.195994094
L150C,0.601134419
L150D,0.22838153
L150E,0.964513958
L150F,0.026730366
L150G,-0.03225457299999999
L150H,0.5952520370000001
L150I,-0.43340838
L150K,0.50648135
L150M,0.22022219
L150N,0.312128753
L150P,-1.176903009
L150Q,0.552942634
L150R,0.5472053889999999
L150S,0.125319362
L150T,-0.292733908
L150V,-0.011036357
L150W,-0.494981527
L150Y,0.328595072
G151A,-0.117842473
G151C,-0.024304489
G151D,0.090220295
G151E,0.106800117
G151F,-0.6898038390000001
G151H,0.488964111
G151I,-1.06095767
G151K,0.409133285
G151L,-0.804530621
G151M,-0.469299465
G151N,0.47760427
G151P,-1.135693669
G151Q,0.181804583
G151R,0.183181405
G151S,0.06913109099999999
G151T,-0.5519634489999999
G151V,-1.071848035
G151W,-1.131117582
G151Y,-0.481466681
M152A,-0.840997696
M152C,-0.828863323
M152D,-1.084314585
M152E,-1.027138829
M152F,-1.088427067
M152G,-1.08339107
M152H,-0.8119732140000001
M152I,-0.516374648
M152K,-0.452841252
M152L,0.074637704
M152N,-0.8980969190000001
M152P,-0.9952634570000001
M152Q,-0.326727927
M152R,-0.8318698409999999
M152S,-0.921345174
M152T,-0.864500761
M152V,-0.59360373
M152W,-1.056497693
M152Y,-1.11509347
D153A,0.333893746
D153C,-0.021974744
D153E,0.633804739
D153F,-0.426946074
D153G,0.852765381
D153H,0.151802778
D153I,-0.196426988
D153K,-0.748525143
D153L,-0.548928738
D153M,-0.602526724
D153N,-0.075303197
D153P,-0.8331394790000001
D153Q,-0.097334139
D153R,-0.809954345
D153S,0.042071667
D153T,0.040929247
D153V,0.104877316
D153W,-0.6050897239999999
D153Y,-0.151023299
S154A,0.060574263
S154C,-0.3087551
S154D,-0.915292799
S154E,-1.061415315
S154F,-0.78635937
S154G,-0.338760406
S154H,-0.850881934
S154I,-0.973023713
S154K,-0.9364863040000001
S154L,-0.97790134
S154M,-1.059263349
S154N,-0.883987725
S154P,-0.7167978290000001
S154Q,-0.645755231
S154R,-1.15082252
S154T,-0.967061698
S154V,-0.9206269979999999
S154W,-1.260087252
S154Y,-0.8306629059999999
L155A,-0.936264277
L155C,-0.466683865
L155D,-0.877289236
L155E,-1.017645597
L155F,1.258628011
L155G,-0.9365424509999999
L155H,-0.981779575
L155I,0.309456945
L155K,-0.892598867
L155M,0.775442243
L155N,-1.088446856
L155P,-0.894900024
L155Q,-0.728382885
L155R,-0.941378355
L155S,-0.8307159540000001
L155T,-0.784610033
L155V,0.150812239
L155W,0.419194222
L155Y,-0.8315790890000001
V156A,-0.9340556859999999
V156C,-0.504288018
V156D,-0.9835785029999999
V156E,-0.867121458
V156F,-0.9572030309999999
V156G,-0.939447105
V156H,-0.988528669
V156I,0.136536375
V156K,-1.07582581
V156L,-0.321987957
V156M,-0.699610472
V156N,-0.876089096
V156P,-1.139490366
V156Q,-0.9348950979999999
V156R,-0.979650736
V156S,-0.92990315
V156T,-0.9462597970000001
V156W,-0.967091501
V156Y,-1.031878233
E157A,-0.987500191
E157C,-0.900014639
E157D,-1.129062176
E157F,-1.039893031
E157G,-0.9787721629999999
E157H,-0.99172914
E157I,-0.914579809
E157K,-0.913032889
E157L,-0.8959609270000001
E157M,-1.030107498
E157N,-0.997549534
E157P,-0.870391428
E157Q,-0.882988274
E157R,-0.931316376
E157S,-0.9587656859999999
E157T,-0.982632339
E157V,-0.9137726429999999
E157W,-0.969558299
E157Y,-0.995813012
V158A,-0.9099230770000001
V158C,0.15350841
V158D,-1.011961341
V158E,-0.9355142120000001
V158F,-0.8635672329999999
V158G,-1.058181882
V158H,-0.876583338
V158I,0.695649922
V158K,-0.8745297190000001
V158L,0.5248227120000001
V158M,-0.273919344
V158N,-0.7813250420000001
V158P,-0.9633118509999999
V158Q,-0.924931169
V158R,-0.9721819159999999
V158S,-0.984977722
V158T,-0.825048566
V158W,-0.8778612020000001
V158Y,-0.938388228
H159A,-0.7140648959999999
H159C,-0.773559928
H159D,-0.844850123
H159E,-0.9232342240000001
H159F,-1.003567457
H159G,-0.99398607
H159I,-0.952020764
H159K,-0.84333235
H159L,-0.919524372
H159M,-0.9727621670000001
H159N,-0.696249485
H159P,-0.7485166190000001
H159Q,-0.9517655970000001
H159R,-0.922412992
H159S,-0.830520809
H159T,-0.999691188
H159V,-0.737779856
H159W,-0.904144466
H159Y,-0.811740696
R172A,0.610515654
R172C,0.5363150839999999
R172D,0.432435513
R172E,0.8185107709999999
R172F,-0.564909518
R172G,-0.8905816670000001
R172H,0.867731392
R172I,-0.365049392
R172K,1.448897243
R172L,-0.7196486
R172M,0.286817461
R172N,1.229035139
R172P,-0.92549926
R172Q,1.063186646
R172S,0.982858598
R172T,0.977548361
R172V,0.153779909
R172W,-0.642790616
R172Y,0.306766212
P173A,-1.286615133
P173C,-1.254708529
P173D,-1.332024336
P173E,-1.164207458
P173F,-1.137087941
P173G,-1.260439157
P173H,-1.154159307
P173I,-1.213498354
P173K,-1.094065189
P173L,-1.136806965
P173M,-1.052925706
P173N,-1.266530514
P173Q,-1.170313716
P173R,-1.130629897
P173S,-1.206683874
P173T,-1.150782228
P173V,-1.227909684
P173W,-0.8491697309999999
P173Y,-1.277803779
K174A,-0.465779066
K174C,-0.983825445
K174D,-1.135594845
K174E,-0.9902569059999999
K174F,-1.020048261
K174G,-0.973776102
K174H,-0.540799975
K174I,-1.137651324
K174L,-0.91616255
K174M,-0.814284861
K174N,-0.710729837
K174P,-0.988932908
K174Q,-0.288594514
K174R,0.068856642
K174S,-0.643887758
K174T,-0.697283387
K174V,-0.959628582
K174W,-1.07398212
K174Y,-1.147781134
I175A,0.68451941
I175C,0.376381099
I175D,-1.128210306
I175E,-1.058311462
I175F,-0.7674490209999999
I175G,-0.149286136
I175H,-1.077857614
I175K,-1.116113305
I175L,0.011900341
I175M,0.054912504
I175N,-1.179722071
I175P,-1.148678064
I175Q,-1.170303226
I175R,-1.149913788
I175S,-1.082640529
I175T,-1.104910135
I175V,-0.486118674
I175W,-1.042956471
I175Y,-0.687662661
I176A,-1.192685723
I176C,-1.080073357
I176D,-1.085249543
I176E,-1.161623478
I176F,-1.107440233
I176G,-1.134538174
I176H,-1.124913335
I176K,-1.114411831
I176L,0.301236183
I176M,-0.410520881
I176N,-1.083126664
I176P,-1.152142763
I176Q,-1.065133333
I176R,-1.104054093
I176S,-1.157294631
I176T,-1.082316875
I176V,0.397515833
I176W,-1.1795367
I176Y,-1.09319675
G177A,-0.352509022
G177C,-0.216168627
G177D,-1.050573587
G177E,-1.10101676
G177F,-1.139093161
G177H,-1.093957067
G177I,-1.199261904
G177K,-1.230950713
G177L,-1.124005437
G177M,-1.029742241
G177N,-1.297459602
G177P,-1.149445891
G177Q,-1.126453042
G177R,-1.155004382
G177S,-0.953741372
G177T,-1.099874854
G177V,-1.12998414
G177W,-0.984723628
G177Y,-1.146803617
I178A,-1.20131433
I178C,0.0
I178D,-1.119012117
I178E,-1.180082202
I178F,-0.874862015
I178G,-1.056035757
I178H,-1.086455822
I178K,-1.17136097
I178L,-0.800787687
I178M,-0.8185132740000001
I178N,-1.137406349
I178P,-1.171184659
I178Q,-1.162568927
I178R,-1.221966863
I178S,-1.151372075
I178T,-1.114845634
I178V,-0.3933141529999999
I178W,0.0
I178Y,-1.062680602
N179A,-1.145957112
N179C,-1.140296459
N179D,-1.151029468
N179E,-1.348939776
N179F,-1.129345894
N179G,-1.212265253
N179H,-1.092615008
N179I,-1.186337233
N179K,-1.084973335
N179L,-1.094929576
N179M,-1.006387472
N179P,-1.199414134
N179Q,-1.10921979
N179R,-1.10761106
N179S,-1.189658403
N179T,-1.110840201
N179V,-1.215232015
N179W,-0.9970019459999999
N179Y,-1.073345065
T180A,1.087346911
T180C,1.373139858
T180D,0.775944293
T180E,0.593061626
T180F,-0.854102015
T180G,-0.449968338
T180H,-0.660544991
T180I,-0.681030989
T180K,-0.894784331
T180L,1.085561037
T180M,0.623834491
T180N,0.746875703
T180P,-1.061866403
T180Q,0.365650445
T180R,-0.774481118
T180S,0.945595264
T180V,0.377625316
T180W,-0.696904361
T180Y,0.665129304
R181A,-1.170113206
R181C,-1.089003444
R181D,-1.21927619
R181E,-1.198796153
R181F,-1.168417215
R181G,-1.03743434
R181H,1.194851995
R181I,-1.103118062
R181K,-0.709573507
R181L,-1.080909014
R181M,-1.202247739
R181N,0.946570337
R181P,-1.059169531
R181Q,-1.012723565
R181S,-1.079190493
R181T,-1.039986014
R181V,-1.096910715
R181W,-1.090762496
R181Y,-1.143011808
D202A,0.09736151300000001
D202C,-0.371343255
D202E,0.8280222420000001
D202F,-0.5818743710000001
D202G,-0.05626991
D202H,0.177456647
D202I,-0.27147457
D202K,0.501240671
D202L,-0.249583021
D202M,-0.266049623
D202N,0.384307265
D202P,0.417426497
D202Q,0.416680008
D202R,0.05514986400000001
D202S,0.304025054
D202T,0.264698923
D202V,-0.051094491
D202W,-0.88355726
D202Y,-0.26096943
D203A,-0.978538573
D203C,-0.978311598
D203E,0.303595007
D203F,-0.892445445
D203G,-0.7588431840000001
D203H,-0.452003568
D203I,-1.071907878
D203K,-0.7173646090000001
D203L,-1.029116988
D203M,-0.9424157740000001
D203N,-0.046559725
D203P,-1.0238446
D203Q,-0.476375073
D203R,-1.126930594
D203S,-0.423773199
D203T,-0.865534902
D203V,-1.164119959
D203W,-1.168120623
D203Y,-0.914840877
T204A,-0.38033101
T204C,0.9324395659999999
T204D,-1.117600918
T204E,-1.269286633
T204F,-0.932909667
T204G,-1.312029123
T204H,-1.062633753
T204I,1.363564253
T204K,-0.956518531
T204L,0.346028239
T204M,0.9513541459999999
T204N,-0.8630205390000001
T204P,-0.917303622
T204Q,-0.9015819429999999
T204R,-0.960947096
T204S,-0.7978525759999999
T204V,0.871050537
T204W,-0.976158619
T204Y,-0.901583314
V205A,-0.425325304
V205C,0.174724817
V205D,-1.125158191
V205E,-1.003875852
V205F,-0.534347355
V205G,-1.028497815
V205H,-0.9772399070000001
V205I,1.023113489
V205K,-0.606829286
V205L,-0.254718512
V205M,-0.224882111
V205N,-0.9982565640000001
V205P,-0.990273356
V205Q,-0.8493336440000001
V205R,-0.9919991490000001
V205S,-0.947583973
V205T,-0.85748899
V205W,-0.9185339809999999
V205Y,-0.492033869
V206A,-1.077275395
V206C,-0.93689853
V206D,-1.025547147
V206E,-0.9097719790000001
V206F,-1.068903565
V206G,-1.055816531
V206H,-1.00199759
V206I,1.070991159
V206K,-1.064865232
V206L,-0.4031605720000001
V206M,-0.79655236
V206N,-1.036989808
V206P,-0.9911949040000001
V206Q,-0.992251456
V206R,-1.023818731
V206S,-1.03129673
V206T,-0.925321817
V206W,-1.038521886
V206Y,-1.019083023
V207A,-1.066627264
V207C,-1.024891615
V207D,-1.632364988
V207E,-1.339409947
V207F,-1.109804034
V207G,-1.133970141
V207H,-1.039142489
V207I,0.904750347
V207K,-1.006852269
V207L,-0.617982566
V207M,-0.9928615690000001
V207N,-1.147232771
V207P,-1.117381692
V207Q,-1.099420905
V207R,-1.135178924
V207S,-1.176662207
V207T,-1.234802365
V207W,-0.989365637
V207Y,-1.179344177
A208C,0.26342833
A208D,-0.827760279
A208E,-0.81419611
A208F,-0.430339515
A208G,-0.988102376
A208H,-0.013048735
A208I,-0.161105439
A208K,-1.060062408
A208L,0.759322882
A208M,-0.3214975
A208N,-1.084614277
A208P,-1.098506689
A208Q,-0.941933513
A208R,-1.081702232
A208S,-0.487609893
A208T,-1.004632354
A208V,0.576877058
A208W,1.374189973
A208Y,1.043976784
E209A,-0.950729191
E209C,-1.145661354
E209D,-1.016066909
E209F,-1.005116105
E209G,-1.111650586
E209H,-1.037944078
E209I,-1.068894386
E209K,-1.02670145
E209L,-1.045782328
E209M,-1.051512241
E209N,-0.9093768
E209P,-1.198175907
E209Q,-1.121800184
E209R,-1.159971476
E209S,-1.083827853
E209T,-1.167793751
E209V,-1.029206872
E209W,-1.012759686
E209Y,-1.084216952
S210A,-1.092375278
S210C,-1.120512486
S210D,-1.119486451
S210E,-1.070259571
S210F,-1.099949241
S210G,-1.119868994
S210H,-1.04712522
S210I,-1.058550119
S210K,-1.106704593
S210L,-1.071483731
S210M,-0.9511493440000001
S210N,-0.97993046
S210P,-0.977304935
S210Q,-1.08368063
S210R,-1.053221107
S210T,-1.029174209
S210V,-1.095191002
S210W,-1.040662646
S210Y,-1.002274036
G211A,0.698026478
G211C,-0.6926286220000001
G211D,0.85625869
G211E,-0.870222926
G211F,-0.7122904659999999
G211H,-1.040672898
G211I,-1.048152208
G211K,-1.058161259
G211L,-0.980763853
G211M,-1.032361388
G211N,0.823640347
G211P,-0.972564518
G211Q,-0.9189142579999999
G211R,-0.9588148000000001
G211S,0.6580796839999999
G211T,-0.858586073
G211V,-0.926353097
G211W,-1.057614088
G211Y,-0.382487506
K224A,-1.266377568
K224C,-1.398618221
K224D,0.175544396
K224E,-1.291947246
K224F,-1.479884744
K224G,-1.3351475
K224H,0.000347
K224I,-1.028100848
K224L,-1.20246911
K224M,-0.8343294859999999
K224N,-1.206664085
K224P,-0.702577353
K224Q,-0.980233908
K224R,0.009868347
K224S,-1.2290411
K224T,-1.122127056
K224V,-0.989622593
K224W,-0.4785424170000001
K224Y,-0.7301435470000001
V225A,-0.911644399
V225C,-0.8360257740000001
V225D,-1.319844723
V225E,-1.388753533
V225F,-1.319617391
V225G,-1.421216011
V225H,-1.257234454
V225I,-0.318871379
V225K,-1.582234025
V225L,-1.011532545
V225M,-1.231203914
V225N,-1.000319958
V225P,-1.418148756
V225Q,-1.462351799
V225R,-1.427693248
V225S,-1.260887623
V225T,-1.433625102
V225W,0.576972723
V225Y,-1.014050722
N226A,-1.426601887
N226C,-1.412238002
N226D,-0.75570637
N226E,-1.340770841
N226F,-1.160200715
N226G,-1.418643713
N226H,-1.072561026
N226I,-1.373242617
N226K,-1.258723378
N226L,-1.337794542
N226M,-1.762620568
N226P,-1.400312781
N226Q,-1.303083897
N226R,-1.041649461
N226S,-1.191587448
N226T,-1.316963434
N226V,-1.382030368
N226W,-1.338916063
N226Y,-1.220089078
A227C,-1.293898106
A227D,-1.152906775
A227E,-1.244533658
A227F,-1.286681056
A227G,-0.486667722
A227H,-0.933997929
A227I,-1.296479821
A227K,-1.28971529
A227L,-1.264357567
A227M,-1.219006538
A227N,-1.278517842
A227P,-1.25827539
A227Q,-1.375224948
A227R,-0.95651114
A227S,-1.201242566
A227T,-1.122871399
A227V,-1.042768121
A227W,-0.932040393
A227Y,-0.95644325
V228A,-1.060451269
V228C,-0.9729915859999999
V228D,-1.217126369
V228E,-0.9467275140000001
V228F,-0.961898327
V228G,-1.272589445
V228H,-1.070446014
V228I,0.326496959
V228K,-1.048025489
V228L,-0.7226378920000001
V228M,-0.907108128
V228N,-1.232890487
V228P,-1.211976767
V228Q,-1.463606477
V228R,-1.275807858
V228S,-1.29312408
V228T,-1.227910042
V228W,-1.045531511
V228Y,-1.257966995
L229A,-1.319536805
L229C,-1.279196978
L229D,-1.321801782
L229E,-1.260562301
L229F,-1.079243898
L229G,-1.329391479
L229H,-1.214763522
L229I,0.888179123
L229K,-1.233660936
L229M,-1.283943534
L229N,-1.322808504
L229P,-1.406508446
L229Q,-1.227717757
L229R,-1.374244213
L229S,-1.30574429
L229T,-1.296728611
L229V,-1.309718728
L229W,-1.351237655
L229Y,-1.406088829
V230A,-1.258230448
V230C,-0.545309126
V230D,-1.272508025
V230E,-1.19022274
V230F,-1.290168881
V230G,-1.296652317
V230H,-1.25606811
V230I,0.282733709
V230K,-1.288819909
V230L,-1.126045585
V230M,-1.143580198
V230N,-1.227462649
V230P,-1.352959514
V230Q,-1.179774046
V230R,-1.283523321
V230S,-1.27263546
V230T,-1.065300107
V230W,-1.452505708
V230Y,-1.23133719
G231A,-0.73543328
G231C,-1.221715331
G231D,-1.190748215
G231E,-1.352015376
G231F,-1.323824763
G231H,-0.905237794
G231I,-1.359393597
G231K,-1.316600323
G231L,-1.271253824
G231M,-1.017733693
G231N,-0.924089253
G231P,-1.359081864
G231Q,-1.3403961660000001
G231R,-1.283155203
G231S,0.020608285
G231T,-1.259058714
G231V,-1.190757632
G231W,-1.468586326
G231Y,-1.419838905
T232A,-1.141252637
T232C,-1.232683301
T232D,-0.051149379
T232E,0.561176062
T232F,-1.310866117
T232G,-1.190289259
T232H,-1.299687028
T232I,-1.180660963
T232K,-1.189560652
T232L,-1.271594644
T232M,-1.171851873
T232N,-1.201128244
T232P,-1.355855346
T232Q,-1.223533034
T232R,-1.347150207
T232S,-0.299788117
T232V,-1.380588889
T232W,-1.274197459
T232Y,-1.166767478
S233A,0.517150343
S233C,-0.454404175
S233D,1.753087521
S233E,1.950793862
S233F,-0.626405776
S233G,-0.201821819
S233H,0.203735665
S233I,-0.8823204040000001
S233K,-0.651816487
S233L,-0.977009237
S233M,-0.8667097090000001
S233N,0.919866502
S233P,-0.8097893
S233Q,0.30307141
S233R,-0.91538614
S233T,-0.124579221
S233V,-0.762330174
S233W,0.335429221
S233Y,-0.6534076329999999
