mutant,log2_ratio
I1072K,-0.095094229
I1072M,-0.123988681
I1072L,-0.608514517
I1072P,-2.485536804
I1072S,0.877033275
I1072R,-0.251588207
I1072T,-0.342622216
I1072V,-0.6812258529999999
E1073A,-0.55400677
E1073D,0.837198805
E1073G,-0.34154217
E1073H,-1.694123426
E1073K,-0.122230844
E1073M,-0.007489506999999999
E1073N,0.542369192
E1073Q,-0.507693878
E1073P,-1.921332864
E1073V,-0.431048999
K1074E,-0.6822032440000001
K1074D,-2.467614896
K1074I,-1.730649302
K1074H,0.023190111
K1074M,-0.632236232
K1074L,-2.149601851
K1074N,0.237745301
K1074Q,-0.934903047
K1074S,-0.940102668
K1074R,-0.617918568
K1074T,-0.29609176
K1074V,-1.006283745
K1074Y,-1.077452066
F1075C,-0.165935768
F1075D,-0.593145778
F1075I,-0.11340211
F1075M,-0.810376495
F1075L,0.294234495
F1075S,-0.09615495
F1075W,-0.6781818820000001
F1075V,-0.400233624
F1075Y,-0.299862929
K1076A,0.893841563
K1076E,-0.194553249
K1076I,-0.577467261
K1076N,-0.265642773
K1076Q,-0.064436882
K1076P,-0.377012347
K1076R,-0.343337111
K1076T,-0.502178954
K1076V,0.577472993
L1077D,-0.178108279
L1077G,0.099425696
L1077F,0.05498660900000001
L1077I,-0.200931634
L1077H,-0.262037436
L1077M,-0.016051521
L1077P,-0.151339657
L1077S,0.771851038
L1077R,2.692921761
L1077V,-0.038351609
L1077Y,0.113231496
L1078D,-1.517245664
L1078F,0.526175211
L1078I,-0.250638945
L1078H,-0.157888975
L1078P,-0.41762926
L1078S,-0.172653849
L1078R,-0.22428137
L1078V,-0.576943244
L1078Y,-0.06185521099999999
A1079E,0.351996053
A1079D,-0.056877534
A1079G,0.207328971
A1079I,-0.9811927640000001
A1079L,-0.052577397
A1079P,-0.074995623
A1079S,0.6269886729999999
A1079T,-0.214887436
A1079V,-0.265309319
E1080A,1.622289485
E1080D,0.052838079
E1080G,-0.381438994
E1080K,-0.214268785
E1080M,-0.261164019
E1080L,-0.8131114620000001
E1080N,-1.694123426
E1080Q,-0.263151372
E1080R,0.006316291999999999
E1080T,-0.345985452
E1080W,-1.315611803
E1080V,-0.5273193629999999
E1080Y,1.143819816
K1081A,-0.377012347
K1081E,0.174501178
K1081D,-0.315611803
K1081G,0.07670562
K1081I,-0.931355087
K1081H,-0.454588216
K1081M,1.220441097
K1081L,-1.5258295099999999
K1081N,0.134200227
K1081Q,-0.006779595
K1081P,0.30329803
K1081S,1.496419606
K1081R,0.086335241
K1081T,0.156861702
K1081V,0.758388779
V1082A,-0.03735885799999999
V1082E,0.153741214
V1082G,-0.174697267
V1082I,-0.811569297
V1082K,-0.554799467
V1082M,-0.012556833
V1082L,-0.390340872
V1082Q,0.099425696
V1082W,-0.80103863
E1083A,-0.385008091
E1083D,0.267028304
E1083G,-0.394047829
E1083H,-0.432425468
E1083K,0.04830746599999999
E1083L,0.06289982
E1083N,-2.241611221
E1083Q,0.635575758
E1083S,0.110652952
E1083T,-0.237609291
E1083W,-1.637539898
E1083V,-0.5583910639999999
E1083Y,0.143819816
E1084A,0.079519217
E1084D,0.16622703
E1084G,-0.009333435
E1084H,-0.8826523959999999
E1084K,-0.366675715
E1084L,-1.398073963
E1084N,-1.60511842
E1084Q,-0.391328857
E1084S,-0.007489506999999999
E1084R,-0.990989599
E1084T,-1.222502398
E1084V,-0.654566909
E1084Y,1.23990692
I1085A,-1.070499305
I1085F,1.379841468
I1085K,0.34735321
I1085M,0.171513494
I1085L,0.262469499
I1085N,0.114160246
I1085P,-0.411827118
I1085S,-0.185438074
I1085R,-0.7888639159999999
I1085T,-0.263470339
I1085V,-0.137530747
V1086A,0.047172222
V1086E,0.290900439
V1086D,-0.428086532
V1086G,-0.280169597
V1086F,-0.953041723
V1086I,0.323289505
V1086K,-0.623734098
V1086M,-0.179313194
V1086L,0.033969029
V1086Q,2.163641257
V1086P,-0.228148962
V1086S,-0.137274562
V1086R,0.143819816
V1086W,-1.538004224
A1087E,0.060153969
A1087G,-0.08637672099999999
A1087Q,-1.508256881
A1087P,-0.345568074
A1087S,0.009318251
A1087R,-1.166748417
A1087T,-0.164573687
A1087V,-0.258871752
K1088A,1.460882156
K1088E,0.376607065
K1088I,-0.194596402
K1088M,0.700493272
K1088L,-0.090052102
K1088N,0.120487312
K1088Q,0.21438626
K1088S,-1.117672425
K1088R,0.008254233
K1088T,0.13609881
K1088W,-0.506434145
K1088V,1.591278793
K1088Y,-0.620466384
N1089A,-0.80103863
N1089D,0.454209202
N1089G,-0.7177102459999999
N1089I,-0.340749294
N1089H,-0.243368496
N1089K,-0.517416105
N1089M,-0.650795994
N1089Q,-0.702634926
N1089P,-1.122966725
N1089S,-0.054706435
N1089R,1.052927234
N1089T,-0.238282257
N1089Y,-0.166899556
A1090E,0.365653308
A1090D,-0.453115327
A1090G,-0.056695216
A1090M,0.7239165609999999
A1090P,-0.16152241
A1090S,-0.523207222
A1090R,0.491743119
A1090T,0.182630593
A1090V,-0.032763396
R1091A,0.390656994
R1091C,-0.426643115
R1091E,-0.010109256
R1091G,-0.079895033
R1091H,0.6540145479999999
R1091M,-0.754896848
R1091L,0.663348103
R1091Q,0.7425756109999999
R1091P,0.200164573
R1091S,0.523923525
R1091W,0.7110186070000001
A1092E,0.402442434
A1092D,0.491743119
A1092G,-0.458778169
A1092K,-0.8736072559999999
A1092P,-0.035883959
A1092S,-0.105663284
A1092T,-0.164614559
A1092V,-0.069728361
E1093A,-0.697141571
E1093D,-0.262054322
E1093G,-0.774250325
E1093K,-0.954312988
E1093L,0.439275699
E1093N,0.336464894
E1093Q,-0.477232117
E1093R,-0.486412492
E1093T,-0.134004996
E1093V,-0.23086812
E1093Y,0.1844618
I1094A,0.354239595
I1094G,0.301059558
I1094F,0.397674795
I1094K,0.525094313
I1094M,0.403443593
I1094L,0.151101374
I1094N,-0.06185521099999999
I1094S,-0.163608709
I1094R,-0.142682769
I1094T,0.25354412
I1094V,-0.147685328
D1095A,-0.421041377
D1095E,0.771035117
D1095G,-0.088319686
D1095H,-0.369504811
D1095K,-2.241611221
D1095L,-1.953041723
D1095N,-0.687695666
D1095Q,0.472884092
D1095T,-1.957157832
D1095V,-0.653882179
D1095Y,0.005618521
Y1096A,0.053622007
Y1096C,0.080340462
Y1096D,2.050638289
Y1096F,0.132309502
Y1096I,-1.611067686
Y1096H,-0.273354115
Y1096N,0.76300309
Y1096Q,-0.55377154
Y1096S,0.6365798970000001
Y1096V,-2.241611221
S1097A,-0.026105186
S1097C,0.7151155790000001
S1097D,2.311661503
S1097G,0.214576918
S1097I,1.056506036
S1097H,0.158319386
S1097K,1.661668121
S1097L,0.9697904159999999
S1097N,0.8682047629999999
S1097P,-0.7129473000000001
S1097R,-0.282314022
S1097T,0.19783134
S1097W,0.8623059890000001
S1097V,4.243815606
D1098A,-0.758743237
D1098E,0.127214692
D1098G,0.26357
D1098F,0.7432818859999999
D1098H,-0.714702418
D1098N,-0.214311063
D1098Q,0.210934012
D1098S,0.39488158
D1098V,-0.9932509209999999
D1098Y,-0.472778831
A1099D,-0.241585618
A1099G,0.377053184
A1099P,-0.207393886
A1099S,0.23918514
A1099T,0.753397616
A1099V,0.235893716
P1100A,-1.248768053
P1100E,-2.222502398
P1100L,-0.77878273
P1100Q,-1.460178307
P1100S,-1.177216687
P1100R,-0.8652988290000001
P1100T,-0.563918544
D1101A,-0.611110175
D1101E,0.107515015
D1101G,-0.376923879
D1101H,-0.630272364
D1101K,2.150706201
D1101N,-0.50715737
D1101V,-0.323487126
D1101Y,-0.569683223
E1102A,-0.111856628
E1102D,-0.005919216999999999
E1102G,-0.214157038
E1102K,-0.465640726
E1102Q,-0.084880081
E1102V,-0.157944267
F1103C,-2.462387612
F1103I,-2.014521817
F1103L,-0.735836798
F1103S,-2.778918511
F1103R,0.8160938759999999
F1103V,-2.45529439
F1103Y,-0.118313345
R1104C,-1.47315308
R1104E,-2.870200655
R1104G,-2.58696095
R1104I,-0.989601939
R1104K,0.102165949
R1104N,-0.627555809
R1104S,-0.961932033
R1104T,-0.883082505
R1104W,-1.875039211
D1105Y,-2.892112725
D1105E,-2.364819327
D1105N,-2.642422119
P1106A,-2.39477289
P1106H,-2.600124774
P1106L,-0.764617669
P1106S,-2.399380161
P1106R,-2.474643097
P1106T,-2.151096818
P1106V,-0.368079223
P1106Y,-1.585700966
L1107A,-2.351235713
L1107E,-1.122966725
L1107I,3.301059558
L1107M,-2.355409051
L1107Q,-2.556239796
L1107P,-2.904139659
L1107S,-1.825806535
L1107R,-2.84939558
L1107W,-2.611067686
L1107V,0.952980967
M1108G,-2.467614896
M1108F,-2.569368395
M1108I,-1.091830989
M1108K,-2.382124862
M1108L,0.806367852
M1108R,-2.432246755
M1108T,-0.4075756679999999
M1108V,-0.506429296
D1109A,-0.8348079270000001
D1109E,-1.569914876
D1109G,-1.669975669
D1109I,0.190279127
D1109H,-1.542073032
D1109N,-1.43126196
D1109S,-2.135039557
D1109V,1.450171394
D1109Y,1.508216831
T1110A,-1.315611803
T1110D,0.799865415
T1110G,-2.353086508
T1110F,0.19896137
T1110I,-0.539875209
T1110M,-2.104107698
T1110N,-0.544287829
T1110P,-2.906726531
T1110S,-0.6509588510000001
T1110V,-1.985463201
T1110Y,-1.208696599
L1111G,-2.386001131
L1111I,-0.183700127
L1111H,0.06289982
L1111M,-0.221854179
L1111Q,-1.69754243
L1111P,-1.120481461
L1111R,-2.451324734
L1111V,0.401638703
M1112I,-0.397391583
M1112K,-2.650536044
M1112L,-0.9005431709999999
M1112T,-2.924134919
M1112V,-1.638897728
T1113A,0.102402279
T1113F,0.06289982
T1113I,-0.014704332
T1113K,-0.9936837079999999
T1113M,-2.453115327
T1113L,-0.297233274
T1113N,2.496223734
T1113P,-1.122966725
T1113S,-0.025506681
T1113V,-0.93710018
T1113Y,-1.490698509
D1114A,-1.211287723
D1114C,-1.03997736
D1114E,0.317785188
D1114G,-2.805144488
D1114I,-2.578646209
D1114H,-0.63427793
D1114N,-0.338768176
D1114Q,-2.386001131
D1114S,-2.093219381
D1114T,-2.112078409
D1114V,-1.77274216
D1114Y,-1.457630808
P1115A,-2.60068072
P1115T,-2.900574304
P1115V,-2.315611803
V1116A,-1.71078888
V1116M,-1.427299757
V1116L,-2.107503607
V1116G,-2.652949337
R1117I,-0.500389404
R1117K,1.52038803
R1117S,-0.094035616
R1117G,-1.273751176
R1117T,-0.8195745809999999
L1118A,-0.200134585
L1118H,-2.485536804
L1118M,-1.02915851
L1118P,-2.682669273
L1118V,1.547481253
P1119A,-1.806909218
P1119H,-2.198020465
P1119Q,-0.467614896
P1119S,-1.990794327
P1119R,-1.682286281
P1119T,-1.789436907
S1120A,1.714162827
S1120C,-1.27144422
S1120G,-1.044309781
S1120F,0.893989813
S1120P,-2.257691827
S1120T,-0.189449627
S1120Y,1.535244758
G1121A,-1.851257985
G1121C,-1.886840193
G1121E,-0.315611803
G1121D,-1.599139381
G1121N,-2.274969818
G1121S,-0.7340859279999999
G1121R,-0.293815879
T1122I,2.257384677
T1122P,2.580894136
T1122S,0.229193571
T1122A,-0.393202927
T1122N,0.027421925
V1123I,0.13355148
V1123A,-0.9449243959999999
V1123L,-1.111941355
V1123D,-2.472202166
V1123F,-0.749842867
M1124A,0.684388197
M1124G,-0.8561801840000001
M1124F,-2.208696599
M1124I,3.517392083
M1124K,-2.742840537
M1124L,5.521548927
M1124R,-2.683552295
M1124T,1.828146537
M1124V,3.199846384
D1125H,-2.290520822
D1125E,0.013285337
D1125G,-1.918327561
D1125N,-1.128548557
R1126C,-2.452150636
R1126H,-0.876232343
R1126S,-1.480860317
R1126L,-1.676878046
S1127A,-0.29637972
S1127C,-0.382725999
S1127F,-1.487672549
S1127P,-0.480482215
S1127T,-0.7267918259999999
S1127Y,-1.163608709
I1128F,0.539011483
I1128L,-1.087805885
I1128N,-0.736062798
I1128S,0.511003117
I1128T,1.307887405
I1128V,0.163600132
I1129M,-1.355689242
I1129L,-1.33722022
I1129N,-2.409038667
I1129S,-2.393614315
I1129T,-1.438706934
I1129V,-1.541760266
L1130Q,-0.239785176
L1130P,-2.301217447
L1130R,-0.24653342
L1130M,1.064160367
L1130V,-0.408721207
R1131Q,-1.055595589
R1131P,-2.465974538
R1131C,-2.203137074
R1131W,-2.537556113
H1132E,-0.65264679
H1132D,-2.905900364
H1132K,-0.9936837079999999
H1132N,-2.731946107
H1132Q,-2.306133518
H1132P,-2.839372875
H1132R,-2.519442867
H1132Y,-2.7596288
L1133Q,-2.495219358
L1133P,-2.625709709
L1133R,-2.42917736
L1133M,0.398356984
L1133V,-1.695394914
L1134A,0.731693912
L1134I,0.157781143
L1134H,-0.00769228
L1134P,-1.414637865
L1134R,-0.153688458
L1134T,-1.093219381
L1134V,0.024731345
N1135C,-1.730649302
N1135E,-0.453115327
N1135D,-1.135467611
N1135F,0.951174738
N1135I,-0.331467462
N1135H,-0.759183501
N1135K,-2.130852498
N1135L,-1.20458049
N1135S,-0.740409962
N1135T,-1.145069522
N1135V,-1.425236294
N1135Y,1.114790767
S1136A,-1.128717165
S1136C,-2.194020022
S1136G,-1.315611803
S1136F,-1.004692455
S1136L,-2.215084927
S1136N,-1.830184976
S1136T,-1.50403604
S1136Y,-0.7102660470000001
P1137A,0.071297394
P1137C,-0.5635393160000001
P1137G,-0.520431595
P1137F,-1.248497607
P1137H,-0.356246
P1137L,-0.257160048
P1137Q,-0.378805629
P1137S,-0.351991037
P1137R,-0.36225944
P1137T,-0.921274797
T1138A,-2.383882204
T1138C,-0.730649302
T1138I,-1.822487613
T1138H,-1.851664703
T1138L,-2.122966725
T1138N,-0.740225562
T1138S,-0.7766741690000001
T1138R,-2.393614315
T1138V,-2.756184394
T1138Y,-0.315611803
D1139E,-2.440688936
D1139N,3.057723143
P1140Q,-2.0218806
P1140T,-3.589429884
P1140F,-2.500036374
F1141Y,1.621398132
F1141I,-2.263956208
F1141R,-0.9844058940000001
F1141L,-2.770719513
F1141V,-2.793190768
N1142D,-2.100622532
N1142F,-2.538004224
N1142I,-2.325249693
N1142K,-2.802654314
N1142S,-0.85507506
N1142T,2.857491588
N1142V,-1.900574304
N1142Y,-2.822181309
R1143C,-2.488397295
R1143D,-2.116302995
R1143G,-2.585045146
R1143F,-0.578646209
R1143H,-2.412001816
R1143L,-2.201908464
R1143N,-2.675507748
R1143Q,-2.200134585
R1143S,-2.649235231
R1143Y,-2.355140167
Q1144A,2.995589885
Q1144E,-1.173501566
Q1144D,-1.140525096
Q1144G,-2.07594139
Q1144H,-1.788274384
Q1144K,-0.216639716
Q1144M,0.186888538
Q1144L,0.080204361
Q1144N,0.269350698
Q1144S,-0.663535106
Q1144R,-0.7644410159999999
M1145G,-0.868152826
M1145F,-1.756184394
M1145I,-0.021247725
M1145K,0.016040178
M1145L,0.717729492
M1145N,-1.0218806
M1145Q,-0.508256881
M1145R,-0.061009303
M1145T,0.242581174
M1145V,-0.264079195
L1146M,-1.182745858
L1146V,-1.728703075
T1147A,-0.703549255
T1147D,-0.586259393
T1147G,-2.145686801
T1147I,-0.650072416
T1147L,-0.106158437
T1147N,-0.349753322
T1147P,-1.938466485
T1147S,-0.29156013
T1147R,-0.894474104
T1147V,-0.422527007
T1147Y,-0.548588975
E1148A,-0.865488532
E1148D,-0.516395425
E1148G,-0.509131683
E1148I,-0.730649302
E1148K,-0.549051426
E1148M,-0.550077056
E1148L,-1.947880018
E1148N,-0.047122967
E1148Q,-0.716108759
E1148S,-1.122966725
E1148R,-0.296752776
E1148T,-0.510868094
E1148V,-0.829707236
S1149A,-0.113977942
S1149C,-0.056193248
S1149E,0.15387348
S1149D,-0.137274562
S1149G,0.294002474
S1149I,-0.862799525
S1149H,-1.993683708
S1149K,-0.13005615
S1149N,-0.193595514
S1149R,0.107255271
S1149T,-0.507094967
S1149W,-2.694123426
S1149V,-1.730649302
S1149Y,-0.8561801840000001
M1150F,-1.508256881
M1150I,-1.064716961
M1150K,-0.622656786
M1150L,-0.472887256
M1150S,-2.315611803
M1150R,-0.671683148
M1150T,-1.307386833
M1150W,-0.43108902
M1150V,-1.187068433
L1151A,-0.615172085
L1151F,-0.315611803
L1151I,-1.012219659
L1151M,-1.305884255
L1151Q,-2.760325697
L1151R,-2.858826382
L1151V,-0.6102732160000001
E1152A,-0.188671568
E1152D,-0.07467270599999999
E1152G,-0.611622435
E1152K,0.262318595
E1152M,-0.547785245
E1152L,-1.335789685
E1152N,-1.467614896
E1152Q,-0.225723849
E1152S,0.737499534
E1152W,-1.60511842
E1152V,0.287296322
E1152Y,0.169815024
P1153A,-0.030209584
P1153E,-0.656648721
P1153H,-1.219396488
P1153K,-2.569368395
P1153L,-2.264611488
P1153Q,-0.5998053729999999
P1153S,1.22060813
P1153R,-0.8014832890000001
P1153T,-0.362907701
P1153V,-2.315611803
V1154A,-0.522208135
V1154E,-0.024549582
V1154G,-2.723978461
V1154I,0.965158967
V1154K,-0.730649302
V1154M,-0.284250628
V1154L,0.411757417
V1154Q,-1.315611803
V1154R,-1.231547538
V1154W,-0.382725999
P1155A,0.357443806
P1155L,0.308653384
P1155Q,-0.443673669
P1155S,0.142957962
P1155R,-0.433780535
P1155T,0.8724679120000001
E1156A,-0.324760738
E1156D,-0.06585936
E1156G,0.257597189
E1156K,0.309920738
E1156Q,-0.07971043400000001
E1156S,-0.93710018
E1156T,-1.615172085
E1156V,0.250346884
L1157I,-0.321772787
L1157Q,-1.142917243
L1157R,-0.670398947
L1157V,-1.02225286
K1158E,-0.196905875
K1158M,0.385252476
K1158N,-0.191843719
K1158Q,0.725910726
K1158R,-0.011620723
K1158T,-0.147654324
E1159A,0.535308811
E1159D,-0.036942771
E1159G,0.914443142
E1159K,-0.21137965
E1159Q,-0.245734705
E1159V,-0.07851382
Q1160E,-0.64523429
Q1160H,-0.484901548
Q1160K,0.08031687400000001
Q1160L,-0.375769547
Q1160P,-1.663983882
Q1160R,0.049726137
I1161A,-0.818112143
I1161F,-1.692524112
I1161L,-0.578290094
I1161N,-2.77167657
I1161S,-2.434235172
I1161T,-1.409077777
I1161V,0.318403091
Q1162A,-1.60511842
Q1162E,0.537825184
Q1162D,0.05784659299999999
Q1162H,-0.067620613
Q1162K,-0.151336523
Q1162L,-0.101527237
Q1162N,-0.4884484000000001
Q1162P,-2.782087186
Q1162S,-1.415147476
Q1162R,0.180205648
Q1162T,0.207950153
Q1162Y,-0.163608709
A1163C,-1.625951923
A1163E,-0.60511842
A1163D,0.380017289
A1163G,0.006866738000000001
A1163I,-2.175434145
A1163H,0.421353791
A1163L,-0.663535106
A1163N,-0.766718557
A1163P,-2.481734799
A1163S,0.946482135
A1163R,-1.218314601
A1163T,-0.111615606
A1163V,0.015469935
A1163Y,-0.113977942
W1164C,-2.238751639
W1164G,-2.417199675
W1164F,0.8190377240000001
W1164K,-1.863099598
W1164L,-1.294245514
W1164Q,-0.9196831259999999
W1164S,-2.320258168
W1164R,-2.18077043
W1164T,-1.538004224
W1164Y,-1.03997736
M1165A,0.480854803
M1165G,0.429131142
M1165F,1.555654883
M1165I,0.429957178
M1165K,-0.06225150099999999
M1165L,0.406242844
M1165N,-0.527115908
M1165Q,0.051170528
M1165S,-1.245222475
M1165R,0.70097182
M1165T,0.483792653
M1165V,0.476668725
R1166A,0.487849203
R1166E,-0.339859349
R1166G,-0.04622019400000001
R1166I,-0.242281442
R1166K,-2.281936165
R1166M,-0.9219479540000001
R1166N,-0.8074648990000001
R1166Q,-0.035503884
R1166S,0.127871444
R1166T,0.394536252
R1166W,-0.921332864
E1167A,0.036900682
E1167D,-0.085950733
E1167G,-0.013461885
E1167H,-1.274969818
E1167K,0.297807298
E1167M,-2.190080921
E1167L,-0.315611803
E1167N,-0.408721207
E1167Q,-0.023806699
E1167P,-1.408721207
E1167S,-0.163608709
E1167R,-1.052577397
E1167T,2.512207222
E1167V,-0.009462212
K1168E,0.821484525
K1168D,0.07517815
K1168G,1.316656413
K1168I,0.254332557
K1168H,0.243815606
K1168M,1.854313199
K1168L,-1.178108279
K1168N,1.022685435
K1168Q,0.413275559
K1168P,-0.291364257
K1168S,0.003070633
K1168R,0.495541853
K1168T,0.332697858
K1168V,-0.5581821060000001
K1168Y,0.298205561
Q1169E,0.470468832
Q1169H,0.142416965
Q1169K,0.523880998
Q1169M,-1.163608709
Q1169L,-0.153945931
Q1169P,0.395622026
Q1169S,-0.016051521
Q1169R,1.000853345
Q1169V,1.182639065
Q1169Y,-0.578646209
S1170C,-0.270492414
S1170G,-0.09046431099999999
S1170I,-0.201037116
S1170H,-0.527115908
S1170L,-0.485536804
S1170N,-0.102810893
S1170P,1.038025152
S1170R,0.018372905
S1170T,0.389847614
S1170V,-2.052577397
S1171C,-0.031497941
S1171D,1.02344047
S1171G,0.275896628
S1171I,0.493347099
S1171H,-0.9936837079999999
S1171L,-1.101486997
S1171N,0.05990774
S1171P,1.12917304
S1171R,-0.25835195
S1171T,-0.53481654
S1171V,0.405234126
S1171Y,-0.635492069
D1172A,-0.400151928
D1172C,-0.615172085
D1172E,-0.222128623
D1172G,0.234729519
D1172I,-0.8054170709999999
D1172H,-0.631373831
D1172K,-1.143845455
D1172N,-0.198165836
D1172Q,0.099425696
D1172P,-0.178108279
D1172S,-0.9768098890000001
D1172T,-1.382725999
D1172V,-0.402699326
D1172Y,-0.674840208
H1173A,-0.408721207
H1173C,0.046958277
H1173D,0.703293745
H1173F,-0.315611803
H1173L,-0.077794723
H1173N,0.104355295
H1173Q,-0.29862743
H1173P,-0.061657536
H1173S,-0.524198425
H1173R,-0.012880064
H1173Y,0.135073333
