mutant,CRIPT
P311C,0.16565
P311E,0.11664
P311D,0.22971
P311G,0.28966
P311F,0.2689
P311I,0.22895
P311H,0.31507
P311K,0.22821
P311M,0.20375
P311L,0.22526
P311N,0.26434
P311Q,0.28838
P311P,0.069078
P311S,0.10689
P311R,0.24514
P311T,0.2189
P311W,0.31455
P311V,0.11812
P311Y,0.33424
R312A,-0.004525199999999999
R312C,-0.0096054
R312E,0.012491
R312D,-0.016275
R312G,-0.027163
R312F,-0.23678
R312I,-0.17385
R312H,0.16932
R312K,0.083052
R312M,0.016991
R312L,-0.21012
R312N,0.17038
R312Q,0.13872
R312P,-0.19523
R312S,0.04329
R312R,0.15124
R312T,0.028758
R312W,-0.28577
R312V,0.025614
R312Y,0.0058634
R313A,0.10934
R313C,0.13322
R313E,0.099636
R313D,0.030333
R313G,0.15797
R313F,0.007650100000000001
R313I,-0.056989
R313H,0.077919
R313K,0.12034
R313M,-0.018935
R313L,0.045361
R313N,0.039848
R313Q,0.08922200000000001
R313P,0.07467
R313S,0.05626
R313R,0.16972
R313T,0.10832
R313W,0.082928
R313V,0.11577
R313Y,0.078628
I314A,0.17559
I314C,0.15374
I314E,0.068649
I314D,0.096339
I314G,0.14923
I314F,0.23256
I314I,-0.12922
I314H,0.14568
I314K,-0.08443099999999999
I314M,0.15696
I314L,0.099098
I314N,0.17946
I314Q,-0.035189
I314P,-0.18601
I314S,0.13011
I314R,0.036926
I314T,0.16397
I314W,-0.43418
I314V,0.15419
I314Y,0.1692
V315A,0.14394
V315C,0.16657
V315E,0.072821
V315D,0.09636499999999999
V315G,0.15748
V315F,0.24372
V315I,0.09034
V315H,0.13368
V315K,0.10258
V315M,0.041665
V315L,0.13773
V315N,0.15369
V315Q,0.16953
V315P,0.12352
V315S,0.17391
V315R,0.2346
V315T,0.13288
V315W,0.13509
V315V,0.17582
V315Y,0.17314
I316A,0.16139
I316C,0.13083
I316E,-0.13218
I316D,-0.49455
I316G,0.016369
I316F,0.1176
I316I,-0.12922
I316H,-0.45405
I316K,-0.47626
I316M,0.17029
I316L,0.22534
I316N,0.014514
I316Q,0.17591
I316P,-0.34175
I316S,0.10935
I316R,-0.40361
I316T,0.12091
I316W,-0.8406899999999999
I316V,0.068557
I316Y,-0.40349
H317A,0.089051
H317C,0.25642
H317E,0.05012
H317D,0.15086
H317G,0.15733
H317F,0.15855
H317I,0.19131
H317H,0.14963
H317K,0.2888
H317M,0.28602
H317L,0.23654
H317N,0.10288
H317Q,0.11708
H317P,0.04949
H317S,0.10927
H317R,0.23485
H317T,0.04626
H317W,0.26118
H317V,0.12578
H317Y,0.15886
R318A,-0.13465
R318C,-0.14907
R318E,-0.31382
R318D,-0.31008
R318G,-0.09765499999999999
R318F,-0.25092
R318I,-0.16463
R318H,-0.13098
R318K,0.12253
R318M,-0.079015
R318L,-0.26569
R318N,-0.27564
R318Q,-0.13793
R318P,-0.0502
R318S,-0.11793
R318R,0.12856
R318T,-0.08665700000000001
R318W,-0.29546
R318V,-0.16973
R318Y,-0.17726
G319A,0.074709
G319C,0.031749
G319E,0.098914
G319D,-0.06412999999999999
G319G,0.11286
G319F,0.10554
G319I,-0.047082
G319H,0.021438
G319K,0.06313400000000001
G319M,0.084267
G319L,0.02215
G319N,0.11533
G319Q,0.075665
G319P,0.040463
G319S,0.10346
G319R,0.053143
G319T,0.035786
G319W,0.081249
G319V,0.022009
G319Y,0.026041
S320A,0.10726
S320C,0.14439
S320E,0.16472
S320D,0.10149
S320G,0.12728
S320F,0.020641
S320I,0.11589
S320H,0.06339700000000001
S320K,0.09311699999999999
S320M,0.14701
S320L,0.09497
S320N,0.085677
S320Q,0.052528
S320P,0.10647
S320S,0.16195
S320R,0.11348
S320T,0.14521
S320W,0.073072
S320V,0.1327
S320Y,0.047296
T321A,0.13572
T321C,0.14335
T321E,0.096972
T321D,0.16214
T321G,0.14266
T321F,0.020652
T321I,0.12975
T321H,0.14338
T321K,0.07660499999999999
T321M,0.14306
T321L,0.10514
T321N,0.19642
T321Q,0.20024
T321P,0.10882
T321S,0.12619
T321R,0.10109
T321T,0.13207
T321W,0.056984
T321V,0.11901
T321Y,0.12286
G322A,0.087744
G322C,0.045469
G322E,-0.014432
G322D,-0.086406
G322G,0.1424
G322F,-0.21359
G322I,-0.02714
G322H,-0.018261
G322K,0.0059776
G322M,-0.16722
G322L,-0.10904
G322N,0.045447
G322Q,0.022251
G322P,0.084518
G322S,0.10343
G322R,-0.05041499999999999
G322T,0.077146
G322W,-0.13039
G322V,-0.019031
G322Y,-0.14818
L323A,-0.25676
L323C,-0.05636799999999999
L323E,-1.5134
L323D,-1.4846
L323G,-1.0526
L323F,-0.014446
L323I,-0.33119
L323H,-0.95967
L323K,-1.52
L323M,0.10679
L323L,0.08976
L323N,-0.39247
L323Q,-0.96935
L323P,-1.2278
L323S,-0.25209
L323R,-1.2471
L323T,-0.5613100000000001
L323W,0.04598
L323V,-0.5542199999999999
L323Y,0.0020839
G324A,-0.23188
G324C,-0.17064
G324E,-0.44911
G324D,-0.45867
G324G,0.11603
G324F,-1.2532
G324I,-0.12922
G324H,-0.80209
G324K,-0.5824600000000001
G324M,-0.55829
G324L,-1.1477
G324N,-0.29212
G324Q,-0.4429899999999999
G324P,-1.5591
G324S,-0.5273399999999999
G324R,-0.92586
G324T,-1.3182
G324W,-1.281
G324V,-1.3656
G324Y,-1.2059
F325A,-0.032796
F325C,0.060888
F325E,-1.4888
F325D,-1.8809
F325G,-0.20838
F325F,-0.12922
F325I,-0.14219
F325H,-0.49198
F325K,-0.75108
F325M,0.11067
F325L,-0.12218
F325N,-0.75344
F325Q,-0.9465600000000001
F325P,-1.6063
F325S,-0.34254
F325R,-1.5792
F325T,-0.19904
F325W,-0.31718
F325V,-0.13666
F325Y,-0.059637
N326A,0.049814
N326C,0.090672
N326E,-0.8844799999999999
N326D,-0.12354
N326G,-0.11727
N326F,-0.09726900000000001
N326I,0.046841
N326H,-0.14619
N326K,0.047035
N326M,0.14106
N326L,-0.1436
N326N,-0.12922
N326Q,-0.15071
N326P,-1.2039
N326S,0.070189
N326R,0.016087
N326T,0.11131
N326W,0.07268
N326V,0.13298
N326Y,-0.0026603
I327A,-1.5385
I327C,-1.4619
I327E,-1.3878
I327D,-1.4543
I327G,-1.4788
I327F,-0.24916
I327I,0.0034566
I327H,-1.6521
I327K,-0.12922
I327M,-0.42507
I327L,-0.45078
I327N,-1.4323
I327Q,-1.517
I327P,-1.5801
I327S,-1.5202
I327R,-1.4906
I327T,-1.5163
I327W,-1.4062
I327V,-0.3113
I327Y,-0.47986
V328A,-0.26331
V328C,-0.12091
V328E,-0.79157
V328D,-1.5846
V328G,-0.60042
V328F,-0.27394
V328I,0.099704
V328H,-0.37602
V328K,-0.15147
V328M,0.092222
V328L,-0.10168
V328N,-1.0911
V328Q,-0.083702
V328P,-1.5234
V328S,-0.31807
V328R,-0.10809
V328T,-0.19285
V328W,-0.5966100000000001
V328V,0.075562
V328Y,-0.46278
G329A,-1.3616
G329C,-1.2826
G329E,-1.458
G329D,-0.85215
G329G,0.065648
G329F,-1.2315
G329I,-0.12922
G329H,-1.3144
G329K,-1.6676
G329M,-1.197
G329L,-1.7068
G329N,-1.0481
G329Q,-1.3633
G329P,-1.4917
G329S,-0.11314
G329R,-1.417
G329T,-0.48253
G329W,-0.96688
G329V,-1.515
G329Y,-1.5
G330A,-0.6906399999999999
G330C,-0.45402
G330E,-0.19134
G330D,-0.31766
G330G,0.09472699999999999
G330F,-0.95714
G330I,-1.2924
G330H,-0.8277200000000001
G330K,-1.0998
G330M,-1.1689
G330L,-1.107
G330N,-0.63683
G330Q,-0.67335
G330P,-0.15136
G330S,-0.59307
G330R,-0.9623799999999999
G330T,-0.55214
G330W,-0.7602399999999999
G330V,-1.1805
G330Y,-1.0553
E331A,-0.22196
E331C,-0.1781
E331E,-0.12922
E331D,0.032399
E331G,-0.1441
E331F,0.0025929
E331I,0.025467
E331H,-0.085474
E331K,-0.52998
E331M,-0.065469
E331L,-0.14307
E331N,-0.059909
E331Q,-0.035652
E331P,-1.2269
E331S,-0.13178
E331R,-0.4573
E331T,-0.064529
E331W,-0.025441
E331V,-0.07889
E331Y,-0.029748
D332A,-0.12458
D332C,0.028035
D332E,-0.033063
D332D,0.05520599999999999
D332G,-0.037339
D332F,0.067161
D332I,-0.047568
D332H,0.062933
D332K,-0.0058739
D332M,-0.054261
D332L,0.048325
D332N,0.05316799999999999
D332Q,-0.06374400000000001
D332P,-0.60387
D332S,-0.05873099999999999
D332R,-0.0095601
D332T,0.033396
D332W,0.15687
D332V,-0.1029
D332Y,0.083311
G333A,-0.014021
G333C,0.13981
G333E,0.11359
G333D,0.066096
G333G,0.082863
G333F,0.092658
G333I,0.09938
G333H,0.12391
G333K,0.1336
G333M,0.12191
G333L,0.026824
G333N,0.11281
G333Q,0.19395
G333P,-0.15237
G333S,0.12495
G333R,0.162
G333T,0.081788
G333W,0.029191
G333V,0.10474
G333Y,0.02382
E334A,0.11802
E334C,0.15858
E334E,0.046861
E334D,0.13447
E334G,0.06866799999999999
E334F,0.29835
E334I,0.18239
E334H,0.1253
E334K,0.081695
E334M,0.14604
E334L,0.1418
E334N,0.062764
E334Q,0.10105
E334P,0.10275
E334S,0.15026
E334R,0.112
E334T,0.15978
E334W,0.21203
E334V,0.20483
E334Y,0.19515
G335A,0.17853
G335C,0.213
G335E,0.12881
G335D,0.048455
G335G,0.13407
G335F,0.041715
G335I,0.0049805
G335H,0.17825
G335K,0.14114
G335M,0.076046
G335L,0.094678
G335N,0.11208
G335Q,0.068587
G335P,0.28426
G335S,0.13151
G335R,0.17922
G335T,0.037031
G335W,0.030443
G335V,0.1637
G335Y,0.047557
I336A,-0.7987
I336C,-0.18983
I336E,-0.35862
I336D,-0.45594
I336G,-0.98645
I336F,-0.74344
I336I,-0.12922
I336H,-0.28311
I336K,-0.38216
I336M,-0.13629
I336L,-0.15027
I336N,-0.26446
I336Q,-0.042168
I336P,-0.1186
I336S,-0.4902899999999999
I336R,-0.8815
I336T,-0.10262
I336W,-1.5153
I336V,0.042717
I336Y,-0.12922
F337A,-0.22473
F337C,-0.16466
F337E,-0.5209
F337D,-0.33166
F337G,-0.13241
F337F,-0.12922
F337I,-0.1013
F337H,0.05984400000000001
F337K,-0.11799
F337M,0.08341900000000001
F337L,0.013863
F337N,-0.22008
F337Q,-0.29266
F337P,-1.31
F337S,-0.10759
F337R,-0.12663
F337T,-0.23909
F337W,0.023547
F337V,-0.2122
F337Y,0.15033
I338A,0.095079
I338C,0.14675
I338E,-1.5413
I338D,-0.89512
I338G,-0.098316
I338F,-0.39586
I338I,-0.12922
I338H,-1.6926
I338K,-0.12922
I338M,0.020445
I338L,0.1147
I338N,-0.06924
I338Q,-0.7869
I338P,-0.67808
I338S,0.18614
I338R,-1.3133
I338T,0.17236
I338W,-1.7429
I338V,0.19596
I338Y,-0.12922
S339A,0.05285499999999999
S339C,-0.06743500000000001
S339E,-0.2942
S339D,-0.26639
S339G,-0.11409
S339F,-0.13448
S339I,-0.038887
S339H,-0.032991
S339K,-0.14504
S339M,-0.10325
S339L,-0.23145
S339N,-0.31767
S339Q,-0.15078
S339P,-0.19235
S339S,0.06046900000000001
S339R,-0.15055
S339T,-0.10652
S339W,-0.46207
S339V,-0.12097
S339Y,-0.15658
F340A,0.03805
F340C,-0.08226499999999999
F340E,-0.21173
F340D,-0.13731
F340G,0.051315
F340F,-0.12922
F340I,-0.22786
F340H,0.036923
F340K,-0.071118
F340M,-0.030967
F340L,-0.0052591
F340N,-0.1253
F340Q,0.0096463
F340P,-1.5107
F340S,0.011626
F340R,-0.08202000000000001
F340T,-0.094298
F340W,0.026546
F340V,-0.078421
F340Y,0.032147
I341A,-0.64367
I341C,-0.09291
I341E,-1.3467
I341D,-1.4658
I341G,-1.2379
I341F,-0.006649899999999999
I341I,-0.12922
I341H,-0.9396399999999999
I341K,-0.30332
I341M,0.015304
I341L,0.051302
I341N,-0.63527
I341Q,-0.32881
I341P,-1.0869
I341S,-0.7376199999999999
I341R,-0.50564
I341T,-0.24891
I341W,-0.9073200000000001
I341V,-0.014085
I341Y,-0.67161
L342A,0.043923
L342C,-0.027682
L342E,-0.27256
L342D,-0.21607
L342G,-0.096011
L342F,0.081348
L342I,0.071491
L342H,0.042483
L342K,0.16576
L342M,0.093889
L342L,0.050253
L342N,-0.13638
L342Q,-0.078191
L342P,-0.028606
L342S,-0.0093181
L342R,0.024383
L342T,-0.070774
L342W,-0.22225
L342V,0.0016696
L342Y,-0.071074
A343A,0.05239600000000001
A343C,0.02652
A343E,0.084897
A343D,0.06929600000000001
A343G,0.083095
A343F,0.0051994
A343I,-0.026923
A343H,0.053741
A343K,-0.00067925
A343M,0.016888
A343L,0.061091
A343N,-0.021511
A343Q,-0.0047959
A343P,0.092922
A343S,0.051913
A343R,-0.23685
A343T,0.05102
A343W,0.018479
A343V,0.047056
A343Y,0.11343
G344A,0.048486
G344C,0.11665
G344E,-0.022659
G344D,0.033127
G344G,0.11248
G344F,0.079252
G344I,-0.33708
G344H,0.029794
G344K,0.050347
G344M,-0.054339
G344L,0.10629
G344N,-0.023899
G344Q,0.067535
G344P,-0.48126
G344S,0.018274
G344R,0.21074
G344T,-0.12687
G344W,0.031353
G344V,-0.27378
G344Y,0.057698
G345A,0.028215
G345C,-0.16918
G345E,-0.21881
G345D,-0.2238
G345G,0.065322
G345F,-0.070967
G345I,-0.84916
G345H,-0.076878
G345K,-0.10768
G345M,-0.029544
G345L,-0.087233
G345N,-0.3268
G345Q,-0.0075533
G345P,-0.9195700000000001
G345S,-0.023848
G345R,-0.1854
G345T,-0.06768400000000001
G345W,-0.23231
G345V,-0.71637
G345Y,-0.1399
P346A,0.093252
P346C,0.05234299999999999
P346E,-0.11501
P346D,-0.45241
P346G,0.0015208
P346F,-0.23285
P346I,-0.094876
P346H,-0.043347
P346K,0.00069959
P346M,0.0030972
P346L,-0.14487
P346N,0.062323
P346Q,0.010739
P346P,0.064585
P346S,0.082825
P346R,-0.009671299999999999
P346T,-0.10019
P346W,-0.48525
P346V,-0.032154
P346Y,-0.23572
A347A,0.069266
A347C,-0.055291
A347E,-1.0828
A347D,-1.049
A347G,-0.14443
A347F,-1.4208
A347I,-0.52499
A347H,-1.0979
A347K,-0.88449
A347M,-0.93
A347L,-0.79069
A347N,-0.75857
A347Q,-0.7188399999999999
A347P,-0.95336
A347S,-0.03779
A347R,-0.9218700000000001
A347T,0.020187
A347W,-1.1962
A347V,-0.13958
A347Y,-1.0967
D348A,-0.0046259
D348C,-0.11942
D348E,-0.034985
D348D,-0.12922
D348G,0.020324
D348F,-0.10158
D348I,-0.51258
D348H,0.010281
D348K,-0.2801
D348M,-0.11469
D348L,-0.38398
D348N,-0.13388
D348Q,0.009321
D348P,-0.85098
D348S,0.041732
D348R,-0.41262
D348T,-0.44021
D348W,0.029652
D348V,-0.52382
D348Y,-0.3587
L349A,0.020332
L349C,0.028216
L349E,0.046978
L349D,0.055711
L349G,-0.06661900000000001
L349F,0.010228
L349I,0.089179
L349H,0.02059
L349K,0.036529
L349M,0.0018524
L349L,0.059136
L349N,0.068854
L349Q,-0.0015479
L349P,-0.61275
L349S,-0.0041761
L349R,-0.020843
L349T,0.016682
L349W,0.0017686
L349V,0.017145
L349Y,0.022704
S350A,0.072407
S350C,0.06100800000000001
S350E,0.077306
S350D,0.014127
S350G,0.077237
S350F,-0.076998
S350I,-0.015891
S350H,0.09739099999999999
S350K,-0.0034307
S350M,0.039738
S350L,0.015749
S350N,0.081236
S350Q,0.051501
S350P,-0.10357
S350S,0.018331
S350R,0.00093083
S350T,0.08711
S350W,-0.13312
S350V,0.066527
S350Y,-0.087933
G351A,0.010455
G351C,0.05639
G351E,0.018137
G351D,-0.066222
G351G,0.045807
G351F,-0.080577
G351I,-0.40313
G351H,-0.0052937
G351K,0.046278
G351M,-0.0035163
G351L,-0.05205599999999999
G351N,0.032699
G351Q,0.031134
G351P,-0.26823
G351S,0.080175
G351R,0.0079274
G351T,0.056846
G351W,-0.22591
G351V,-0.18622
G351Y,-0.15649
E352A,0.05554
E352C,0.024865
E352E,-0.12922
E352D,0.044808
E352G,0.030831
E352F,-0.0022033
E352I,-0.14898
E352H,0.049754
E352K,0.14506
E352M,0.12384
E352L,0.088649
E352N,0.12152
E352Q,0.12939
E352P,-0.23064
E352S,0.05917799999999999
E352R,0.16698
E352T,0.044801
E352W,-0.033616
E352V,-0.019508
E352Y,0.029839
L353A,0.103
L353C,0.12302
L353E,-1.3132
L353D,-1.2519
L353G,-0.17512
L353F,0.10139
L353I,-0.030626
L353H,-0.30128
L353K,-0.69365
L353M,0.022652
L353L,0.047569
L353N,-0.36819
L353Q,-0.30365
L353P,0.046111
L353S,-0.050414
L353R,-1.224
L353T,0.006233
L353W,-0.3365
L353V,0.016563
L353Y,-0.30987
R354A,0.041212
R354C,0.058997
R354E,0.09452999999999999
R354D,0.09295199999999999
R354G,0.07972699999999999
R354F,0.0099764
R354I,0.087286
R354H,0.047202
R354K,0.074514
R354M,0.043269
R354L,0.073672
R354N,0.083841
R354Q,0.098311
R354P,-1.0767
R354S,0.07598099999999999
R354R,0.084396
R354T,0.050257
R354W,-0.10003
R354V,0.041015
R354Y,-0.014034
K355A,0.053711
K355C,0.06233
K355E,0.043565
K355D,-0.024791
K355G,0.04403
K355F,0.06828300000000001
K355I,0.053723
K355H,0.017741
K355K,-0.12922
K355M,0.041101
K355L,0.008745600000000001
K355N,0.060723
K355Q,0.022931
K355P,0.059574
K355S,0.041437
K355R,0.021078
K355T,0.061228
K355W,-0.028761
K355V,0.08730800000000001
K355Y,-0.12573
G356A,0.07245499999999999
G356C,0.13013
G356E,-0.10626
G356D,-0.33221
G356G,0.070302
G356F,0.034771
G356I,-0.4348
G356H,-0.03270199999999999
G356K,-0.022645
G356M,0.10876
G356L,-0.3972
G356N,-0.12372
G356Q,-0.010376
G356P,-0.62344
G356S,0.03623
G356R,-0.019923
G356T,-0.069116
G356W,0.055953
G356V,-0.35345
G356Y,0.049795
D357A,-0.030791
D357C,0.065938
D357E,-0.081763
D357D,-0.12922
D357G,-0.31117
D357F,-0.03376000000000001
D357I,-0.14438
D357H,0.057241
D357K,-0.38589
D357M,0.10656
D357L,-0.23494
D357N,-0.15273
D357Q,0.11999
D357P,-1.4128
D357S,-0.084672
D357R,-1.1156
D357T,0.023383
D357W,-0.37531
D357V,-0.032418
D357Y,-0.049727
Q358A,0.004993399999999999
Q358C,0.09060399999999999
Q358E,0.058773
Q358D,-0.43766
Q358G,-0.0020368
Q358F,0.04369
Q358I,0.008997
Q358H,0.07244199999999999
Q358K,-0.038342
Q358M,0.026434
Q358L,0.057224
Q358N,0.071662
Q358Q,-0.12922
Q358P,-1.1132
Q358S,0.032681
Q358R,0.072862
Q358T,0.06127899999999999
Q358W,0.057778
Q358V,0.019477
Q358Y,0.03326
I359A,-0.16004
I359C,0.014864
I359E,-1.2979
I359D,-1.4515
I359G,-0.69307
I359F,-0.43174
I359I,-0.12922
I359H,-1.5387
I359K,-1.6037
I359M,-0.17345
I359L,-0.010643
I359N,-1.3636
I359Q,-1.2978
I359P,-0.29097
I359S,-0.58036
I359R,-1.4872
I359T,-0.36627
I359W,-0.12922
I359V,-0.031533
I359Y,-1.306
L360A,0.012694
L360C,0.021973
L360E,0.036264
L360D,-0.18694
L360G,-0.255
L360F,0.011474
L360I,0.073917
L360H,0.04181600000000001
L360K,0.11494
L360M,0.054576
L360L,0.052108
L360N,0.06204199999999999
L360Q,0.035866
L360P,-0.5253899999999999
L360S,-0.025861
L360R,0.12974
L360T,0.017147
L360W,0.06140399999999999
L360V,0.05728099999999999
L360Y,0.069356
S361A,-0.064033
S361C,-0.020686
S361E,-0.039895
S361D,-0.086903
S361G,-0.0012371
S361F,0.14336
S361I,0.13073
S361H,0.1201
S361K,0.05284299999999999
S361M,-0.020866
S361L,0.1408
S361N,0.04958
S361Q,0.052534
S361P,-1.3789
S361S,0.060332
S361R,0.14365
S361T,0.035924
S361W,0.09629299999999999
S361V,0.087839
S361Y,0.17327
V362A,0.06014199999999999
V362C,0.13142
V362E,-0.43818
V362D,-1.1976
V362G,-0.26703
V362F,-0.31177
V362I,-0.15573
V362H,-0.12922
V362K,-0.48048
V362M,-0.088249
V362L,-0.22468
V362N,-0.42116
V362Q,-0.25747
V362P,-1.2183
V362S,0.036857
V362R,-0.56296
V362T,0.039882
V362W,-0.88374
V362V,0.0045609
V362Y,-0.061066
N363A,-0.025182
N363C,0.07720199999999999
N363E,0.13133
N363D,-0.03491499999999999
N363G,0.04403
N363F,-0.28018
N363I,-0.19782
N363H,0.044083
N363K,-0.093125
N363M,0.063746
N363L,-0.08024099999999999
N363N,0.032393
N363Q,0.10942
N363P,-0.28903
N363S,0.027016
N363R,-0.064726
N363T,-0.021276
N363W,-0.061886
N363V,-0.050408
N363Y,-0.055329
G364A,0.01323
G364C,-0.06053099999999999
G364E,0.077445
G364D,0.013441
G364G,0.06021799999999999
G364F,0.079604
G364I,-0.064886
G364H,0.12362
G364K,-0.02536
G364M,0.12511
G364L,0.054473
G364N,0.052452
G364Q,0.043829
G364P,-0.33759
G364S,0.006792
G364R,0.077186
G364T,-0.0011678
G364W,0.15141
G364V,-0.0087081
G364Y,0.1961
V365A,0.019983
V365C,0.014546
V365E,0.033753
V365D,-0.041024
V365G,0.067277
V365F,0.15169
V365I,0.12043
V365H,0.057146
V365K,0.014936
V365M,0.08830700000000001
V365L,0.11073
V365N,0.0092789
V365Q,0.032637
V365P,-0.36363
V365S,0.061865
V365R,0.09378500000000001
V365T,0.073206
V365W,0.05239600000000001
V365V,0.062085
V365Y,0.14694
D366A,0.068523
D366C,0.042605
D366E,-0.008087
D366D,-0.12922
D366G,0.070472
D366F,0.0050665
D366I,-0.027366
D366H,0.082955
D366K,-0.005813399999999999
D366M,-0.036783
D366L,-0.0084108
D366N,0.06154299999999999
D366Q,0.057146
D366P,0.05216900000000001
D366S,0.147
D366R,0.15549
D366T,0.084451
D366W,0.035483
D366V,0.06045399999999999
D366Y,0.20062
L367A,-0.11666
L367C,-0.18955
L367E,-0.6278100000000001
L367D,-0.7326600000000001
L367G,-0.48499
L367F,-0.062126
L367I,-0.078475
L367H,-0.09350599999999999
L367K,-0.45291
L367M,-0.13186
L367L,-0.018238
L367N,-0.38852
L367Q,-0.08807899999999999
L367P,-0.65713
L367S,-0.21067
L367R,-0.4616
L367T,-0.11071
L367W,-0.55171
L367V,-0.14139
L367Y,-0.052021
R368A,-0.090509
R368C,-0.09057799999999999
R368E,-0.056629
R368D,-0.093918
R368G,-0.023097
R368F,-0.073976
R368I,-0.025116
R368H,-0.047501
R368K,0.068862
R368M,-0.13573
R368L,-0.050709
R368N,-0.071723
R368Q,-0.04812200000000001
R368P,-0.20969
R368S,-0.073392
R368R,0.079791
R368T,-0.067482
R368W,-0.0021875
R368V,-0.07635399999999999
R368Y,-0.083478
N369A,-0.046732
N369C,-0.0087621
N369E,-0.085409
N369D,-0.070427
N369G,-0.037561
N369F,0.030517
N369I,0.07434
N369H,0.005698
N369K,0.02883
N369M,-0.010341
N369L,-0.014545
N369N,-0.044241
N369Q,-0.029083
N369P,-0.056126
N369S,0.025165
N369R,0.0446
N369T,0.017901
N369W,-0.12026
N369V,-0.0053018
N369Y,-0.11089
A370A,0.018059
A370C,0.045617
A370E,0.041842
A370D,-0.15003
A370G,-0.057276
A370F,-0.00096397
A370I,0.028694
A370H,-0.050425
A370K,0.07034800000000001
A370M,-0.043793
A370L,0.018448
A370N,-0.061374
A370Q,-0.019066
A370P,-0.069863
A370S,-0.012579
A370R,-0.0014656
A370T,-0.026657
A370W,-0.076041
A370V,-0.029216
A370Y,-0.05781
S371A,0.021787
S371C,0.013029
S371E,0.02293
S371D,-0.035139
S371G,-0.019406
S371F,0.035817
S371I,-0.00084679
S371H,0.0077165
S371K,0.022287
S371M,0.087146
S371L,0.061862
S371N,-0.05191799999999999
S371Q,0.064759
S371P,0.066367
S371S,0.0035826
S371R,0.059063
S371T,-0.016919
S371W,-0.01891
S371V,0.048701
S371Y,0.020456
H372A,-1.3442
H372C,-0.97709
H372E,-1.3371
H372D,-1.1459
H372G,-1.3837
H372F,-0.93804
H372I,-0.99965
H372H,-0.12922
H372K,-1.2933
H372M,-1.5952
H372L,-1.0523
H372N,-0.8716
H372Q,-0.55085
H372P,-1.2962
H372S,-1.1586
H372R,-1.0809
H372T,-1.0863
H372W,-1.6892
H372V,-0.76263
H372Y,-0.9501299999999999
E373A,-0.23127
E373C,-0.21317
E373E,-0.048901
E373D,-0.0093145
E373G,-0.20298
E373F,-0.40544
E373I,-0.28214
E373H,-0.23164
E373K,-0.37029
E373M,-0.24564
E373L,-0.22334
E373N,-0.11478
E373Q,-0.10117
E373P,-0.47753
E373S,-0.22385
E373R,-0.38038
E373T,-0.20452
E373W,-0.23235
E373V,-0.2184
E373Y,-0.29308
Q374A,0.011212
Q374C,-0.0019062
Q374E,0.06789500000000001
Q374D,-0.058411
Q374G,0.0080159
Q374F,0.052768
Q374I,-0.16684
Q374H,0.0036286
Q374K,-0.05803099999999999
Q374M,-0.0020173
Q374L,0.037635
Q374N,-0.010238
Q374Q,-0.12922
Q374P,-0.0014649
Q374S,-0.0078868
Q374R,-0.0075957
Q374T,-0.043384
Q374W,-0.0073044
Q374V,-0.014632
Q374Y,-0.059387
A375A,-0.037076
A375C,-0.15037
A375E,-0.8959799999999999
A375D,-0.48331
A375G,-0.16449
A375F,-1.1223
A375I,-0.30609
A375H,-0.55872
A375K,-1.3711
A375M,-0.10832
A375L,-0.95549
A375N,-0.67984
A375Q,-0.54552
A375P,-1.1877
A375S,-0.0352
A375R,-1.543
A375T,-0.1977
A375W,-1.1034
A375V,-0.27062
A375Y,-0.12922
A376A,0.038137
A376C,-0.30893
A376E,-0.45619
A376D,-1.115
A376G,-0.18418
A376F,-0.26339
A376I,-0.21624
A376H,-0.35234
A376K,-0.54971
A376M,-0.92014
A376L,-0.71194
A376N,-0.79715
A376Q,-1.1461
A376P,-0.52388
A376S,-0.44728
A376R,-0.52718
A376T,-0.50112
A376W,-0.43619
A376V,0.04969700000000001
A376Y,-0.075195
I377A,0.007359
I377C,-0.063203
I377E,0.047927
I377D,0.00082247
I377G,0.022386
I377F,-0.083037
I377I,-0.041178
I377H,0.067298
I377K,-0.13939
I377M,-0.020419
I377L,0.014365
I377N,-0.06104299999999999
I377Q,-0.027608
I377P,-0.22524
I377S,0.036674
I377R,0.007173100000000001
I377T,0.030153
I377W,-0.18356
I377V,0.027693
I377Y,0.1216
A378A,0.0044786
A378C,0.017785
A378E,0.040275
A378D,-0.05895
A378G,0.031884
A378F,-0.023679
A378I,0.058166
A378H,0.053464
A378K,0.10289
A378M,0.009887700000000001
A378L,0.05741599999999999
A378N,0.089121
A378Q,-0.061122
A378P,-0.30324
A378S,0.015746
A378R,0.021326
A378T,0.060784
A378W,0.0086505
A378V,-0.006472800000000001
A378Y,-0.026928
L379A,-0.26231
L379C,-0.011693
L379E,-1.5057
L379D,-1.2905
L379G,-0.72418
L379F,-0.045056
L379I,-0.060996
L379H,-0.24134
L379K,-1.0861
L379M,-0.14398
L379L,-0.048567
L379N,-0.6484
L379Q,-1.3061
L379P,-1.1481
L379S,-0.51652
L379R,-1.4074
L379T,-0.25617
L379W,-0.97047
L379V,-0.16326
L379Y,-0.53717
K380A,-0.18523
K380C,-0.01769
K380E,-0.32338
K380D,-0.34726
K380G,-0.07010599999999999
K380F,0.0060523
K380I,-0.004802600000000001
K380H,-0.024865
K380K,-0.12922
K380M,0.021731
K380L,-0.0064595
K380N,-0.026397
K380Q,-0.07048099999999999
K380P,-0.30035
K380S,-0.1042
K380R,0.0057528
K380T,0.0078744
K380W,-0.043455
K380V,0.012564
K380Y,-0.061022
N381A,0.062397
N381C,0.025414
N381E,-0.1314
N381D,-0.034652
N381G,0.034176
N381F,0.022814
N381I,-0.12714
N381H,-0.02208
N381K,0.063972
N381M,-0.045243
N381L,-0.046963
N381N,0.00029186
N381Q,0.0044625
N381P,-0.19564
N381S,0.042073
N381R,-0.063243
N381T,-0.005024
N381W,-0.081649
N381V,-0.07329400000000001
N381Y,-0.13737
A382A,0.013129
A382C,0.05944600000000001
A382E,-0.0062048
A382D,-0.06138099999999999
A382G,0.027198
A382F,-0.16513
A382I,-0.092165
A382H,-0.063933
A382K,-0.032791
A382M,-0.037657
A382L,-0.12768
A382N,-0.014335
A382Q,0.10461
A382P,-0.074214
A382S,0.0528
A382R,-0.071848
A382T,0.045055
A382W,-0.21008
A382V,-0.087925
A382Y,-0.068689
G383A,0.030688
G383C,-0.066245
G383E,-0.011524
G383D,-0.038186
G383G,0.031986
G383F,-0.0046329
G383I,-0.015156
G383H,0.041419
G383K,0.029117
G383M,-0.041827
G383L,-0.018379
G383N,-0.06755499999999999
G383Q,0.027743
G383P,-0.01963
G383S,0.010273
G383R,-0.042789
G383T,-0.010493
G383W,0.093248
G383V,0.034765
G383Y,-0.029734
Q384A,0.03478999999999999
Q384C,-0.011427
Q384E,-0.06929600000000001
Q384D,-0.10528
Q384G,0.0031872
Q384F,0.14894
Q384I,0.095277
Q384H,-0.03602900000000001
Q384K,0.026648
Q384M,0.0021134
Q384L,0.056785
Q384N,-0.05264
Q384Q,-0.12922
Q384P,0.048781
Q384S,-0.026967
Q384R,0.015472
Q384T,0.012211
Q384W,0.081072
Q384V,-0.00034317
Q384Y,0.064458
T385A,-0.01498
T385C,0.043927
T385E,-0.087078
T385D,0.017304
T385G,0.019407
T385F,-0.07522899999999999
T385I,0.11015
T385H,0.060401
T385K,0.059099
T385M,0.018712
T385L,0.046577
T385N,0.03239
T385Q,0.025669
T385P,0.051762
T385S,0.0053453
T385R,0.16251
T385T,0.01196
T385W,0.035767
T385V,0.10101
T385Y,-0.07201
V386A,0.026759
V386C,-0.042308
V386E,-0.48326
V386D,-0.31836
V386G,-0.024691
V386F,-0.6189399999999999
V386I,-0.1622
V386H,-0.047363
V386K,-0.31448
V386M,-0.3442
V386L,-0.24896
V386N,-0.007264799999999999
V386Q,-0.063922
V386P,0.017349
V386S,0.052637
V386R,-0.4318
V386T,0.010175
V386W,-0.5946
V386V,-0.05339099999999999
V386Y,-0.229
T387A,0.058962
T387C,0.072422
T387E,-0.042272
T387D,-0.14417
T387G,0.13023
T387F,0.12454
T387I,-0.014164
T387H,0.07989500000000001
T387K,0.10653
T387M,0.03321
T387L,0.082396
T387N,0.014632
T387Q,-0.010697
T387P,-0.040762
T387S,0.069941
T387R,0.11451
T387T,0.004634399999999999
T387W,0.056814
T387V,0.053314
T387Y,0.033484
I388A,-0.064163
I388C,0.060377
I388E,-1.3756
I388D,-1.4135
I388G,-0.17059
I388F,0.1506
I388I,-0.12922
I388H,-0.34029
I388K,-0.58399
I388M,-0.046625
I388L,0.015431
I388N,-0.46047
I388Q,-0.27386
I388P,-0.7792
I388S,-0.30321
I388R,-1.4402
I388T,-0.16417
I388W,-0.6468
I388V,-0.017427
I388Y,-0.7196199999999999
I389A,0.10465
I389C,0.12402
I389E,-0.11524
I389D,-0.08065499999999999
I389G,0.064465
I389F,0.056616
I389I,-0.12922
I389H,0.076772
I389K,0.23991
I389M,0.014811
I389L,0.1272
I389N,0.10603
I389Q,0.11359
I389P,-0.77383
I389S,0.11047
I389R,0.20129
I389T,0.1051
I389W,0.035853
I389V,0.050783
I389Y,0.082009
A390A,0.008425499999999999
A390C,0.024447
A390E,-0.38045
A390D,-0.32867
A390G,0.0094383
A390F,-0.035448
A390I,-0.091147
A390H,-0.11091
A390K,-0.018936
A390M,-0.04197799999999999
A390L,0.0062325
A390N,-0.021228
A390Q,-0.29701
A390P,-0.16749
A390S,0.040002
A390R,-0.010949
A390T,0.055121
A390W,-0.39208
A390V,-0.049155
A390Y,-0.11188
Q391A,-0.02727
Q391C,0.04059
Q391E,0.048101
Q391D,0.040852
Q391G,-0.052506
Q391F,0.13988
Q391I,0.15558
Q391H,0.091463
Q391K,-0.070951
Q391M,0.11081
Q391L,0.05759
Q391N,0.14666
Q391Q,-0.12922
Q391P,-0.69177
Q391S,0.027261
Q391R,0.036459
Q391T,0.021623
Q391W,0.1794
Q391V,-0.029726
Q391Y,0.10589
Y392A,-0.0071301
Y392C,-0.048875
Y392E,0.040559
Y392D,-0.048136
Y392G,-0.1318
Y392F,0.069377
Y392I,-0.15557
Y392H,0.067013
Y392K,-0.045391
Y392M,-0.098401
Y392L,0.0056002
Y392N,0.14034
Y392Q,0.10484
Y392P,-0.15433
Y392S,-0.0034559
Y392R,-0.11183
Y392T,-0.028278
Y392W,0.026847
Y392V,-0.16512
Y392Y,-0.067651
K393A,-0.053376
K393C,-0.010123
K393E,0.025071
K393D,-0.014046
K393G,-0.016354
K393F,-0.013008
K393I,-0.113
K393H,-0.02066
K393K,-0.0076966
K393M,-0.043541
K393L,-0.0038422
K393N,0.0098001
K393Q,0.03661499999999999
K393P,-0.5641
K393S,0.034271
K393R,0.0040505
K393T,0.0027645
K393W,-0.020886
K393V,-0.070006
K393Y,0.041258
