mutant,screenscore
A2A,1.0
D3A,0.620462614
Q4A,
L5A,0.505060245
T6A,1.01105831
E7A,0.674626548
E8A,0.597132507
Q9A,-0.018191111
I10A,-0.408884544
A11A,1.0
E12A,1.189156301
F13A,0.640131334
K14A,0.4480801129999999
E15A,0.750440758
A16A,1.0
F17A,
S18A,0.989022203
L19A,
F20A,
D21A,0.38222057
K22A,1.087488554
D23A,1.010770221
G24A,0.959372839
D25A,1.096960871
G26A,1.058954937
T27A,1.015230993
I28A,0.366351245
T29A,0.994009447
T30A,1.043542625
K31A,0.696278152
E32A,1.114962094
L33A,1.120387119
G34A,
T35A,0.970360153
V36A,0.990972465
M37A,1.214478015
R38A,0.52066933
S39A,0.90865288
L40A,1.233657493
G41A,1.024219383
Q42A,
N43A,
P44A,1.059187592
T45A,1.08835166
E46A,0.8900280309999999
A47A,1.0
E48A,0.389237973
L49A,1.141909724
Q50A,
D51A,0.947260159
M52A,
I53A,1.22681485
N54A,-0.375095166
E55A,0.842235463
V56A,0.990746976
D57A,0.753810313
A58A,1.0
D59A,1.029204508
G60A,
N61A,1.134919316
G62A,1.144701391
T63A,0.929120669
I64A,0.8497048140000001
D65A,0.9343085870000001
F66A,1.158644365
P67A,0.947133769
E68A,1.156251339
F69A,
L70A,0.709559871
T71A,1.053022185
M72A,
M73A,1.052388236
A74A,1.0
R75A,0.951517455
K76A,1.094093774
M77A,1.276895788
K78A,0.419261985
D79A,1.0288463
T80A,1.062601835
D81A,1.106564948
S82A,1.145861903
E83A,0.7545577929999999
E84A,1.213479647
E85A,0.7971646579999999
I86A,0.831724295
R87A,
E88A,0.7530622309999999
A89A,1.0
F90A,
R91A,
V92A,1.001706699
F93A,
D94A,0.648978975
K95A,
D96A,-0.010418314
G97A,1.091210911
N98A,
G99A,0.5769757679999999
Y100A,0.7091322840000001
I101A,0.9689137290000001
S102A,
A103A,1.0
A104A,1.0
E105A,1.085512657
L106A,
R107A,
H108A,0.9849479870000001
V109A,0.9926537670000001
M110A,1.010388005
T111A,1.002534696
N112A,
L113A,0.142826868
G114A,0.589704778
E115A,0.6840993790000001
K116A,
L117A,0.8509488740000001
T118A,1.024962379
D119A,1.187403152
E120A,1.165269134
E121A,0.372323844
V122A,1.018540206
D123A,0.8478819259999999
E124A,1.029383286
M125A,0.713601499
I126A,0.580388091
R127A,
E128A,1.114129962
A129A,1.0
D130A,0.348670847
I131A,0.8903135790000001
D132A,0.882847855
G133A,0.895285452
D134A,0.558843368
G135A,0.975659796
Q136A,
V137A,0.981464599
N138A,0.7523229709999999
Y139A,
E140A,0.98563978
E141A,0.299069561
F142A,
V143A,1.004247119
Q144A,
M145A,1.01995175
M146A,0.71709447
T147A,1.005920244
A148A,1.0
K149A,
M1V,
A2V,1.009356175
D3V,0.6259387479999999
Q4V,
L5V,0.858864978
T6V,1.213569895
E7V,0.937572435
E8V,0.969219116
Q9V,0.4058626829999999
I10V,0.940460318
A11V,1.032353969
E12V,0.780734005
F13V,1.068216763
K14V,
E15V,0.8413480640000001
A16V,0.9687745090000001
F17V,0.892101748
S18V,0.8506121170000001
L19V,1.083774168
F20V,1.212280837
D21V,1.027258932
K22V,0.87315301
D23V,0.993721127
G24V,0.970530648
D25V,0.8849186
G26V,0.9480519909999999
T27V,0.746589313
I28V,0.894912473
T29V,1.290411
T30V,
K31V,
E32V,1.034203833
L33V,0.7400442190000001
G34V,0.5483003879999999
T35V,0.189069454
V36V,1.0
M37V,1.037992749
R38V,1.042413539
S39V,
L40V,1.089890135
G41V,0.907256122
Q42V,0.114963441
N43V,
P44V,1.159389385
T45V,0.685032595
E46V,0.9637165959999999
A47V,0.935055497
E48V,0.9181273809999999
L49V,1.100321156
Q50V,
D51V,0.243435633
M52V,0.946723978
I53V,1.035733889
N54V,0.457464782
E55V,1.032593155
V56V,1.0
D57V,0.9067591709999999
A58V,1.058182698
D59V,0.8665003590000001
G60V,0.385266066
N61V,
G62V,0.892997047
T63V,0.841168916
I64V,1.059696914
D65V,1.020946236
F66V,0.9995435779999999
P67V,0.907463315
E68V,0.575403772
F69V,0.8509990140000001
L70V,0.97474037
T71V,0.6687970289999999
M72V,1.070685148
M73V,1.035434723
A74V,0.9769741040000001
R75V,
K76V,0.782671917
M77V,0.9796115459999999
K78V,-0.078324983
D79V,0.83024239
T80V,0.610485971
D81V,1.136780918
S82V,
E83V,1.036208564
E84V,1.027632689
E85V,0.8399090459999999
I86V,0.956080429
R87V,1.192571868
E88V,0.923197035
A89V,0.900946336
F90V,0.135324252
R91V,
V92V,1.0
F93V,0.948518435
D94V,0.6786271559999999
K95V,0.403327435
D96V,0.8613885090000001
G97V,0.7599393109999999
N98V,
G99V,0.845271507
Y100V,0.40250328
I101V,1.008742096
S102V,0.200731642
A103V,0.8479110679999999
A104V,0.927890518
E105V,1.062403201
L106V,
R107V,0.53894705
H108V,
V109V,1.0
M110V,0.922922699
T111V,-0.02336971
N112V,
L113V,0.5867004889999999
G114V,0.586635352
E115V,0.918602782
K116V,0.872790117
L117V,0.536830377
T118V,0.984247202
D119V,0.84212677
E120V,0.9756649359999999
E121V,0.83438717
V122V,1.0
D123V,0.6949442159999999
E124V,1.006666418
M125V,0.983064512
I126V,1.005516328
R127V,0.608198172
E128V,1.093999186
A129V,1.004971962
D130V,0.971740466
I131V,0.9947963040000001
D132V,0.85423189
G133V,0.88710512
D134V,0.6889604309999999
G135V,0.7715674840000001
Q136V,0.53894705
V137V,1.0
N138V,1.023608459
Y139V,0.218114682
E140V,0.877723082
E141V,0.753869786
F142V,
V143V,1.0
Q144V,0.7430924259999999
M145V,0.927540728
M146V,1.021207236
T147V,1.24907417
A148V,1.024347952
K149V,
M1L,
A2L,
D3L,0.812706094
Q4L,0.912269579
L5L,1.0
T6L,
E7L,0.639865907
E8L,
Q9L,1.040580295
I10L,0.984324553
A11L,0.787946156
E12L,0.253444102
F13L,0.9821736790000001
K14L,-0.275939501
E15L,1.152875833
A16L,0.929423055
F17L,1.002703102
S18L,1.064133019
L19L,1.0
F20L,0.99197119
D21L,0.9656806179999999
K22L,0.476290759
D23L,
G24L,0.50840785
D25L,
G26L,
T27L,0.299705894
I28L,0.9187690829999999
T29L,0.438027203
T30L,0.718195878
K31L,0.8505040640000001
E32L,0.6177941579999999
L33L,1.0
G34L,0.950342004
T35L,
V36L,0.337943547
M37L,0.9260196190000001
R38L,0.659585889
S39L,1.0908639
L40L,1.0
G41L,
Q42L,1.013712776
N43L,
P44L,1.02113524
T45L,0.953966522
E46L,0.842137976
A47L,0.723089625
E48L,0.783002056
L49L,1.0
Q50L,1.083409155
D51L,0.260409693
M52L,0.92672881
I53L,1.176430253
N54L,-0.279598742
E55L,0.229912801
V56L,0.984128508
D57L,0.233521781
A58L,
D59L,0.988951183
G60L,
N61L,0.379750479
G62L,
T63L,0.6545560579999999
I64L,0.826007553
D65L,0.629032928
F66L,1.029917578
P67L,0.973486289
E68L,-0.307518305
F69L,0.954010554
L70L,1.0
T71L,
M72L,1.101301896
M73L,0.906130178
A74L,
R75L,1.204536813
K76L,0.320410646
M77L,1.002523986
K78L,0.060898989
D79L,0.870293689
T80L,1.017155333
D81L,
S82L,
E83L,0.978037203
E84L,0.835029137
E85L,0.569205344
I86L,1.258417273
R87L,0.849080147
E88L,
A89L,0.391290199
F90L,0.752242042
R91L,0.942695008
V92L,1.05381551
F93L,0.9898926379999999
D94L,0.8882676340000001
K95L,
D96L,
G97L,
N98L,
G99L,0.142907508
Y100L,0.610856586
I101L,0.9817534659999999
S102L,0.854339725
A103L,
A104L,0.629449065
E105L,
L106L,1.0
R107L,1.042391351
H108L,1.004852373
V109L,
M110L,0.989140233
T111L,0.927207032
N112L,
L113L,1.0
G114L,0.692012113
E115L,-0.241942673
K116L,1.10050682
L117L,1.0
T118L,0.805836455
D119L,0.7922664009999999
E120L,0.9038108770000001
E121L,-0.448408944
V122L,0.8390738190000001
D123L,-0.177318997
E124L,0.032846241
M125L,1.044512873
I126L,0.9269733640000001
R127L,1.085186432
E128L,0.624194421
A129L,0.491519897
D130L,0.394621024
I131L,0.995231883
D132L,-0.136759642
G133L,0.200922268
D134L,
G135L,
Q136L,0.945936002
V137L,0.377096951
N138L,
Y139L,-0.329969745
E140L,0.23306541
E141L,
F142L,0.669887435
V143L,0.976491478
Q144L,1.07738138
M145L,0.667713882
M146L,0.827819567
T147L,
A148L,
K149L,
M1I,
A2I,
D3I,
Q4I,
L5I,0.329284764
T6I,1.015989424
E7I,
E8I,
Q9I,
I10I,1.0
A11I,0.641907052
E12I,
F13I,1.02865727
K14I,-0.301558893
E15I,1.153820155
A16I,1.112082005
F17I,0.94243183
S18I,
L19I,0.5651205970000001
F20I,0.973576511
D21I,0.109467017
K22I,0.9884838509999999
D23I,
G24I,
D25I,
G26I,
T27I,0.96707796
I28I,1.0
T29I,1.008318529
T30I,1.020431081
K31I,1.009614438
E32I,
L33I,0.895641602
G34I,0.278841988
T35I,1.061530473
V36I,1.000131051
M37I,1.001279102
R38I,
S39I,0.939279909
L40I,1.216954256
G41I,
Q42I,
N43I,1.073335572
P44I,0.549438976
T45I,0.831773529
E46I,1.150326389
A47I,0.9056158670000001
E48I,0.811636595
L49I,0.7742200440000001
Q50I,
D51I,
M52I,0.9699680759999999
I53I,1.0
N54I,0.888358786
E55I,0.546618325
V56I,
D57I,
A58I,
D59I,
G60I,
N61I,0.8956299259999999
G62I,
T63I,1.019447893
I64I,1.0
D65I,0.6471946120000001
F66I,0.683992596
P67I,0.83329672
E68I,
F69I,0.476794511
L70I,1.059490994
T71I,1.020056637
M72I,0.967535422
M73I,0.954553852
A74I,0.082800709
R75I,1.012540179
K76I,0.899545578
M77I,0.975589177
K78I,0.997840773
D79I,0.657647455
T80I,1.166825861
D81I,
S82I,0.822789495
E83I,0.071817265
E84I,1.195694689
E85I,1.120115588
I86I,1.0
R87I,
E88I,
A89I,0.910339383
F90I,0.7603712109999999
R91I,0.156848405
V92I,0.983404776
F93I,0.3370543
D94I,
K95I,0.311175273
D96I,0.254455661
G97I,
N98I,0.8344652509999999
G99I,
Y100I,0.737217151
I101I,1.0
S102I,0.6416642
A103I,0.934712419
A104I,0.103296961
E105I,
L106I,1.140460002
R107I,
H108I,1.037999521
V109I,0.911423144
M110I,0.863656158
T111I,1.009588938
N112I,0.948908402
L113I,0.933255451
G114I,
E115I,-0.04830473
K116I,1.053484141
L117I,0.974814527
T118I,1.011542154
D119I,
E120I,0.974716349
E121I,0.500198646
V122I,0.96720279
D123I,1.16644489
E124I,0.889364247
M125I,0.8817295
I126I,1.0
R127I,0.9377265490000001
E128I,
A129I,-0.28014748
D130I,0.124216641
I131I,1.0
D132I,
G133I,
D134I,
G135I,
Q136I,0.732187255
V137I,0.997183032
N138I,1.032543176
Y139I,0.277206505
E140I,0.9776130890000001
E141I,0.580959181
F142I,0.240822061
V143I,0.9902561209999999
Q144I,
M145I,0.735042704
M146I,0.884788445
T147I,1.03697411
A148I,
K149I,0.829928782
M1M,1.0
A2M,
D3M,
Q4M,
L5M,0.9612426479999999
T6M,1.112373714
E7M,
E8M,
Q9M,
I10M,0.742967387
A11M,0.397339731
E12M,
F13M,-0.08070051
K14M,0.6645354929999999
E15M,0.114197732
A16M,1.002794781
F17M,
S18M,
L19M,
F20M,
D21M,
K22M,0.569188124
D23M,
G24M,
D25M,
G26M,
T27M,0.9085785340000001
I28M,1.149274164
T29M,0.583004634
T30M,0.35479616
K31M,0.8697036929999999
E32M,0.361979865
L33M,0.376054591
G34M,
T35M,0.205508121
V36M,0.87542903
M37M,1.0
R38M,1.038411117
S39M,
L40M,1.099072609
G41M,
Q42M,
N43M,
P44M,
T45M,
E46M,1.23317896
A47M,1.17944758
E48M,1.164043251
L49M,0.8687759279999999
Q50M,
D51M,
M52M,1.0
I53M,1.199589135
N54M,0.866721759
E55M,0.919693153
V56M,0.9224781940000001
D57M,
A58M,
D59M,
G60M,
N61M,0.241205441
G62M,0.8692721790000001
T63M,0.372642106
I64M,0.9297884129999999
D65M,0.874758057
F66M,
P67M,
E68M,
F69M,-0.152221077
L70M,0.970860249
T71M,1.20083592
M72M,1.0
M73M,1.0
A74M,
R75M,1.093353536
K76M,
M77M,1.0
K78M,-0.237248455
D79M,
T80M,1.018712801
D81M,
S82M,
E83M,0.712693173
E84M,
E85M,1.161497761
I86M,
R87M,
E88M,
A89M,
F90M,
R91M,
V92M,
F93M,
D94M,
K95M,0.359352971
D96M,
G97M,
N98M,1.183505126
G99M,
Y100M,
I101M,
S102M,0.5261746070000001
A103M,1.18838412
A104M,
E105M,
L106M,
R107M,
H108M,
V109M,0.93281649
M110M,1.0
T111M,0.3695197079999999
N112M,
L113M,0.121066866
G114M,
E115M,1.108007251
K116M,0.757306794
L117M,-0.27446093
T118M,0.885534852
D119M,
E120M,0.346092148
E121M,
V122M,1.094205089
D123M,
E124M,
M125M,1.0
I126M,1.112311788
R127M,0.8976090990000001
E128M,
A129M,
D130M,
I131M,1.013875965
D132M,
G133M,
D134M,
G135M,0.355500095
Q136M,-0.265881418
V137M,
N138M,
Y139M,
E140M,1.046763013
E141M,0.588621968
F142M,
V143M,1.089560604
Q144M,
M145M,1.0
M146M,1.0
T147M,
A148M,
K149M,0.628895161
M1F,
A2F,1.176677323
D3F,-0.068259763
Q4F,
L5F,
T6F,
E7F,1.00664324
E8F,
Q9F,1.242118037
I10F,0.898633722
A11F,0.730098644
E12F,
F13F,1.0
K14F,-0.151138584
E15F,
A16F,0.64910128
F17F,1.0
S18F,1.004281046
L19F,
F20F,1.0
D21F,1.163483013
K22F,0.6781654309999999
D23F,
G24F,
D25F,
G26F,
T27F,0.377752346
I28F,1.057794643
T29F,0.6916820579999999
T30F,
K31F,0.7328178940000001
E32F,
L33F,1.082531178
G34F,
T35F,0.8925120320000001
V36F,1.041212962
M37F,
R38F,
S39F,
L40F,0.280977132
G41F,
Q42F,
N43F,1.258475745
P44F,
T45F,1.129289012
E46F,0.344979791
A47F,0.306286083
E48F,1.038337243
L49F,0.9869855670000001
Q50F,
D51F,
M52F,0.043443525
I53F,0.9873926120000001
N54F,0.232349125
E55F,0.200420378
V56F,
D57F,0.649857294
A58F,0.527894664
D59F,1.005690739
G60F,
N61F,0.35639951
G62F,
T63F,0.618161786
I64F,1.053310994
D65F,0.558616321
F66F,1.0
P67F,1.008608608
E68F,-0.027345338
F69F,1.0
L70F,0.683793861
T71F,0.044176868
M72F,1.210079715
M73F,1.164744707
A74F,
R75F,
K76F,
M77F,
K78F,-0.168338252
D79F,0.855012558
T80F,0.437961853
D81F,
S82F,
E83F,
E84F,0.832662607
E85F,0.240776467
I86F,0.835278139
R87F,1.025951108
E88F,0.392326243
A89F,
F90F,1.0
R91F,
V92F,1.065996253
F93F,1.0
D94F,0.313398309
K95F,
D96F,
G97F,0.342654969
N98F,0.9418190790000001
G99F,0.6225074820000001
Y100F,0.8317750909999999
I101F,1.086639187
S102F,0.488623139
A103F,0.223025163
A104F,
E105F,
L106F,
R107F,0.369355119
H108F,1.10620188
V109F,1.033636766
M110F,-0.184440019
T111F,0.658946092
N112F,
L113F,0.987468865
G114F,0.366477662
E115F,
K116F,0.298791533
L117F,0.638515672
T118F,0.9180060440000001
D119F,0.813726976
E120F,1.146141961
E121F,
V122F,0.267682946
D123F,0.958699482
E124F,
M125F,0.614239334
I126F,0.8576444329999999
R127F,0.576522831
E128F,
A129F,
D130F,0.0757705
I131F,1.057189431
D132F,1.117699071
G133F,
D134F,0.324481442
G135F,
Q136F,
V137F,0.773580754
N138F,1.110235847
Y139F,1.028252996
E140F,0.475749555
E141F,-0.123335516
F142F,1.0
V143F,
Q144F,
M145F,
M146F,
T147F,0.389537153
A148F,
K149F,
M1Y,
A2Y,0.495379177
D3Y,0.674421808
Q4Y,
L5Y,
T6Y,
E7Y,0.596024829
E8Y,
Q9Y,1.032176346
I10Y,
A11Y,-0.218534157
E12Y,
F13Y,1.063542673
K14Y,0.344328694
E15Y,0.8630314459999999
A16Y,0.891452035
F17Y,0.545228096
S18Y,0.8724202459999999
L19Y,
F20Y,1.154236658
D21Y,0.9500991440000001
K22Y,0.617691046
D23Y,0.959515052
G24Y,0.671345603
D25Y,
G26Y,
T27Y,0.289580338
I28Y,
T29Y,
T30Y,
K31Y,0.89402598
E32Y,
L33Y,0.628086854
G34Y,
T35Y,0.046334879
V36Y,
M37Y,
R38Y,
S39Y,1.246639242
L40Y,0.071005315
G41Y,
Q42Y,
N43Y,1.014852708
P44Y,
T45Y,
E46Y,0.090046741
A47Y,
E48Y,0.964770785
L49Y,1.215266703
Q50Y,
D51Y,0.9030582509999999
M52Y,
I53Y,
N54Y,1.050654901
E55Y,0.710310278
V56Y,
D57Y,0.939742966
A58Y,
D59Y,0.8127298540000001
G60Y,0.938467388
N61Y,0.8224972290000001
G62Y,
T63Y,
I64Y,1.032772713
D65Y,1.065230473
F66Y,1.000765973
P67Y,
E68Y,0.531448105
F69Y,0.7889671220000001
L70Y,0.8930362470000001
T71Y,-0.057197002
M72Y,
M73Y,
A74Y,
R75Y,
K76Y,1.244003201
M77Y,
K78Y,0.9092660459999999
D79Y,0.936794094
T80Y,0.400147714
D81Y,0.737502848
S82Y,
E83Y,0.394643866
E84Y,0.8637791890000001
E85Y,0.926085055
I86Y,
R87Y,0.929906748
E88Y,
A89Y,
F90Y,0.9812314320000001
R91Y,
V92Y,
F93Y,0.947244256
D94Y,0.7457113320000001
K95Y,
D96Y,0.462986841
G97Y,
N98Y,0.892989935
G99Y,0.898240292
Y100Y,1.0
I101Y,
S102Y,
A103Y,0.020951105
A104Y,
E105Y,
L106Y,
R107Y,
H108Y,1.033808166
V109Y,
M110Y,
T111Y,
N112Y,0.87512608
L113Y,0.433860672
G114Y,0.495129228
E115Y,1.18035036
K116Y,0.496624131
L117Y,
T118Y,1.045753133
D119Y,0.975626659
E120Y,1.04280085
E121Y,0.9191601840000001
V122Y,
D123Y,0.966193788
E124Y,0.245476424
M125Y,
I126Y,
R127Y,
E128Y,
A129Y,0.151250993
D130Y,0.832870117
I131Y,0.946937386
D132Y,0.7821312420000001
G133Y,
D134Y,0.428566091
G135Y,
Q136Y,
V137Y,
N138Y,1.168619662
Y139Y,1.0
E140Y,0.9767889329999999
E141Y,0.014043856
F142Y,0.9563764370000001
V143Y,
Q144Y,0.815051194
M145Y,
M146Y,
T147Y,
A148Y,
K149Y,
M1W,
A2W,0.314116568
D3W,
Q4W,
L5W,0.3586006470000001
T6W,
E7W,
E8W,
Q9W,1.230036298
I10W,
A11W,
E12W,
F13W,0.878195838
K14W,
E15W,0.583146294
A16W,0.929396955
F17W,
S18W,0.853983998
L19W,
F20W,
D21W,1.043274267
K22W,0.042774746
D23W,
G24W,
D25W,
G26W,
T27W,0.521905285
I28W,0.391551693
T29W,
T30W,
K31W,0.899961655
E32W,
L33W,-0.337633593
G34W,
T35W,0.976167386
V36W,0.243892608
M37W,1.136690756
R38W,1.037466419
S39W,1.157294694
L40W,0.425504045
G41W,
Q42W,0.461104301
N43W,0.273596275
P44W,
T45W,0.7391257090000001
E46W,0.829315224
A47W,0.90553622
E48W,1.072814275
L49W,0.878971865
Q50W,0.735772977
D51W,
M52W,0.653682725
I53W,0.5710496820000001
N54W,0.837713445
E55W,1.043863151
V56W,
D57W,1.106427106
A58W,
D59W,
G60W,
N61W,
G62W,
T63W,0.545119334
I64W,
D65W,1.025041965
F66W,0.211101532
P67W,
E68W,0.761505505
F69W,
L70W,0.9948748470000001
T71W,
M72W,0.99286614
M73W,
A74W,
R75W,0.7055721509999999
K76W,1.134565577
M77W,
K78W,0.045458688
D79W,1.083265126
T80W,0.494819134
D81W,
S82W,
E83W,0.9594158190000001
E84W,
E85W,
I86W,
R87W,1.189601212
E88W,
A89W,
F90W,
R91W,0.346535139
V92W,
F93W,
D94W,0.254455661
K95W,
D96W,0.570869736
G97W,-0.113005476
N98W,
G99W,0.7865385570000001
Y100W,
I101W,
S102W,1.31477184
A103W,
A104W,
E105W,
L106W,
R107W,
H108W,
V109W,
M110W,
T111W,0.204951863
N112W,
L113W,0.179910038
G114W,0.677848894
E115W,0.495792032
K116W,
L117W,
T118W,0.249992723
D119W,0.7806165970000001
E120W,0.914226122
E121W,
V122W,0.481991482
D123W,0.770188665
E124W,
M125W,0.02607438
I126W,0.654429166
R127W,0.876488809
E128W,
A129W,
D130W,-0.323775903
I131W,1.127111926
D132W,
G133W,-0.022114823
D134W,
G135W,
Q136W,-0.049102238
V137W,1.052396215
N138W,
Y139W,0.8700180259999999
E140W,
E141W,
F142W,
V143W,
Q144W,0.560539696
M145W,
M146W,
T147W,
A148W,
K149W,
M1R,
A2R,
D3R,1.286710598
Q4R,1.004102078
L5R,0.777645912
T6R,
E7R,0.857060013
E8R,0.052494266
Q9R,0.9978372259999999
I10R,0.343788286
A11R,0.076061663
E12R,0.335364162
F13R,-0.029920635
K14R,0.89988664
E15R,0.36934411
A16R,0.481542598
F17R,-0.09056950000000001
S18R,1.091964133
L19R,0.478781244
F20R,
D21R,0.860405619
K22R,1.060521494
D23R,0.7797750809999999
G24R,0.93154378
D25R,
G26R,1.202396081
T27R,0.957891588
I28R,1.036936607
T29R,0.444667238
T30R,1.255658288
K31R,0.98440205
E32R,
L33R,0.419508943
G34R,1.022893964
T35R,0.8577559509999999
V36R,0.068953294
M37R,0.759884385
R38R,1.0
S39R,1.000352223
L40R,0.744145987
G41R,1.002813031
Q42R,1.034415454
N43R,1.3165085
P44R,0.769846536
T45R,0.972826642
E46R,0.889879416
A47R,0.9867945220000001
E48R,0.653281775
L49R,1.109869157
Q50R,1.078812518
D51R,0.433640142
M52R,0.781358039
I53R,1.045942895
N54R,0.5784758329999999
E55R,1.137948982
V56R,0.484502638
D57R,1.181133677
A58R,
D59R,
G60R,0.83907268
N61R,0.21201267
G62R,1.067896398
T63R,0.913864206
I64R,0.565060863
D65R,0.145822835
F66R,0.559270629
P67R,0.82235058
E68R,-0.114099782
F69R,0.06553535
L70R,1.105084932
T71R,0.91270463
M72R,0.8122939640000001
M73R,0.940545608
A74R,0.6735674770000001
R75R,1.0
K76R,1.003263764
M77R,1.01519136
K78R,1.015059818
D79R,0.968858102
T80R,0.8046579290000001
D81R,
S82R,1.00243724
E83R,0.033609269
E84R,0.9625034579999999
E85R,1.033103504
I86R,0.311175273
R87R,1.0
E88R,0.201842001
A89R,
F90R,0.108160953
R91R,1.0
V92R,
F93R,
D94R,0.076475831
K95R,1.060906743
D96R,
G97R,1.099574611
N98R,
G99R,0.90245466
Y100R,0.8892338390000001
I101R,-0.105120074
S102R,0.9628523240000001
A103R,1.062652689
A104R,0.8895120990000001
E105R,
L106R,-0.120839329
R107R,1.0
H108R,1.005889263
V109R,
M110R,0.23006486
T111R,
N112R,1.281795096
L113R,0.08457608300000001
G114R,0.611547236
E115R,
K116R,1.011818301
L117R,0.5906570320000001
T118R,0.8630577340000001
D119R,0.9156635790000001
E120R,
E121R,0.9229141559999999
V122R,0.487905866
D123R,0.9391529279999999
E124R,0.9655232979999999
M125R,0.447215493
I126R,0.460835625
R127R,1.0
E128R,0.173438195
A129R,0.6828426790000001
D130R,0.309318063
I131R,1.028647986
D132R,0.338030122
G133R,0.9488838940000001
D134R,0.448864516
G135R,0.9149773259999999
Q136R,1.043282768
V137R,
N138R,0.254781759
Y139R,0.243579125
E140R,0.127934822
E141R,0.5974154660000001
F142R,
V143R,
Q144R,1.013176023
M145R,0.28207582
M146R,0.167927898
T147R,
A148R,
K149R,1.00077846
M1H,
A2H,
D3H,0.629307562
Q4H,0.666368724
L5H,0.168816917
T6H,
E7H,0.172293131
E8H,
Q9H,0.9605268459999999
I10H,
A11H,
E12H,0.9100988459999999
F13H,
K14H,0.224109282
E15H,0.920838846
A16H,0.272198258
F17H,0.791024607
S18H,
L19H,
F20H,0.644729899
D21H,0.6937783040000001
K22H,0.358686172
D23H,1.021058603
G24H,
D25H,0.704175578
G26H,
T27H,0.410456254
I28H,
T29H,
T30H,
K31H,1.124309279
E32H,1.260742258
L33H,0.743198115
G34H,
T35H,
V36H,
M37H,
R38H,0.203018521
S39H,
L40H,1.197702605
G41H,0.197309297
Q42H,1.029907067
N43H,1.092114166
P44H,0.891232755
T45H,
E46H,0.641057412
A47H,0.908475988
E48H,0.301281086
L49H,
Q50H,0.958459023
D51H,0.148057456
M52H,
I53H,
N54H,0.807505591
E55H,1.062127081
V56H,
D57H,0.7950077990000001
A58H,
D59H,1.222959647
G60H,
N61H,-0.106885018
G62H,1.118499177
T63H,
I64H,
D65H,0.361775294
F66H,0.435152382
P67H,0.882554547
E68H,
F69H,
L70H,
T71H,
M72H,
M73H,
A74H,0.652020707
R75H,
K76H,0.87492243
M77H,
K78H,0.297383456
D79H,0.829268023
T80H,
D81H,
S82H,
E83H,1.036522161
E84H,
E85H,0.471483679
I86H,
R87H,0.92806438
E88H,0.311175273
A89H,
F90H,
R91H,
V92H,
F93H,0.929906748
D94H,0.894603548
K95H,1.129447245
D96H,0.565033424
G97H,
N98H,0.9171888509999999
G99H,
Y100H,1.053382931
I101H,
S102H,0.88295459
A103H,
A104H,
E105H,
L106H,0.8744036279999999
R107H,0.991593182
H108H,1.0
V109H,
M110H,
T111H,
N112H,0.806513695
L113H,0.187705816
G114H,
E115H,1.01204116
K116H,1.23436288
L117H,0.08126261
T118H,
D119H,0.8563738190000001
E120H,1.081391547
E121H,
V122H,0.658626054
D123H,0.501616015
E124H,
M125H,
I126H,
R127H,
E128H,0.88630874
A129H,
D130H,0.740262119
I131H,1.099966055
D132H,
G133H,
D134H,
G135H,
Q136H,0.85961019
V137H,
N138H,0.932006007
Y139H,0.9900033009999999
E140H,
E141H,
F142H,
V143H,
Q144H,0.880913188
M145H,
M146H,
T147H,
A148H,
K149H,
M1K,
A2K,
D3K,1.031126132
Q4K,0.950653159
L5K,0.913133042
T6K,
E7K,0.792803203
E8K,0.73657239
Q9K,0.883157248
I10K,-0.08344847799999999
A11K,
E12K,0.9281866190000001
F13K,
K14K,1.0
E15K,0.7836033259999999
A16K,0.233043285
F17K,
S18K,
L19K,
F20K,
D21K,0.182162121
K22K,1.0
D23K,1.325729201
G24K,
D25K,
G26K,
T27K,0.53270345
I28K,0.7749840709999999
T29K,1.070045576
T30K,0.187089461
K31K,1.0
E32K,0.981114934
L33K,
G34K,0.371496507
T35K,
V36K,
M37K,0.9308823820000001
R38K,0.9584221959999999
S39K,0.473320793
L40K,1.042061605
G41K,
Q42K,0.58066047
N43K,0.910030751
P44K,
T45K,1.029261811
E46K,0.6289840720000001
A47K,0.831235356
E48K,0.739200732
L49K,
Q50K,1.050672608
D51K,
M52K,0.74730935
I53K,1.142736714
N54K,0.8283547809999999
E55K,0.9439768390000001
V56K,1.342465276
D57K,0.830346754
A58K,
D59K,
G60K,
N61K,0.777020396
G62K,
T63K,0.783883003
I64K,
D65K,0.693405644
F66K,
P67K,0.370219708
E68K,1.006430651
F69K,
L70K,1.074402524
T71K,1.028359914
M72K,0.6096017539999999
M73K,1.084492285
A74K,
R75K,0.992882059
K76K,1.0
M77K,0.6945020540000001
K78K,1.0
D79K,0.814670164
T80K,0.868010732
D81K,
S82K,0.6846508509999999
E83K,0.9252582109999999
E84K,0.869304367
E85K,0.479154495
I86K,
R87K,0.760219572
E88K,0.9587057659999999
A89K,
F90K,
R91K,
V92K,
F93K,
D94K,
K95K,1.0
D96K,
G97K,1.215224144
N98K,1.072838976
G99K,
Y100K,
I101K,
S102K,
A103K,0.926617881
A104K,0.237999376
E105K,0.618333475
L106K,0.343083872
R107K,
H108K,
V109K,
M110K,0.635908349
T111K,0.581885606
N112K,0.712212202
L113K,0.384999239
G114K,0.359594274
E115K,0.961644245
K116K,1.0
L117K,
T118K,0.900117532
D119K,0.862635994
E120K,0.80858158
E121K,0.79951764
V122K,0.8523517629999999
D123K,0.6125149120000001
E124K,1.000060874
M125K,
I126K,
R127K,0.899282722
E128K,0.8456044090000001
A129K,1.149574239
D130K,-0.139923166
I131K,0.5964088329999999
D132K,
G133K,0.8678344840000001
D134K,-0.237671426
G135K,0.6717466740000001
Q136K,
V137K,
N138K,0.978651375
Y139K,0.455281449
E140K,0.9307187990000001
E141K,0.685215355
F142K,
V143K,1.211384484
Q144K,0.736522838
M145K,0.824815167
M146K,0.553869939
T147K,
A148K,
K149K,1.0
M1D,
A2D,1.092254695
D3D,1.0
Q4D,
L5D,0.583454892
T6D,
E7D,1.084283964
E8D,0.955527975
Q9D,0.642383024
I10D,0.377003276
A11D,1.043532771
E12D,1.037669882
F13D,1.174801833
K14D,1.019491591
E15D,1.024003689
A16D,0.549348851
F17D,
S18D,
L19D,
F20D,0.56669001
D21D,1.0
K22D,0.377230125
D23D,1.0
G24D,1.007963713
D25D,1.0
G26D,0.944596587
T27D,0.637525848
I28D,
T29D,
T30D,
K31D,0.240392993
E32D,1.047601254
L33D,
G34D,0.08409382300000001
T35D,
V36D,0.886155965
M37D,
R38D,
S39D,
L40D,
G41D,1.029489079
Q42D,0.095887137
N43D,0.945224253
P44D,
T45D,-0.36448764
E46D,0.8665511920000001
A47D,0.8334725909999999
E48D,1.085314669
L49D,
Q50D,
D51D,1.0
M52D,
I53D,0.614441708
N54D,1.018075881
E55D,0.9549259459999999
V56D,
D57D,1.0
A58D,0.889496286
D59D,1.0
G60D,1.085794222
N61D,0.958264352
G62D,0.926664672
T63D,0.442127232
I64D,
D65D,1.0
F66D,0.048144131
P67D,
E68D,0.86766648
F69D,
L70D,0.193821091
T71D,-0.113005476
M72D,
M73D,
A74D,0.786374193
R75D,
K76D,0.7716997109999999
M77D,
K78D,0.724976263
D79D,1.0
T80D,0.707516107
D81D,1.0
S82D,-0.162362364
E83D,0.7216878240000001
E84D,1.052741669
E85D,0.709470805
I86D,
R87D,
E88D,0.967991608
A89D,-0.370555063
F90D,
R91D,
V92D,0.494790965
F93D,
D94D,1.0
K95D,0.081052638
D96D,1.0
G97D,0.99112054
N98D,0.930354145
G99D,1.03266413
Y100D,1.032568623
I101D,
S102D,0.7850192229999999
A103D,0.974714031
A104D,0.118320372
E105D,0.984630162
L106D,
R107D,
H108D,1.110498073
V109D,0.108202064
M110D,
T111D,
N112D,1.081308493
L113D,
G114D,0.314612453
E115D,0.919473216
K116D,-0.013825536
L117D,-0.059147953
T118D,1.034696831
D119D,1.0
E120D,0.878811727
E121D,1.00846542
V122D,0.6857879159999999
D123D,1.0
E124D,0.695878575
M125D,
I126D,
R127D,
E128D,1.099289733
A129D,-0.065212583
D130D,1.0
I131D,
D132D,1.0
G133D,0.648941629
D134D,1.0
G135D,
Q136D,0.401076467
V137D,0.402703316
N138D,1.00192295
Y139D,1.051483523
E140D,0.863566898
E141D,0.9344177509999999
F142D,
V143D,
Q144D,0.568557389
M145D,
M146D,
T147D,
A148D,0.509216157
K149D,
M1E,
A2E,1.171123539
D3E,0.995137116
Q4E,
L5E,0.7749443020000001
T6E,
E7E,1.0
E8E,1.0
Q9E,0.85220818
I10E,0.869456461
A11E,-0.107078626
E12E,1.0
F13E,
K14E,1.0052625
E15E,1.0
A16E,0.215944868
F17E,
S18E,
L19E,
F20E,
D21E,1.088637786
K22E,1.025918299
D23E,0.95519082
G24E,
D25E,0.7603710220000001
G26E,
T27E,0.604743049
I28E,
T29E,
T30E,0.671345603
K31E,1.089758013
E32E,1.0
L33E,-0.125217363
G34E,0.964021054
T35E,
V36E,0.9712639240000001
M37E,
R38E,1.144219728
S39E,0.223925
L40E,
G41E,1.278816595
Q42E,0.509031971
N43E,
P44E,
T45E,1.202987727
E46E,1.0
A47E,1.14647242
E48E,1.0
L49E,1.192023531
Q50E,0.9717624109999999
D51E,0.886263364
M52E,0.665730655
I53E,
N54E,0.445020971
E55E,1.0
V56E,0.753244554
D57E,1.052452512
A58E,1.123224546
D59E,1.032598811
G60E,
N61E,
G62E,1.12098354
T63E,0.35615373
I64E,
D65E,0.9914293670000001
F66E,-0.151755057
P67E,0.726088552
E68E,1.0
F69E,
L70E,-0.03090547
T71E,
M72E,0.254887852
M73E,0.8049952140000001
A74E,0.209155766
R75E,1.12073487
K76E,1.042861714
M77E,0.342552225
K78E,1.02091109
D79E,0.926952113
T80E,0.882626248
D81E,1.182460073
S82E,
E83E,1.0
E84E,1.0
E85E,1.0
I86E,
R87E,
E88E,1.0
A89E,0.103758961
F90E,
R91E,
V92E,
F93E,
D94E,
K95E,0.9420132179999999
D96E,0.877766583
G97E,1.028354494
N98E,
G99E,
Y100E,
I101E,
S102E,
A103E,
A104E,
E105E,1.0
L106E,
R107E,
H108E,
V109E,0.039362497
M110E,
T111E,1.132086095
N112E,
L113E,0.376724475
G114E,0.510176075
E115E,1.0
K116E,0.961087941
L117E,
T118E,0.971875818
D119E,1.131747921
E120E,1.0
E121E,1.0
V122E,0.439997097
D123E,0.845982001
E124E,1.0
M125E,0.376528576
I126E,
R127E,0.044758571
E128E,1.0
A129E,0.33077361
D130E,0.929297712
I131E,
D132E,0.827152384
G133E,0.986830742
D134E,1.057930367
G135E,0.9375288420000001
Q136E,1.005190434
V137E,
N138E,
Y139E,
E140E,1.0
E141E,1.0
F142E,
V143E,1.123703615
Q144E,1.194164887
M145E,
M146E,
T147E,
A148E,
K149E,0.96721705
M1S,
A2S,0.944553297
D3S,0.404668589
Q4S,
L5S,1.103692176
T6S,1.059080057
E7S,
E8S,0.741353332
Q9S,0.784515312
I10S,0.9621660470000001
A11S,0.867244916
E12S,
F13S,0.9333728000000001
K14S,0.57641217
E15S,1.09409419
A16S,0.90669121
F17S,0.7566715409999999
S18S,1.0
L19S,0.663739418
F20S,0.9327160240000001
D21S,0.9131198979999999
K22S,0.940385679
D23S,-0.2264668
G24S,0.945367815
D25S,
G26S,0.913115287
T27S,0.963773447
I28S,0.831656567
T29S,0.693731358
T30S,0.995990257
K31S,0.619297997
E32S,
L33S,0.861483096
G34S,1.253310969
T35S,0.9707943379999999
V36S,0.551666599
M37S,0.377568064
R38S,0.8069487959999999
S39S,1.0
L40S,0.885261627
G41S,0.9444524740000001
Q42S,
N43S,1.074389027
P44S,0.9671716659999999
T45S,0.925969887
E46S,0.337697856
A47S,1.006393883
E48S,0.5691044820000001
L49S,0.8979017570000001
Q50S,
D51S,0.916132391
M52S,0.686408529
I53S,0.634181277
N54S,0.89713646
E55S,1.07515705
V56S,
D57S,0.505424211
A58S,0.764369269
D59S,0.7810728709999999
G60S,1.068582571
N61S,1.032722579
G62S,0.998753077
T63S,0.663678042
I64S,0.901326214
D65S,1.072350141
F66S,0.9462261359999999
P67S,0.943648913
E68S,
F69S,0.716532851
L70S,1.046507783
T71S,0.626644302
M72S,
M73S,0.117944069
A74S,0.944881174
R75S,0.932215265
K76S,0.755608845
M77S,1.161723807
K78S,1.069518065
D79S,0.513569315
T80S,0.9315393359999999
D81S,-0.157671754
S82S,1.0
E83S,
E84S,
E85S,-0.157744474
I86S,0.7283064220000001
R87S,0.7412566420000001
E88S,
A89S,1.063484685
F90S,0.277618156
R91S,
V92S,
F93S,0.155336041
D94S,-0.09093372699999999
K95S,1.191236694
D96S,0.500862007
G97S,0.937666137
N98S,0.90223041
G99S,1.105520259
Y100S,0.7398107740000001
I101S,0.439057862
S102S,1.0
A103S,0.919941042
A104S,0.947809338
E105S,0.08296050599999999
L106S,0.408535185
R107S,0.349669554
H108S,0.9804710529999999
V109S,
M110S,0.281397463
T111S,0.787720236
N112S,1.035093992
L113S,0.8083046690000001
G114S,
E115S,0.57756075
K116S,0.721249158
L117S,0.996138574
T118S,0.960101173
D119S,1.089562427
E120S,1.14291237
E121S,-0.060960046
V122S,1.207087763
D123S,0.954209451
E124S,0.883296538
M125S,0.508513742
I126S,1.035313963
R127S,0.774424608
E128S,
A129S,1.00462907
D130S,0.8743701709999999
I131S,0.8115355590000001
D132S,1.169586933
G133S,0.209277654
D134S,0.359430501
G135S,1.128800736
Q136S,0.482803933
V137S,
N138S,1.06660028
Y139S,0.482729945
E140S,
E141S,
F142S,0.009061205
V143S,0.034871522
Q144S,1.084634685
M145S,0.565337294
M146S,
T147S,1.00019587
A148S,0.631867704
K149S,
M1T,
A2T,0.9949018540000001
D3T,0.303481182
Q4T,
L5T,1.108441645
T6T,1.0
E7T,
E8T,
Q9T,1.008555948
I10T,0.9439842159999999
A11T,1.039677877
E12T,0.525491918
F13T,
K14T,0.788098601
E15T,0.319721019
A16T,0.93279595
F17T,
S18T,0.915895426
L19T,
F20T,0.154101553
D21T,-0.189912049
K22T,0.8614704040000001
D23T,-0.074687792
G24T,
D25T,
G26T,
T27T,1.0
I28T,0.894949944
T29T,1.0
T30T,1.0
K31T,0.9383601429999999
E32T,
L33T,1.068740857
G34T,
T35T,1.0
V36T,1.17352781
M37T,0.9538453090000001
R38T,1.014255968
S39T,0.9434499759999999
L40T,0.35682848
G41T,
Q42T,
N43T,1.175799271
P44T,1.014629968
T45T,1.0
E46T,
A47T,1.01711807
E48T,-0.073329036
L49T,
Q50T,
D51T,0.591386137
M52T,1.024836284
I53T,1.039718848
N54T,0.4663015170000001
E55T,
V56T,0.313500095
D57T,0.856071523
A58T,1.035118352
D59T,
G60T,
N61T,0.3648151120000001
G62T,0.120018477
T63T,1.0
I64T,1.028209225
D65T,1.229559453
F66T,0.187049231
P67T,0.9897157590000001
E68T,0.919251501
F69T,0.001847433
L70T,0.053039953
T71T,1.0
M72T,1.055815371
M73T,1.062087496
A74T,0.964010851
R75T,0.304982135
K76T,0.8016197829999999
M77T,0.991588877
K78T,0.90618214
D79T,0.258658345
T80T,1.0
D81T,
S82T,0.492283337
E83T,0.08942078199999999
E84T,
E85T,0.971446626
I86T,1.021027641
R87T,0.412662698
E88T,
A89T,0.7135983029999999
F90T,
R91T,
V92T,
F93T,
D94T,
K95T,0.546671305
D96T,
G97T,
N98T,0.653823385
G99T,0.500862007
Y100T,0.161698384
I101T,0.828203977
S102T,0.677415387
A103T,1.021623006
A104T,0.8745834720000001
E105T,
L106T,0.419268046
R107T,
H108T,
V109T,0.9179728909999999
M110T,0.925899114
T111T,1.0
N112T,0.985044694
L113T,
G114T,0.472068019
E115T,0.407862716
K116T,1.066889381
L117T,
T118T,1.0
D119T,1.216918647
E120T,
E121T,
V122T,1.214964925
D123T,
E124T,1.190203074
M125T,0.864923013
I126T,0.950844425
R127T,0.716658383
E128T,
A129T,0.759401772
D130T,
I131T,1.045575517
D132T,
G133T,
D134T,
G135T,
Q136T,0.8027772870000001
V137T,
N138T,0.762582132
Y139T,
E140T,0.60118119
E141T,
F142T,
V143T,-0.09103132
Q144T,0.664846128
M145T,0.9800203140000001
M146T,0.954660983
T147T,1.0
A148T,1.060426642
K149T,0.741515609
M1N,
A2N,1.190106444
D3N,0.889189242
Q4N,
L5N,0.306675509
T6N,
E7N,
E8N,
Q9N,-0.035585181
I10N,1.054729027
A11N,1.057248297
E12N,0.861032336
F13N,
K14N,0.8528734640000001
E15N,0.217337422
A16N,-0.041254578
F17N,
S18N,
L19N,
F20N,0.41165114
D21N,0.893326822
K22N,1.067976572
D23N,1.059490453
G24N,0.499530825
D25N,1.026533296
G26N,0.266606693
T27N,1.0351449
I28N,0.945054389
T29N,
T30N,0.40332855
K31N,0.950638425
E32N,
L33N,
G34N,
T35N,0.616061634
V36N,-0.223127039
M37N,1.214827721
R38N,-0.098627319
S39N,0.66433883
L40N,1.263450326
G41N,0.248435819
Q42N,
N43N,1.0
P44N,
T45N,0.78917923
E46N,-0.011206504
A47N,0.580242897
E48N,0.742835267
L49N,
Q50N,0.629914171
D51N,0.761898272
M52N,1.162344628
I53N,
N54N,1.0
E55N,0.808371438
V56N,
D57N,1.025315817
A58N,
D59N,0.9727616020000001
G60N,1.083760764
N61N,1.0
G62N,0.228344173
T63N,0.571087094
I64N,0.913455158
D65N,1.141207059
F66N,0.352028129
P67N,
E68N,0.95042315
F69N,
L70N,1.24216807
T71N,0.848504515
M72N,1.049585753
M73N,1.157601434
A74N,1.023474167
R75N,-0.018289911
K76N,0.710475216
M77N,
K78N,0.651025885
D79N,0.9113960809999999
T80N,0.346535139
D81N,0.8952570040000001
S82N,1.086571439
E83N,-0.09158650800000001
E84N,0.9730746640000001
E85N,0.9099940000000001
I86N,0.842089223
R87N,0.814107915
E88N,
A89N,
F90N,
R91N,
V92N,
F93N,
D94N,0.9699093440000001
K95N,0.540308328
D96N,1.027308872
G97N,0.90058561
N98N,1.0
G99N,0.762057648
Y100N,1.02258549
I101N,
S102N,1.060047522
A103N,1.123419882
A104N,
E105N,
L106N,
R107N,
H108N,1.026822612
V109N,
M110N,
T111N,
N112N,1.0
L113N,0.320917541
G114N,
E115N,0.711771278
K116N,0.984437902
L117N,0.119771297
T118N,0.757725506
D119N,0.980850549
E120N,0.9424007809999999
E121N,0.106699955
V122N,
D123N,1.008402828
E124N,1.02737923
M125N,
I126N,0.808430845
R127N,0.976672977
E128N,
A129N,
D130N,0.928464271
I131N,1.104869859
D132N,0.881806577
G133N,0.902356844
D134N,1.036991862
G135N,
Q136N,
V137N,
N138N,1.0
Y139N,1.042397119
E140N,0.71709447
E141N,
F142N,
V143N,
Q144N,0.103226987
M145N,
M146N,
T147N,1.132155137
A148N,
K149N,0.97037115
M1Q,
A2Q,
D3Q,1.287226489
Q4Q,1.0
L5Q,0.852363221
T6Q,
E7Q,0.973892862
E8Q,
Q9Q,1.0
I10Q,
A11Q,
E12Q,1.015716776
F13Q,0.160700839
K14Q,0.793152275
E15Q,0.867189958
A16Q,0.718681679
F17Q,
S18Q,
L19Q,1.029303776
F20Q,0.924347571
D21Q,0.7915675640000001
K22Q,0.999366302
D23Q,
G24Q,
D25Q,
G26Q,
T27Q,
I28Q,-0.121466867
T29Q,
T30Q,
K31Q,0.992158157
E32Q,
L33Q,-0.280081741
G34Q,
T35Q,
V36Q,
M37Q,
R38Q,0.681872371
S39Q,
L40Q,1.142740104
G41Q,0.06165518
Q42Q,1.0
N43Q,
P44Q,0.9486059459999999
T45Q,
E46Q,1.029726379
A47Q,0.560890264
E48Q,0.460905238
L49Q,0.261428341
Q50Q,1.0
D51Q,
M52Q,
I53Q,
N54Q,0.612946805
E55Q,0.9178463170000001
V56Q,
D57Q,0.8064347140000001
A58Q,
D59Q,
G60Q,
N61Q,
G62Q,1.259632704
T63Q,0.501409039
I64Q,
D65Q,0.907276043
F66Q,0.563017522
P67Q,0.931931553
E68Q,0.470260371
F69Q,
L70Q,0.172319239
T71Q,
M72Q,1.186641899
M73Q,
A74Q,0.523171744
R75Q,
K76Q,0.08285831
M77Q,1.301060882
K78Q,1.044392899
D79Q,0.727523597
T80Q,
D81Q,
S82Q,
E83Q,0.389426516
E84Q,0.842114378
E85Q,0.5411303439999999
I86Q,
R87Q,0.8180056040000001
E88Q,0.965892311
A89Q,
F90Q,
R91Q,0.888723644
V92Q,
F93Q,
D94Q,
K95Q,1.040913188
D96Q,
G97Q,
N98Q,
G99Q,0.08947676199999999
Y100Q,1.302307478
I101Q,
S102Q,
A103Q,
A104Q,
E105Q,
L106Q,0.397837657
R107Q,0.533285549
H108Q,0.98602776
V109Q,
M110Q,
T111Q,
N112Q,
L113Q,0.209102808
G114Q,0.210910786
E115Q,0.699919485
K116Q,1.122567106
L117Q,0.703068406
T118Q,
D119Q,
E120Q,
E121Q,0.7012740540000001
V122Q,-0.107235522
D123Q,
E124Q,
M125Q,0.5094321239999999
I126Q,0.191053278
R127Q,
E128Q,
A129Q,
D130Q,0.544331104
I131Q,0.6889605759999999
D132Q,
G133Q,
D134Q,0.879792483
G135Q,0.337668024
Q136Q,1.0
V137Q,
N138Q,
Y139Q,0.160583994
E140Q,1.0265121
E141Q,
F142Q,
V143Q,
Q144Q,1.0
M145Q,1.069754039
M146Q,
T147Q,
A148Q,
K149Q,0.560078938
M1G,
A2G,1.023013845
D3G,0.950850759
Q4G,
L5G,0.665042402
T6G,
E7G,1.036120271
E8G,1.004409354
Q9G,0.843776588
I10G,0.400641176
A11G,0.880748339
E12G,0.948332307
F13G,1.218251573
K14G,
E15G,0.972574121
A16G,0.955987079
F17G,
S18G,
L19G,
F20G,
D21G,0.983164412
K22G,0.290125484
D23G,1.028528113
G24G,1.0
D25G,0.984295203
G26G,1.0
T27G,0.979304015
I28G,0.107262537
T29G,-0.047177474
T30G,0.669756505
K31G,0.903705767
E32G,1.019885083
L33G,-0.191523199
G34G,1.0
T35G,
V36G,0.836993545
M37G,
R38G,0.999945786
S39G,0.5599064420000001
L40G,
G41G,1.0
Q42G,0.71354221
N43G,0.638338296
P44G,
T45G,0.419763596
E46G,1.006827114
A47G,0.921837583
E48G,1.062169529
L49G,1.039820689
Q50G,0.489898712
D51G,0.965232687
M52G,1.129453067
I53G,0.270877159
N54G,0.298581032
E55G,1.016681704
V56G,1.038366399
D57G,1.00259884
A58G,0.7314083859999999
D59G,0.991833857
G60G,1.0
N61G,
G62G,1.0
T63G,0.963096556
I64G,
D65G,1.026450321
F66G,0.052033344
P67G,
E68G,0.9938897729999999
F69G,-0.135881101
L70G,0.87361237
T71G,0.7815880759999999
M72G,0.014021884
M73G,
A74G,1.076010102
R75G,1.053939151
K76G,0.0965251
M77G,0.898185401
K78G,0.9681667159999999
D79G,0.9884888629999999
T80G,0.9314215459999999
D81G,1.009551347
S82G,1.069218389
E83G,1.003992243
E84G,1.02173658
E85G,0.941702681
I86G,1.116544431
R87G,0.609668422
E88G,0.9489403240000001
A89G,
F90G,
R91G,0.2244671
V92G,0.859380879
F93G,
D94G,0.908191264
K95G,0.493137894
D96G,1.001754989
G97G,1.0
N98G,0.978179956
G99G,1.0
Y100G,
I101G,
S102G,0.9550221640000001
A103G,0.9125919779999999
A104G,1.000625804
E105G,0.988221619
L106G,
R107G,1.066029294
H108G,
V109G,0.577297418
M110G,0.543976218
T111G,0.5768402189999999
N112G,1.224463692
L113G,-0.181550765
G114G,1.0
E115G,0.909908023
K116G,1.174117193
L117G,0.7316407859999999
T118G,-0.009354021
D119G,0.9885576359999999
E120G,1.017111108
E121G,0.916667456
V122G,1.00848854
D123G,1.022229896
E124G,0.976444697
M125G,0.720444383
I126G,-0.472868743
R127G,0.96014753
E128G,0.962227411
A129G,0.951598717
D130G,0.89776678
I131G,0.651719143
D132G,1.033358484
G133G,1.0
D134G,0.9698478429999999
G135G,1.0
Q136G,
V137G,0.454504186
N138G,0.7572689290000001
Y139G,-0.152680712
E140G,0.9818333990000001
E141G,0.9920567159999999
F142G,
V143G,0.75611066
Q144G,0.854852899
M145G,
M146G,
T147G,
A148G,0.761843267
K149G,
M1C,
A2C,
D3C,
Q4C,
L5C,
T6C,
E7C,
E8C,
Q9C,1.019029325
I10C,
A11C,0.833241199
E12C,
F13C,0.9733218570000001
K14C,
E15C,0.469727162
A16C,0.302310795
F17C,0.021736555
S18C,0.7377529759999999
L19C,
F20C,1.036472217
D21C,1.19578942
K22C,1.017026211
D23C,
G24C,0.918051828
D25C,
G26C,0.9233415759999999
T27C,0.166341201
I28C,
T29C,
T30C,-0.08668932900000001
K31C,-0.234607178
E32C,
L33C,
G34C,1.026356308
T35C,0.9073508779999999
V36C,0.621674328
M37C,
R38C,0.7934764120000001
S39C,0.852815895
L40C,
G41C,0.834043871
Q42C,
N43C,
P44C,
T45C,
E46C,0.088851855
A47C,0.5633946470000001
E48C,0.701340858
L49C,0.026511584
Q50C,
D51C,
M52C,
I53C,1.100598027
N54C,0.366672483
E55C,0.387879205
V56C,
D57C,0.615154364
A58C,
D59C,1.228309192
G60C,1.014199164
N61C,
G62C,0.977908179
T63C,0.3740590070000001
I64C,
D65C,1.197556094
F66C,1.067711435
P67C,
E68C,0.9018343879999999
F69C,0.280220929
L70C,0.419474485
T71C,
M72C,
M73C,
A74C,
R75C,0.001809535
K76C,1.204761076
M77C,
K78C,1.055942472
D79C,1.146968522
T80C,0.536502393
D81C,0.923250375
S82C,1.173533843
E83C,
E84C,
E85C,0.77331086
I86C,
R87C,0.990739687
E88C,
A89C,0.5156986570000001
F90C,0.570817942
R91C,0.222975965
V92C,
F93C,0.431735679
D94C,0.914883338
K95C,
D96C,
G97C,0.8879561220000001
N98C,
G99C,0.986815346
Y100C,0.921936792
I101C,1.162165947
S102C,1.11658556
A103C,-0.483185729
A104C,
E105C,
L106C,
R107C,0.949971592
H108C,0.355776573
V109C,
M110C,
T111C,0.749443003
N112C,
L113C,0.990690257
G114C,0.360135341
E115C,
K116C,
L117C,0.547994498
T118C,
D119C,1.215088479
E120C,0.984846436
E121C,-0.193775282
V122C,
D123C,0.388480333
E124C,
M125C,
I126C,0.49900376
R127C,0.106440083
E128C,
A129C,
D130C,0.838117132
I131C,0.7449421140000001
D132C,
G133C,0.075254444
D134C,0.84882136
G135C,1.02297611
Q136C,
V137C,1.146535284
N138C,1.18604714
Y139C,0.870969255
E140C,
E141C,
F142C,0.276019654
V143C,
Q144C,0.610911419
M145C,
M146C,
T147C,
A148C,
K149C,
M1P,
A2P,0.7860765259999999
D3P,0.8363245009999999
Q4P,1.121960053
L5P,0.961435673
T6P,1.036409213
E7P,
E8P,
Q9P,0.552878914
I10P,1.169775313
A11P,0.250202991
E12P,
F13P,
K14P,
E15P,0.242937044
A16P,0.34556641
F17P,
S18P,0.954047786
L19P,0.933058345
F20P,0.426674551
D21P,1.298069953
K22P,-0.017393602
D23P,
G24P,
D25P,
G26P,
T27P,0.884710655
I28P,-0.231705255
T29P,0.983693238
T30P,0.852017985
K31P,0.081094243
E32P,
L33P,0.87813119
G34P,
T35P,0.876142913
V36P,0.104430278
M37P,
R38P,0.651048135
S39P,1.014963821
L40P,0.7663886790000001
G41P,
Q42P,0.788088275
N43P,
P44P,1.0
T45P,0.610981259
E46P,1.361692691
A47P,0.6987526270000001
E48P,
L49P,0.044107256
Q50P,0.4254150920000001
D51P,
M52P,0.974388815
I53P,
N54P,0.80966882
E55P,1.200342306
V56P,
D57P,0.012597271
A58P,1.215608584
D59P,
G60P,
N61P,
G62P,
T63P,1.020673228
I64P,1.228237474
D65P,1.112905429
F66P,0.169377244
P67P,1.0
E68P,
F69P,
L70P,-0.219886026
T71P,1.05668332
M72P,
M73P,0.6740924559999999
A74P,0.822175126
R75P,0.8688270779999999
K76P,1.161921884
M77P,0.79377146
K78P,
D79P,0.845793537
T80P,1.003329761
D81P,
S82P,
E83P,
E84P,
E85P,
I86P,
R87P,0.8542055190000001
E88P,
A89P,
F90P,
R91P,0.533877858
V92P,
F93P,
D94P,
K95P,
D96P,
G97P,-0.266841134
N98P,
G99P,-0.080701625
Y100P,-0.004469713
I101P,0.012952776
S102P,0.7566763000000001
A103P,0.770198072
A104P,1.049840603
E105P,
L106P,0.067278795
R107P,0.251355975
H108P,0.85843529
V109P,
M110P,
T111P,0.7526060459999999
N112P,
L113P,0.472880105
G114P,
E115P,1.119729188
K116P,1.11223271
L117P,0.818695113
T118P,0.7413688629999999
D119P,0.220751643
E120P,
E121P,
V122P,-0.221762401
D123P,0.8815424340000001
E124P,
M125P,0.199051607
I126P,
R127P,0.119771297
E128P,
A129P,1.049867084
D130P,
I131P,-0.111796203
D132P,
G133P,-0.099408878
D134P,
G135P,
Q136P,0.770992343
V137P,
N138P,1.274694336
Y139P,0.609327796
E140P,
E141P,
F142P,
V143P,
Q144P,0.909448859
M145P,
M146P,
T147P,1.006368286
A148P,0.731612675
K149P,
