mutant,fitness_rich
M1N,0.4075
M1T,0.08725
M1R,0.076333333
M1S,0.052833333
M1I,0.118
M1M,1.0
M1Q,0.1395
M1H,0.1475
M1P,-0.03775
M1L,0.08033333299999999
M1E,0.1155
M1D,0.034
M1A,0.07875
M1G,-0.00175
M1V,0.21475
M1Y,0.2365
M1C,0.022
M1W,0.024
M1F,0.059
A2K,1.0695
A2N,1.0545
A2T,1.01075
A2R,0.981166667
A2S,1.009166667
A2I,1.057333333
A2M,1.035
A2Q,1.0185
A2H,1.0095
A2P,0.9670000000000001
A2L,1.022666667
A2E,1.013
A2D,1.0375
A2A,1.01725
A2G,0.7170000000000001
A2V,1.03275
A2Y,1.08
A2C,0.8935
A2W,0.833
A2F,1.0605
K3K,0.5415
K3N,0.7785
K3T,0.7859999999999999
K3R,0.7455
K3S,0.480833333
K3I,0.9853333329999999
K3M,0.203
K3Q,0.981
K3H,0.721
K3P,0.91575
K3L,0.746
K3E,0.9179999999999999
K3D,0.7115
K3A,0.6885
K3G,0.42875
K3V,0.8045
K3Y,0.705
K3C,0.8355
K3W,0.064
K3F,0.905
E4K,0.9915
E4N,1.0115
E4T,0.997
E4R,0.810333333
E4S,0.950833333
E4I,1.015666667
E4M,1.008
E4Q,0.9940000000000001
E4H,0.9890000000000001
E4P,0.893
E4L,0.9845
E4E,0.9815
E4D,0.992
E4A,0.853
E4G,0.67675
E4V,0.99775
E4Y,1.017
E4C,0.9940000000000001
E4W,0.6659999999999999
E4F,1.0455
D5K,1.0255
D5N,1.0465
D5T,1.024
D5R,0.8490000000000001
D5S,1.023666667
D5I,1.049
D5M,1.038
D5Q,1.0295
D5H,1.0125
D5P,0.99025
D5L,1.0235
D5E,1.029
D5D,1.0135
D5A,0.99075
D5G,0.8995
D5V,1.0095
D5Y,1.0605
D5C,1.0095
D5W,0.873
D5F,1.0485
N6K,1.007
N6N,0.9945
N6T,1.003
N6R,0.853166667
N6S,0.98
N6I,1.011333333
N6M,0.976
N6Q,1.0045
N6H,1.007
N6P,0.98125
N6L,1.004333333
N6E,0.9795
N6D,1.0075
N6A,0.7175
N6G,0.4595
N6V,0.9965
N6Y,1.005
N6C,1.0025
N6W,0.846
N6F,1.012
I7K,0.9795
I7N,0.9715
I7T,0.882
I7R,0.852666667
I7S,0.9325
I7I,0.985666667
I7M,0.9329999999999999
I7Q,0.948
I7H,0.9835
I7P,0.79275
I7L,0.9545
I7E,0.93
I7D,0.9705
I7A,0.82275
I7G,0.69125
I7V,0.8415
I7Y,0.9845
I7C,0.987
I7W,0.9640000000000001
I7F,1.0245
E8K,0.9385
E8N,0.9755
E8T,0.90825
E8R,0.7945
E8S,0.8796666670000001
E8I,0.908666667
E8M,0.903
E8Q,0.9129999999999999
E8H,0.9105
E8P,0.83225
E8L,0.8875
E8E,0.9315
E8D,0.8959999999999999
E8A,0.77325
E8G,0.7705
E8V,0.815
E8Y,0.9315
E8C,0.8985
E8W,0.7809999999999999
E8F,0.8785
M9K,0.89
M9N,0.7675
M9T,0.72225
M9R,0.7785
M9S,0.7195
M9I,0.7709999999999999
M9M,1.0
M9Q,0.7759999999999999
M9H,0.795
M9P,0.5405
M9L,0.7255
M9E,0.6205
M9D,0.5920000000000001
M9A,0.71225
M9G,0.63175
M9V,0.649
M9Y,0.7245
M9C,0.6145
M9W,0.6659999999999999
M9F,0.604
Q10K,0.9455
Q10N,0.943
Q10T,0.92725
Q10R,0.921666667
Q10S,0.902666667
Q10I,0.9590000000000001
Q10M,0.934
Q10Q,0.9785
Q10H,0.9025
Q10P,0.9205
Q10L,0.9520000000000001
Q10E,0.9765
Q10D,0.956
Q10A,0.71325
Q10G,0.95775
Q10V,0.95625
Q10Y,0.9595
Q10C,0.9315
Q10W,0.9159999999999999
Q10F,0.9015
G11K,-0.094
G11N,0.0085
G11T,0.47575
G11R,0.068166667
G11S,0.906166667
G11I,-0.118333333
G11M,0.5479999999999999
G11Q,-0.0415
G11H,0.042
G11P,0.024
G11L,0.172333333
G11E,-0.0685
G11D,-0.2435
G11A,0.9640000000000001
G11G,0.9875
G11V,0.647
G11Y,0.077
G11C,0.903
G11W,0.032
G11F,0.257
T12K,0.9825
T12N,0.9835
T12T,0.98175
T12R,0.977833333
T12S,0.987666667
T12I,0.826666667
T12M,1.012
T12Q,0.9725
T12H,0.97
T12P,0.68375
T12L,0.925333333
T12E,0.9865
T12D,0.9625
T12A,0.9815
T12G,0.96225
T12V,0.95625
T12Y,0.9795
T12C,0.7385
T12W,0.997
T12F,0.982
V13K,-0.0975
V13N,0.8555
V13T,0.95475
V13R,-0.048666667
V13S,0.789333333
V13I,0.971666667
V13M,0.792
V13Q,-0.0205
V13H,-0.016
V13P,0.3115
V13L,0.938666667
V13E,-0.105
V13D,-0.002
V13A,0.97
V13G,0.047
V13V,0.9795
V13Y,-0.1105
V13C,0.9695
V13W,-0.038
V13F,0.0445
L14K,0.9590000000000001
L14N,0.9690000000000001
L14T,0.96
L14R,0.957333333
L14S,0.9601666670000001
L14I,0.973333333
L14M,0.9640000000000001
L14Q,0.968
L14H,0.977
L14P,0.045
L14L,0.987666667
L14E,0.965
L14D,0.9495
L14A,0.95125
L14G,0.9595
L14V,0.9555
L14Y,0.9485
L14C,0.9565
L14W,0.973
L14F,0.948
E15K,0.7635
E15N,0.9625
E15T,0.94675
E15R,0.773833333
E15S,0.962666667
E15I,0.948666667
E15M,0.972
E15Q,0.94
E15H,0.9590000000000001
E15P,0.30625
E15L,0.8715
E15E,0.981
E15D,0.9665
E15A,0.9415
E15G,0.97175
E15V,0.93775
E15Y,0.982
E15C,0.9605
E15W,0.919
E15F,0.9755
T16K,1.045
T16N,1.0095
T16T,0.9890000000000001
T16R,0.9976666670000001
T16S,0.968333333
T16I,1.001
T16M,1.025
T16Q,0.9840000000000001
T16H,0.9705
T16P,0.96725
T16L,0.9935
T16E,0.9285
T16D,0.98
T16A,0.9890000000000001
T16G,0.982
T16V,0.98725
T16Y,0.9640000000000001
T16C,0.9885
T16W,0.8059999999999999
T16F,0.9375
L17K,1.034
L17N,1.006
L17T,0.97525
L17R,0.962166667
L17S,0.989833333
L17I,1.007666667
L17M,0.988
L17Q,0.9395
L17H,0.9835
L17P,0.3895
L17L,0.9705
L17E,0.9775
L17D,0.9785
L17A,0.96775
L17G,0.9670000000000001
L17V,1.00475
L17Y,0.9655
L17C,0.9735
L17W,0.955
L17F,0.9705
P18K,0.973
P18N,0.9555
P18T,0.97225
P18R,0.9165
P18S,0.9590000000000001
P18I,0.997
P18M,0.981
P18Q,0.972
P18H,0.9890000000000001
P18P,0.9775
P18L,0.981
P18E,0.528
P18D,0.4855
P18A,0.9285
P18G,0.8985
P18V,0.98425
P18Y,1.004
P18C,0.948
P18W,0.603
P18F,0.9840000000000001
N19K,1.0135
N19N,1.0165
N19T,1.00275
N19R,1.010666667
N19S,0.9956666670000001
N19I,1.002
N19M,1.0
N19Q,0.992
N19H,1.0235
N19P,0.70075
N19L,0.9925
N19E,0.998
N19D,0.99
N19A,0.998
N19G,1.006
N19V,1.007
N19Y,1.0035
N19C,1.001
N19W,1.002
N19F,1.0025
T20K,0.945
T20N,0.9255
T20T,0.991
T20R,0.976166667
T20S,0.9805
T20I,0.974666667
T20M,0.968
T20Q,0.971
T20H,0.9695
T20P,0.94975
T20L,0.964333333
T20E,0.9109999999999999
T20D,0.8809999999999999
T20A,0.972
T20G,0.97175
T20V,1.001
T20Y,0.965
T20C,0.9790000000000001
T20W,0.9129999999999999
T20F,0.971
M21K,1.0085
M21N,1.013
M21T,0.995
M21R,0.9923333329999999
M21S,0.995833333
M21I,0.986666667
M21M,1.0
M21Q,0.993
M21H,0.9985
M21P,0.11125
M21L,1.002333333
M21E,0.9695
M21D,0.9490000000000001
M21A,0.98625
M21G,0.98975
M21V,0.9205
M21Y,0.991
M21C,0.995
M21W,0.995
M21F,0.9775
F22K,0.8385
F22N,0.995
F22T,0.98675
F22R,0.875
F22S,1.009166667
F22I,0.853666667
F22M,0.982
F22Q,0.9945
F22H,0.8895
F22P,0.14825
F22L,0.8813333329999999
F22E,0.4255
F22D,0.239
F22A,1.0155
F22G,1.01625
F22V,0.9475
F22Y,0.9840000000000001
F22C,0.9975
F22W,0.956
F22F,1.001
R23K,0.9890000000000001
R23N,0.903
R23T,0.981
R23R,0.9926666670000001
R23S,0.984833333
R23I,1.007666667
R23M,0.9890000000000001
R23Q,0.9965
R23H,0.9865
R23P,0.96825
R23L,1.004833333
R23E,0.971
R23D,0.966
R23A,0.9835
R23G,0.986
R23V,0.9905
R23Y,0.996
R23C,0.9955
R23W,0.978
R23F,0.9785
V24K,-0.0315
V24N,0.0065
V24T,1.0045
V24R,0.018833333
V24S,0.609666667
V24I,0.9906666670000001
V24M,0.917
V24Q,-0.0555
V24H,0.079
V24P,0.06975
V24L,0.9953333329999999
V24E,0.092
V24D,0.0325
V24A,0.9990000000000001
V24G,-0.04975
V24V,0.99675
V24Y,-0.2425
V24C,1.004
V24W,-0.075
V24F,0.1165
E25K,1.0115
E25N,0.982
E25T,0.9940000000000001
E25R,1.001666667
E25S,0.995
E25I,1.003333333
E25M,1.009
E25Q,0.9940000000000001
E25H,0.996
E25P,0.60225
E25L,0.986666667
E25E,0.993
E25D,0.9825
E25A,0.9885
E25G,0.98925
E25V,0.9935
E25Y,1.0035
E25C,0.996
E25W,0.98
E25F,0.9945
L26K,0.56
L26N,0.6915
L26T,0.6545
L26R,0.582833333
L26S,0.657833333
L26I,0.6990000000000001
L26M,0.826
L26Q,0.615
L26H,0.6685
L26P,0.5985
L26L,0.864833333
L26E,0.616
L26D,0.68
L26A,0.70975
L26G,0.69625
L26V,0.73875
L26Y,0.65
L26C,0.7505
L26W,0.429
L26F,0.8405
E27K,0.8315
E27N,0.8335
E27T,0.8405
E27R,0.819666667
E27S,0.840833333
E27I,0.835333333
E27M,0.852
E27Q,0.826
E27H,0.799
E27P,0.7235
E27L,0.8440000000000001
E27E,0.909
E27D,0.8535
E27A,0.8490000000000001
E27G,0.81225
E27V,0.86375
E27Y,0.8295
E27C,0.7929999999999999
E27W,0.7759999999999999
E27F,0.8125
N28K,0.9035
N28N,0.976
N28T,0.78575
N28R,0.888
N28S,0.846
N28I,0.891333333
N28M,0.8490000000000001
N28Q,0.8445
N28H,0.8525
N28P,0.8205
N28L,0.842166667
N28E,0.7545
N28D,0.8435
N28A,0.8705
N28G,0.83275
N28V,0.848
N28Y,0.726
N28C,0.8859999999999999
N28W,0.736
N28F,0.7225
G29K,1.011
G29N,0.9985
G29T,1.00575
G29R,1.006666667
G29S,0.9985
G29I,0.970333333
G29M,1.002
G29Q,1.0005
G29H,1.0085
G29P,0.706
G29L,0.9985
G29E,1.001
G29D,0.9940000000000001
G29A,0.9905
G29G,1.0005
G29V,0.981
G29Y,0.977
G29C,1.0005
G29W,1.001
G29F,1.001
H30K,0.9925
H30N,0.9855
H30T,0.9845
H30R,0.993166667
H30S,0.9833333329999999
H30I,0.9903333329999999
H30M,1.001
H30Q,0.987
H30H,1.004
H30P,0.96875
H30L,0.984833333
H30E,0.9465
H30D,0.938
H30A,0.99475
H30G,0.9825
H30V,1.00475
H30Y,0.9865
H30C,1.001
H30W,0.997
H30F,1.002
V31K,1.0015
V31N,1.015
V31T,1.00825
V31R,1.011166667
V31S,1.009166667
V31I,1.004333333
V31M,0.998
V31Q,1.0025
V31H,1.0085
V31P,0.992
V31L,0.9973333329999999
V31E,0.9975
V31D,1.005
V31A,1.01325
V31G,1.004
V31V,1.006
V31Y,1.007
V31C,1.02
V31W,1.012
V31F,1.007
V32K,0.8735
V32N,0.991
V32T,0.997
V32R,0.898666667
V32S,0.9545
V32I,1.003333333
V32M,0.988
V32Q,0.9965
V32H,0.9465
V32P,0.772
V32L,1.013666667
V32E,0.253
V32D,0.059
V32A,0.922
V32G,0.9129999999999999
V32V,1.001
V32Y,0.94
V32C,0.97
V32W,0.386
V32F,0.9655
T33K,1.006
T33N,1.0095
T33T,0.9965
T33R,1.002
T33S,0.988
T33I,1.016
T33M,0.998
T33Q,1.0045
T33H,1.012
T33P,0.8025
T33L,0.999166667
T33E,0.9715
T33D,0.9815
T33A,0.98675
T33G,0.98225
T33V,1.00875
T33Y,0.9805
T33C,1.007
T33W,0.991
T33F,0.9995
A34K,-0.0685
A34N,0.8029999999999999
A34T,0.98775
A34R,0.0035
A34S,1.006833333
A34I,0.7090000000000001
A34M,0.8220000000000001
A34Q,0.3235
A34H,0.296
A34P,0.9735
A34L,0.760166667
A34E,0.038
A34D,-0.0955
A34A,1.0045
A34G,1.01275
A34V,0.93875
A34Y,0.2055
A34C,1.001
A34W,-0.155
A34F,0.3525
H35K,0.985
H35N,0.987
H35T,0.9995
H35R,1.0085
H35S,0.9765
H35I,0.9873333329999999
H35M,0.99
H35Q,0.9895
H35H,1.0025
H35P,0.97875
H35L,0.9996666670000001
H35E,0.609
H35D,0.6609999999999999
H35A,0.9735
H35G,0.9875
H35V,0.98975
H35Y,1.007
H35C,0.99
H35W,0.978
H35F,1.0305
I36K,0.9745
I36N,0.961
I36T,0.99225
I36R,0.9555
I36S,0.986
I36I,1.003
I36M,0.981
I36Q,0.904
I36H,0.6745
I36P,0.97575
I36L,1.003333333
I36E,0.9335
I36D,0.2915
I36A,0.9495
I36G,0.9245
I36V,1.0025
I36Y,0.454
I36C,0.9985
I36W,0.319
I36F,0.5329999999999999
S37K,0.9425
S37N,0.987
S37T,0.929
S37R,0.9795
S37S,0.963333333
S37I,0.801333333
S37M,0.8420000000000001
S37Q,0.7935
S37H,0.8365
S37P,0.30975
S37L,0.54
S37E,0.235
S37D,0.6579999999999999
S37A,0.93775
S37G,0.91675
S37V,0.76775
S37Y,0.528
S37C,0.983
S37W,0.609
S37F,0.1745
G38K,0.348
G38N,0.6505
G38T,0.503
G38R,0.3661666670000001
G38S,0.427333333
G38I,0.359
G38M,0.625
G38Q,0.6075
G38H,0.779
G38P,0.30725
G38L,0.322833333
G38E,0.507
G38D,0.2025
G38A,0.83775
G38G,1.00675
G38V,0.601
G38Y,0.8815
G38C,0.5055
G38W,0.8079999999999999
G38F,0.8025
K39K,0.9845
K39N,0.8345
K39T,0.87075
K39R,0.961333333
K39S,0.871833333
K39I,0.850666667
K39M,0.792
K39Q,0.8390000000000001
K39H,0.863
K39P,0.866
K39L,0.8745
K39E,0.742
K39D,0.6695
K39A,0.867
K39G,0.79425
K39V,0.895
K39Y,0.3025
K39C,0.833
K39W,0.5660000000000001
K39F,0.5785
M40K,0.206
M40N,0.414
M40T,0.79575
M40R,0.240833333
M40S,0.6023333329999999
M40I,0.95
M40M,1.0
M40Q,0.488
M40H,0.313
M40P,0.302
M40L,0.899666667
M40E,0.17
M40D,0.07200000000000001
M40A,0.7979999999999999
M40G,0.34225
M40V,0.93025
M40Y,0.174
M40C,0.9215
M40W,0.146
M40F,0.358
R41K,0.9295
R41N,0.856
R41T,0.8595
R41R,0.969333333
R41S,0.854166667
R41I,0.916333333
R41M,0.879
R41Q,0.88
R41H,0.9355
R41P,0.2745
R41L,0.926333333
R41E,0.765
R41D,0.4945
R41A,0.84275
R41G,0.6675
R41V,0.907
R41Y,0.9
R41C,0.8465
R41W,0.8640000000000001
R41F,0.914
K42K,0.9940000000000001
K42N,0.893
K42T,0.8965
K42R,0.973333333
K42S,0.910666667
K42I,0.8843333329999999
K42M,0.927
K42Q,0.922
K42H,0.917
K42P,0.33025
K42L,0.8926666670000001
K42E,0.888
K42D,0.843
K42A,0.91525
K42G,0.9159999999999999
K42V,0.88
K42Y,0.905
K42C,0.899
K42W,0.907
K42F,0.9079999999999999
N43K,0.9085
N43N,1.0005
N43T,0.77
N43R,0.862166667
N43S,0.91
N43I,0.6436666670000001
N43M,0.8079999999999999
N43Q,0.6625
N43H,0.9915
N43P,0.386
N43L,0.845
N43E,0.6355
N43D,0.591
N43A,0.90825
N43G,0.847
N43V,0.78775
N43Y,0.992
N43C,0.9435
N43W,0.899
N43F,0.9675
Y44K,1.0215
Y44N,1.0045
Y44T,0.8715
Y44R,0.927
Y44S,0.967833333
Y44I,0.948666667
Y44M,0.9079999999999999
Y44Q,1.0515
Y44H,0.961
Y44P,0.76675
Y44L,0.9208333329999999
Y44E,0.728
Y44D,0.62
Y44A,0.7525
Y44G,0.812
Y44V,0.768
Y44Y,1.0825
Y44C,0.8785
Y44W,0.965
Y44F,1.12
I45K,0.74
I45N,0.8495
I45T,0.7505
I45R,0.7175
I45S,0.783333333
I45I,1.003333333
I45M,0.608
I45Q,0.78
I45H,0.758
I45P,0.7715
I45L,0.768833333
I45E,0.7565
I45D,0.685
I45A,0.66975
I45G,0.7065
I45V,0.80525
I45Y,0.8075
I45C,0.7165
I45W,0.713
I45F,0.79
R46K,0.893
R46N,0.742
R46T,0.72725
R46R,0.922333333
R46S,0.756166667
R46I,0.724333333
R46M,0.732
R46Q,0.738
R46H,0.7875
R46P,0.47075
R46L,0.672166667
R46E,0.5285
R46D,0.4175
R46A,0.75725
R46G,0.77525
R46V,0.653
R46Y,0.7415
R46C,0.7645
R46W,0.178
R46F,0.6629999999999999
I47K,0.242
I47N,0.765
I47T,0.97275
I47R,0.194666667
I47S,0.926333333
I47I,0.970333333
I47M,0.892
I47Q,0.42
I47H,0.3835
I47P,0.83675
I47L,0.971833333
I47E,0.1275
I47D,0.0235
I47A,0.9345
I47G,0.75175
I47V,0.94975
I47Y,0.133
I47C,0.96
I47W,0.258
I47F,0.4765
L48K,0.9155
L48N,0.9345
L48T,0.90475
L48R,0.9301666670000001
L48S,0.9215
L48I,0.897
L48M,0.9590000000000001
L48Q,0.946
L48H,0.925
L48P,0.37275
L48L,0.9655
L48E,0.8665
L48D,0.8495
L48A,0.8909999999999999
L48G,0.89825
L48V,0.43825
L48Y,0.9005
L48C,0.9365
L48W,0.917
L48F,0.917
T49K,0.9440000000000001
T49N,0.91
T49T,0.95475
T49R,0.9301666670000001
T49S,0.9295
T49I,0.9259999999999999
T49M,0.9690000000000001
T49Q,0.9159999999999999
T49H,0.9229999999999999
T49P,0.937
T49L,0.917
T49E,0.9305
T49D,0.9025
T49A,0.93125
T49G,0.932
T49V,0.9159999999999999
T49Y,0.907
T49C,0.9229999999999999
T49W,0.9520000000000001
T49F,0.914
G50K,0.897
G50N,0.884
G50T,0.8995
G50R,0.9025
G50S,0.903
G50I,0.877
G50M,0.893
G50Q,0.8925
G50H,0.9015
G50P,0.8855
G50L,0.8775
G50E,0.902
G50D,0.9125
G50A,0.9209999999999999
G50G,0.94925
G50V,0.8895
G50Y,0.8909999999999999
G50C,0.89
G50W,0.882
G50F,0.8925
D51K,0.318
D51N,0.8435
D51T,0.6335
D51R,0.313166667
D51S,0.922333333
D51I,0.426
D51M,0.629
D51Q,0.6995
D51H,0.8115
D51P,0.02825
D51L,0.331666667
D51E,0.893
D51D,0.975
D51A,0.825
D51G,0.7240000000000001
D51V,0.61675
D51Y,0.525
D51C,0.8415
D51W,0.197
D51F,0.468
K52K,0.993
K52N,0.9735
K52T,0.97125
K52R,0.966333333
K52S,0.9645
K52I,0.966
K52M,0.9790000000000001
K52Q,0.9525
K52H,0.963
K52P,0.96625
K52L,0.957333333
K52E,0.9490000000000001
K52D,0.9420000000000001
K52A,0.951
K52G,0.972
K52V,0.95775
K52Y,0.9545
K52C,0.9615
K52W,0.97
K52F,0.955
V53K,0.024
V53N,0.188
V53T,0.9490000000000001
V53R,0.243166667
V53S,0.691666667
V53I,0.904
V53M,0.755
V53Q,0.1515
V53H,-0.006999999999999999
V53P,0.47475
V53L,0.9521666670000001
V53E,0.1835
V53D,0.058
V53A,0.95875
V53G,0.75125
V53V,0.94725
V53Y,0.165
V53C,0.9490000000000001
V53W,0.286
V53F,0.2105
T54K,0.934
T54N,0.94
T54T,0.98925
T54R,0.977833333
T54S,0.976833333
T54I,0.945
T54M,0.963
T54Q,0.9640000000000001
T54H,0.9705
T54P,0.27675
T54L,0.951833333
T54E,0.9465
T54D,0.9390000000000001
T54A,0.9935
T54G,0.8985
T54V,0.97075
T54Y,0.9420000000000001
T54C,0.9655
T54W,0.95
T54F,0.955
V55K,-0.0245
V55N,0.483
V55T,0.982
V55R,0.0015
V55S,0.855833333
V55I,0.9159999999999999
V55M,0.958
V55Q,0.3555
V55H,0.1605
V55P,0.09925
V55L,0.958
V55E,0.031
V55D,0.059
V55A,0.9915
V55G,0.40375
V55V,0.98925
V55Y,0.6015
V55C,0.978
V55W,0.042
V55F,0.895
E56K,0.9745
E56N,0.982
E56T,0.96975
E56R,0.963666667
E56S,0.963
E56I,0.947333333
E56M,0.958
E56Q,0.9915
E56H,0.987
E56P,0.10625
E56L,0.959833333
E56E,0.997
E56D,0.9790000000000001
E56A,0.987
E56G,0.96625
E56V,0.9795
E56Y,0.9715
E56C,0.9670000000000001
E56W,0.955
E56F,0.9395
L57K,0.914
L57N,0.8875
L57T,0.9435
L57R,0.950333333
L57S,0.908166667
L57I,0.938333333
L57M,0.968
L57Q,0.95
L57H,0.8955
L57P,0.9405
L57L,0.969333333
L57E,0.8235
L57D,0.269
L57A,0.9325
L57G,0.93825
L57V,0.9625
L57Y,0.9315
L57C,0.938
L57W,0.9570000000000001
L57F,0.887
T58K,0.9045
T58N,0.9520000000000001
T58T,0.97175
T58R,0.902666667
T58S,0.789666667
T58I,0.9420000000000001
T58M,0.848
T58Q,0.9690000000000001
T58H,0.9305
T58P,0.82475
T58L,0.842166667
T58E,0.909
T58D,0.8815
T58A,0.9095
T58G,0.863
T58V,0.951
T58Y,0.912
T58C,0.758
T58W,0.9159999999999999
T58F,0.8225
P59K,0.9309999999999999
P59N,0.943
P59T,0.965
P59R,0.9438333329999999
P59S,0.948333333
P59I,0.915666667
P59M,0.977
P59Q,0.971
P59H,0.9315
P59P,0.9875
P59L,0.957666667
P59E,0.9245
P59D,0.946
P59A,0.97425
P59G,0.9455
P59V,0.8995
P59Y,0.9395
P59C,0.9425
P59W,0.95
P59F,0.95
Y60K,0.905
Y60N,0.894
Y60T,0.92325
Y60R,0.884
Y60S,0.9215
Y60I,0.962666667
Y60M,0.95
Y60Q,0.9275
Y60H,0.9640000000000001
Y60P,0.84775
Y60L,0.9561666670000001
Y60E,0.9309999999999999
Y60D,0.905
Y60A,0.93825
Y60G,0.883
Y60V,0.96225
Y60Y,0.992
Y60C,0.9535
Y60W,0.9359999999999999
Y60F,0.9420000000000001
D61K,0.482
D61N,0.9745
D61T,0.96575
D61R,0.637166667
D61S,0.962166667
D61I,0.755
D61M,0.9
D61Q,0.826
D61H,0.9255
D61P,0.74425
D61L,0.8190000000000001
D61E,0.8745
D61D,0.9890000000000001
D61A,0.96225
D61G,0.9535
D61V,0.794
D61Y,0.9435
D61C,0.9535
D61W,0.9079999999999999
D61F,0.934
L62K,0.9535
L62N,0.941
L62T,0.9735
L62R,0.956666667
L62S,0.954333333
L62I,0.972666667
L62M,0.963
L62Q,0.9740000000000001
L62H,0.9665
L62P,0.975
L62L,0.980166667
L62E,0.9585
L62D,0.9665
L62A,0.95125
L62G,0.94525
L62V,0.9695
L62Y,0.9590000000000001
L62C,0.9620000000000001
L62W,0.948
L62F,0.9665
S63K,0.8105
S63N,0.8445
S63T,0.789
S63R,0.836333333
S63S,0.838166667
S63I,0.805333333
S63M,0.794
S63Q,0.794
S63H,0.835
S63P,0.65125
S63L,0.793666667
S63E,0.7805
S63D,0.7875
S63A,0.75
S63G,0.84875
S63V,0.78575
S63Y,0.8355
S63C,0.833
S63W,0.84
S63F,0.831
K64K,0.97
K64N,0.8475
K64T,0.83025
K64R,0.829833333
K64S,0.688
K64I,0.833666667
K64M,0.843
K64Q,0.8615
K64H,0.7675
K64P,0.35175
K64L,0.796666667
K64E,0.5475
K64D,0.3255
K64A,0.76625
K64G,0.691
K64V,0.8190000000000001
K64Y,0.7075
K64C,0.6705
K64W,0.773
K64F,0.7255
G65K,-0.115
G65N,0.092
G65T,0.68675
G65R,0.001333333
G65S,0.905333333
G65I,0.176
G65M,0.634
G65Q,0.0705
G65H,0.0435
G65P,0.34525
G65L,0.144333333
G65E,-0.0085
G65D,0.0695
G65A,0.935
G65G,0.9670000000000001
G65V,0.93425
G65Y,0.124
G65C,0.9165
G65W,0.174
G65F,0.1675
R66K,0.8809999999999999
R66N,0.327
R66T,0.77725
R66R,0.961666667
R66S,0.353
R66I,0.888
R66M,0.784
R66Q,0.1825
R66H,0.2165
R66P,0.3595
R66L,0.907666667
R66E,0.003
R66D,0.035
R66A,0.3795
R66G,0.16175
R66V,0.81475
R66Y,0.6795
R66C,0.7655
R66W,0.502
R66F,0.7095
I67K,0.144
I67N,0.1245
I67T,0.95725
I67R,0.081833333
I67S,0.356166667
I67I,0.9993333329999999
I67M,0.985
I67Q,0.1055
I67H,0.039
I67P,-0.00875
I67L,0.9595
I67E,-0.0445
I67D,-0.0265
I67A,0.98075
I67G,0.2655
I67V,0.96925
I67Y,0.111
I67C,0.9585
I67W,-0.099
I67F,0.5385
V68K,0.9765
V68N,0.948
V68T,0.9565
V68R,0.9840000000000001
V68S,0.9561666670000001
V68I,0.977
V68M,0.9640000000000001
V68Q,0.9520000000000001
V68H,0.9415
V68P,0.70975
V68L,0.9823333329999999
V68E,0.938
V68D,0.866
V68A,0.92825
V68G,0.9359999999999999
V68V,0.98775
V68Y,0.95
V68C,0.9665
V68W,0.976
V68F,0.9935
F69K,0.934
F69N,0.7879999999999999
F69T,0.86475
F69R,0.9329999999999999
F69S,0.82
F69I,0.9440000000000001
F69M,0.8370000000000001
F69Q,0.8515
F69H,0.9235
F69P,0.15425
F69L,0.909833333
F69E,0.7675
F69D,0.4165
F69A,0.82425
F69G,0.75275
F69V,0.9259999999999999
F69Y,0.9935
F69C,0.807
F69W,0.879
F69F,0.998
R70K,0.6205
R70N,0.755
R70T,0.56675
R70R,0.986166667
R70S,0.549666667
R70I,0.474333333
R70M,0.516
R70Q,0.2975
R70H,0.1375
R70P,0.10975
R70L,0.6303333329999999
R70E,0.149
R70D,0.2985
R70A,0.65275
R70G,0.51225
R70V,0.64025
R70Y,0.3735
R70C,0.598
R70W,0.254
R70F,0.2945
S71K,0.9895
S71N,0.9865
S71T,0.98925
S71R,0.9955
S71S,0.989166667
S71I,0.9783333329999999
S71M,0.998
S71Q,0.971
S71H,0.993
S71P,0.95425
S71L,0.988833333
S71E,0.9590000000000001
S71D,0.985
S71A,0.98075
S71G,0.99575
S71V,0.99075
S71Y,0.9665
S71C,1.0
S71W,1.012
S71F,0.975
R72K,0.9179999999999999
R72N,0.8909999999999999
R72T,0.9109999999999999
R72R,0.966333333
R72S,0.923333333
R72I,0.836
R72M,0.9009999999999999
R72Q,0.925
R72H,0.925
R72P,0.9095
R72L,0.884
R72E,0.8435
R72D,0.8535
R72A,0.95325
R72G,0.96375
R72V,0.90475
R72Y,0.8625
R72C,0.95
R72W,0.924
R72F,0.875
